record_name,window_idx,mean_rr,sdnn,rmssd,pnn50,lf_hf_ratio,rr_ms_min,rr_ms_max,rr_ms_25%,rr_ms_50%,rr_ms_75%
infant7,0,326.04,2.3031478015790405,2.1759351731039738,0.0,12.23675297951438,320.0,330.0,324.0,326.0,328.0
infant7,1,323.2,2.2497165354319457,1.5649215928719031,0.0,5.890454014142309,320.0,328.0,322.0,322.0,324.0
infant7,2,323.6,3.7471077281725718,1.9166296949998198,0.0,3.0942080797204676,320.0,340.0,322.0,322.0,324.0
infant7,3,332.84,8.58180324516797,2.080031396937291,0.0,8.429578523720773,322.0,346.0,324.0,334.0,341.5
infant7,4,339.88,4.452195055961332,2.080031396937291,0.0,1.3097153731144857,330.0,346.0,336.0,342.0,344.0
infant7,5,338.44,5.5884720996139245,2.4907993963089563,0.0,12.997550661391385,330.0,350.0,334.0,337.0,342.0
infant7,6,338.76,5.964384088153648,2.3211538298959886,0.0,14.69855205939219,330.0,350.0,334.0,336.0,342.0
infant7,7,339.04,4.886299046041588,2.0603150145508513,0.0,58.455268911364065,332.0,350.0,334.0,340.0,342.0
infant7,8,340.4,4.060762972443398,1.8952141659173714,0.0,1.7687152323118245,332.0,346.0,338.5,340.0,344.0
infant7,9,353.12,13.408252104200455,3.1036515689143473,0.0,4.69562741959214,338.0,378.0,342.0,346.0,368.0
infant7,10,352.8,13.903457212110215,3.487587318781058,0.0,49.431797210409755,338.0,378.0,340.0,348.0,368.0
infant7,11,342.16,5.977372298245839,2.6802375770419595,0.0,2.405790535287869,332.0,354.0,338.0,340.0,346.0
infant7,12,349.44,18.281428069078686,4.453844933748542,0.0,4.462302382845603,332.0,406.0,338.0,343.0,352.0
infant7,13,370.4,22.241714806889785,5.576920370269467,0.0,0.762796388447966,338.0,406.0,346.5,375.0,384.0
infant7,14,368.92,17.948725155115547,3.958973274443148,0.0,6.2934171590638615,344.0,404.0,352.5,371.0,380.0
infant7,15,350.32,9.564901825882767,2.4411439272335804,0.0,4.975709484010218,334.0,370.0,344.0,348.0,358.0
infant7,16,345.68,7.421535129167643,2.710523708715754,0.0,5.41610639674787,334.0,362.0,340.0,345.0,350.0
infant7,17,341.28,5.123136794215522,2.6649654437396615,0.0,23.05649849300242,332.0,352.0,338.0,340.0,344.0
infant7,18,338.88,5.745059989740254,2.4907993963089563,0.0,4.6278053789584455,328.0,352.0,336.0,338.0,343.5
infant7,19,338.48,5.63603565985735,2.2677868380553634,0.0,8.473622837505127,328.0,352.0,336.0,338.0,342.0
infant7,20,338.56,2.619861345450891,2.3035022137995855,0.0,1.130311942165738,334.0,344.0,336.0,338.0,340.0
infant7,21,344.24,8.047207653615517,3.0371845179241856,0.0,1.118411741682895,336.0,372.0,340.0,342.0,346.0
infant7,22,375.8,62.056261503870296,49.193495504995376,8.16326530612245,0.6393411249998544,338.0,694.0,346.0,363.0,371.5
infant7,23,372.48,63.47046235719994,49.184367850124154,8.16326530612245,1.3531269714910958,334.0,694.0,340.0,360.0,370.0
infant7,24,338.08,6.413760716663215,2.813959371941744,0.0,24.912040338818965,330.0,360.0,334.0,336.0,340.0
infant7,25,334.4,3.979539507766891,5.692816812906079,0.0,8.227322671343527,324.0,354.0,332.0,334.0,336.0
infant7,26,343.68,18.224719700540398,6.388765649999399,0.0,14.539855399686454,324.0,386.0,332.0,336.0,344.5
infant7,27,350.88,16.874857520184598,4.444671196029727,0.0,15.3418562115252,330.0,386.0,338.5,346.0,364.0
infant7,28,359.72,13.297291422830195,3.6811710647786073,0.0,11.687404703588804,338.0,378.0,346.0,364.0,372.0
infant7,29,378.72,11.419710850908938,4.370588154508101,0.0,1.3836438813200782,362.0,406.0,372.0,376.0,386.0
infant7,30,393.64,12.186911681247658,5.291502622129181,0.0,1.8637607607313327,372.0,428.0,387.0,394.0,397.5
infant7,31,399.24,9.423288563285048,5.103020314140501,0.0,0.7616325993815745,380.0,428.0,394.0,396.0,404.0
infant7,32,396.08,20.39191516463406,5.383269623261935,0.0,8.270983781405254,360.0,430.0,380.5,399.0,409.5
infant7,33,392.84,24.32799680556187,5.3375833406484015,0.0,32.88554029493169,360.0,436.0,372.0,385.0,414.0
infant7,34,392.36,15.106100943469354,4.130523512800274,0.0,9.59469217544974,368.0,436.0,384.0,392.0,399.5
infant7,35,399.28,8.654455028292347,3.0371845179241856,0.0,4.168603167201006,384.0,418.0,394.0,400.0,403.5
infant7,36,405.52,6.201513969201721,3.1943828249996997,0.0,1.43288789694239,392.0,418.0,402.0,404.0,409.5
infant7,37,405.44,4.866210024238576,3.077237032648288,0.0,0.7201975708290856,392.0,418.0,402.0,406.0,408.0
infant7,38,402.04,7.0507200384942585,2.770102775666474,0.0,2.2290584899056234,390.0,414.0,394.5,402.0,408.0
infant7,39,405.32,10.793875814647897,3.5685702847990846,0.0,13.10534157324361,390.0,428.0,394.5,404.0,414.0
infant7,40,404.92,9.841270865335327,3.636549160387959,0.0,7.852958219100713,392.0,428.0,398.0,402.0,411.5
infant7,41,406.56,19.84034232752725,5.276052946462682,0.0,11.470881544422992,386.0,452.0,394.0,400.0,404.0
infant7,42,398.76,26.251188505650248,5.799366608624125,0.0,13.202042262645795,370.0,452.0,376.0,391.0,412.0
infant7,43,396.76,29.44629147503388,8.076168014344326,0.0,4.280649272098347,370.0,470.0,376.0,383.0,407.5
infant7,44,396.16,29.479401317544024,7.98467920713264,0.0,5.040716403128908,360.0,470.0,378.0,388.0,401.5
infant7,45,367.8,16.68067438562313,3.142857142857143,0.0,45.04517402532108,348.0,400.0,356.0,360.0,381.5
infant7,46,383.72,37.307350044554745,7.3844845618971915,0.0,7.455705447224406,348.0,464.0,356.0,360.0,413.5
infant7,47,400.52,28.286608932460588,8.050858744917354,0.0,4.064407377656149,360.0,464.0,380.0,397.0,415.5
infant7,48,380.84,16.552156281011257,5.1981158281886435,0.0,1.1617199453176845,356.0,416.0,366.0,380.0,394.0
infant7,49,371.44,12.142285700839704,5.103020314140501,0.0,10.847067045581042,356.0,396.0,362.0,368.0,379.5
infant7,50,372.4,15.820420799893862,4.481253468959463,0.0,11.031469497660108,352.0,408.0,358.0,369.0,382.0
infant7,51,398.04,26.791683144481343,3.7252585172586565,0.0,29.066066622570837,352.0,430.0,379.0,409.0,420.0
infant7,52,420.6,4.503966505838413,3.282607226593159,0.0,2.625076392876026,410.0,430.0,418.0,420.0,424.0
infant7,53,415.64,6.948087389155878,2.9692299558323607,0.0,1.7303446895352113,402.0,428.0,410.0,418.0,420.0
infant7,54,411.44,4.965842510262956,2.770102775666474,0.0,9.68378387653696,402.0,424.0,408.0,412.0,414.0
infant7,55,411.96,3.510683403439233,3.1558174334820746,0.0,1.8188321308531155,406.0,418.0,410.0,412.0,414.0
infant7,56,411.28,9.920171163763625,4.361239292135356,0.0,9.7548792778628,394.0,438.0,406.0,410.0,415.5
infant7,57,418.28,12.930015704648197,4.342481186734475,0.0,42.82574354151902,394.0,442.0,406.0,421.0,429.5
infant7,58,418.76,8.712084031003448,3.510915922127002,0.0,20.601983974694512,406.0,442.0,412.0,418.0,424.0
infant7,59,402.52,16.105823512643127,3.2576440717118227,0.0,16.71022798143409,366.0,422.0,397.0,409.0,412.0
infant7,60,391.84,16.92644350700756,3.3073819722257785,0.0,34.079517273111755,366.0,416.0,378.0,393.0,408.0
infant7,61,400.44,15.313272887616554,3.510915922127002,0.0,22.315926063294494,366.0,416.0,387.5,406.0,413.5
infant7,62,410.68,4.03272329113431,3.3073819722257785,0.0,0.850546264926394,400.0,420.0,408.0,411.0,414.0
infant7,63,411.52,3.581357626512548,3.614031611621005,0.0,2.3212139144681165,404.0,420.0,410.0,411.0,414.0
infant7,64,412.28,7.273210559081504,3.1558174334820746,0.0,7.342225316231172,398.0,426.0,408.0,413.0,418.0
infant7,65,403.36,11.948460749641113,2.770102775666474,0.0,5.09298510413656,388.0,426.0,394.0,400.0,417.0
infant7,66,397.4,6.366365701473484,3.0371845179241856,0.0,2.4067715053192993,388.0,412.0,392.0,397.0,402.0
infant7,67,397.52,5.736528140089685,3.077237032648288,0.0,16.883663389313007,388.0,412.0,394.0,396.0,402.0
infant7,68,406.88,24.721006518046675,7.634508123364221,0.0,2.9243138654329406,382.0,468.0,392.0,394.0,417.5
infant7,69,498.28,134.27295380101305,43.57025759550631,10.204081632653061,11.451216596835371,382.0,844.0,419.5,456.0,486.0
infant7,70,511.0,125.46940435250113,43.41823185187136,10.204081632653061,11.204031410904621,430.0,844.0,444.5,456.0,486.0
infant7,71,447.4,18.879856450509273,9.777107789867813,0.0,5.090366239725951,422.0,506.0,432.5,446.0,457.5
infant7,72,440.6,20.623940912820473,8.369039151929606,0.0,9.145164187233085,416.0,506.0,426.0,434.0,445.5
infant7,73,425.2,9.847821679779479,4.65985898008574,0.0,7.55186229705548,410.0,448.0,418.0,424.0,432.0
infant7,74,422.08,7.53722733625352,3.938299643454349,0.0,5.038270624169487,410.0,436.0,414.5,422.0,428.0
infant7,75,417.96,11.714216027667288,3.5225222874108435,0.0,68.80844788354281,394.0,436.0,408.0,422.0,426.0
infant7,76,413.32,9.333809511662428,3.319700011034929,0.0,10.61981070139046,394.0,430.0,408.0,414.0,421.0
infant7,77,416.08,4.831191174365314,3.142857142857143,0.0,1.442231088675876,408.0,430.0,414.0,416.0,418.0
infant7,78,416.08,4.570714229901993,3.487587318781058,0.0,5.072533345828094,408.0,424.0,412.0,416.0,418.0
infant7,79,410.4,7.30669248716824,3.510915922127002,0.0,22.884261793348223,396.0,424.0,404.5,410.0,416.0
infant7,80,415.2,13.260344440996906,5.118992247762548,0.0,22.102561746127567,396.0,448.0,404.5,412.0,424.0
infant7,81,418.16,13.08583905118313,5.405967979549858,0.0,60.10186743825077,396.0,448.0,408.5,416.0,427.5
infant7,82,398.16,18.977279648493955,4.0,0.0,14.147347331328161,364.0,432.0,384.0,402.0,410.0
infant7,83,372.72,17.754608484812596,3.1036515689143473,0.0,68.38744784000346,352.0,414.0,358.0,369.0,383.0
infant7,84,361.72,7.483423858973993,2.249716535431946,0.0,28.59649057401372,352.0,374.0,356.0,359.0,368.0
infant7,85,361.84,5.3884229641720145,2.0,0.0,4.882840982587956,354.0,374.0,358.0,362.0,364.0
infant7,86,374.88,22.595502532448297,7.131419413913534,0.0,2.386461669389948,356.0,444.0,362.0,364.0,378.0
infant7,87,375.76,23.28751964955846,12.551932935136454,2.0408163265306123,6.669679967069051,336.0,444.0,362.0,370.0,379.5
infant7,88,368.6,10.77601266608349,10.590715995914652,2.0408163265306123,1.6204728650951834,336.0,400.0,362.0,369.0,375.5
infant7,89,365.48,11.526792215335115,2.9965967090575756,0.0,40.93862564241518,346.0,388.0,356.0,368.0,373.5
infant7,90,369.8,19.4715910275164,4.3518703462079475,0.0,23.019098677718738,346.0,410.0,356.0,363.0,378.0
infant7,91,384.4,23.432055490071626,6.207303137828695,0.0,11.472242751450558,352.0,424.0,360.5,382.0,407.5
infant7,92,404.08,28.278382888268386,5.642405045180428,0.0,5.694977865915668,352.0,436.0,393.0,414.0,424.0
infant7,93,417.12,10.207320302366439,3.801181341614306,0.0,35.00355664587736,400.0,436.0,408.5,416.0,425.5
infant7,94,409.4,7.774894185250158,3.7142857142857144,0.0,2.53606816265038,394.0,426.0,402.5,409.0,416.0
infant7,95,409.04,7.518575635839326,3.6922422809485957,0.0,18.548644533681905,394.0,426.0,404.0,408.0,415.5
infant7,96,411.2,5.569596768462266,3.7252585172586565,0.0,7.116500430552018,402.0,426.0,408.0,412.0,414.0
infant7,97,408.92,5.317817566772049,3.142857142857143,0.0,28.415513444509468,398.0,418.0,404.0,410.0,414.0
infant7,98,405.44,4.589962429262447,2.813959371941744,0.0,17.591939266079855,396.0,414.0,402.0,406.0,408.0
infant7,99,411.12,9.054573768126746,3.475864303027554,0.0,19.133473249001977,396.0,428.0,406.0,409.0,419.5
infant7,100,411.52,8.45212206176288,3.625307868699863,0.0,50.54836319839198,398.0,428.0,404.0,409.0,419.5
infant7,101,405.08,4.767406345729943,3.05059378629466,0.0,3.367147015569505,396.0,414.0,402.0,406.0,408.0
infant7,102,404.16,5.156173236905407,2.8855728395320224,0.0,5.1292325579026645,396.0,414.0,400.0,404.0,408.0
infant7,103,400.8,4.763809143009447,2.2131333406899527,0.0,12.05257419158415,392.0,412.0,398.0,400.0,404.0
infant7,104,402.08,13.803046099780044,3.3926691677251193,0.0,12.40335678195336,388.0,442.0,394.0,398.0,400.0
infant7,105,410.12,15.93051237373726,4.417035666782945,0.0,108.80439317435258,388.0,442.0,397.0,405.0,419.5
infant7,106,414.32,10.453863654463953,4.257046978786097,0.0,71.7662853893661,400.0,440.0,404.5,414.0,420.0
infant7,107,419.64,9.686430651974451,3.9692697112713726,0.0,105.35986155889056,400.0,434.0,416.0,420.0,428.0
infant7,108,423.56,6.131750757078992,3.6922422809485957,0.0,6.235286946120636,404.0,434.0,422.0,424.0,428.0
infant7,109,416.88,7.319640896734132,3.2576440717118227,0.0,42.269056398868464,400.0,428.0,412.0,418.0,422.0
infant7,110,414.2,7.4532556918546184,3.3073819722257785,0.0,15.923944391404323,400.0,428.0,410.0,414.0,418.0
infant7,111,411.36,8.865802218614615,3.282607226593159,0.0,12.674279859745031,398.0,428.0,404.0,411.0,417.5
infant7,112,409.36,6.968617700309095,2.9416086117105715,0.0,43.33220659897108,398.0,428.0,404.5,408.0,413.5
infant7,113,418.56,7.814586048028445,2.9692299558323607,0.0,79.68487139558826,404.0,430.0,412.0,420.0,426.0
infant7,114,402.4,24.088273038123422,3.2071349029490928,0.0,117.01432251226053,362.0,430.0,378.0,412.0,426.0
infant7,115,372.24,17.14114277142,4.0,0.0,36.7396591185895,348.0,412.0,358.5,369.0,383.0
infant7,116,372.2,15.893780069510186,4.677344441069971,0.0,2.2305851663942837,348.0,404.0,358.5,373.0,383.0
infant7,117,368.64,15.356657799648664,3.7252585172586565,0.0,4.055291083607942,348.0,400.0,356.0,366.0,379.5
infant7,118,371.56,25.234540630182405,5.229430062206608,0.0,6.600007435159268,348.0,450.0,354.0,364.0,385.5
infant7,119,403.92,28.63410268778636,7.406560798180411,0.0,2.5958299084893257,348.0,458.0,386.0,406.0,423.5
infant7,120,423.04,13.274127051508577,6.452337023220694,0.0,4.492428363396306,394.0,458.0,414.0,424.0,430.0
infant7,121,420.8,7.666518779999279,4.848732213850612,0.0,7.772727526314607,408.0,438.0,414.0,420.0,426.0
infant7,122,415.16,5.88446588702069,4.499433070863892,0.0,10.774165622964045,402.0,428.0,412.0,415.0,420.0
infant7,123,410.8,7.045044574821687,3.7252585172586565,0.0,3.8580108459928675,398.0,426.0,406.0,410.0,415.5
infant7,124,413.36,9.709578691547176,4.090806018078958,0.0,5.778287484997613,398.0,430.0,404.0,410.0,424.0
infant7,125,417.84,7.338353260195953,3.5799897388976194,0.0,28.984750441065966,404.0,430.0,414.0,418.0,424.0
infant7,126,415.12,3.662496082048472,2.649605284427344,0.0,3.275589202468319,408.0,426.0,414.0,415.0,416.0
infant7,127,410.6,4.2233558568841385,2.5714285714285716,0.0,9.367094299618742,400.0,418.0,408.0,411.0,414.0
infant7,128,406.12,4.542946989228333,2.5714285714285716,0.0,22.048635565200517,398.0,414.0,404.0,406.0,410.0
infant7,129,411.08,7.981713794796254,3.010186786529354,0.0,11.645132208183021,398.0,424.0,404.5,411.0,418.0
infant7,130,413.2,5.910903104450629,2.770102775666474,0.0,7.830110807266277,402.0,424.0,410.0,412.0,418.0
infant7,131,417.28,11.152084091856407,3.557114170853924,0.0,39.99773680598153,402.0,442.0,410.0,413.0,424.0
infant7,132,424.0,7.2618657297936196,4.110712734268045,0.0,17.419709516510448,410.0,442.0,420.0,424.0,428.0
infant7,133,422.16,5.567251181174217,3.5913728828504383,0.0,12.94362524766148,412.0,434.0,418.0,423.0,426.0
infant7,134,418.32,9.357829854824073,3.499271061118826,0.0,17.831853144182762,402.0,434.0,412.0,420.0,425.5
infant7,135,418.52,9.256525552610032,3.428571428571429,0.0,63.81724590392021,402.0,434.0,414.0,418.0,424.0
infant7,136,416.96,8.771382038033849,3.219836477024184,0.0,48.24866664151094,400.0,434.0,412.5,417.0,420.0
infant7,137,413.28,6.697669408846937,2.7255405754769875,0.0,66.13747826996313,400.0,424.0,410.0,414.0,419.5
infant7,138,423.84,18.191004729294765,4.865538961693257,0.0,22.103523378100036,398.0,468.0,412.0,420.0,432.0
infant7,139,429.16,16.571871915251766,5.3375833406484015,0.0,9.523024824076009,398.0,468.0,418.5,427.0,436.0
infant7,140,423.08,6.15725886533073,3.475864303027554,0.0,1.5962864495760267,414.0,440.0,418.0,422.0,426.0
infant7,141,422.48,3.8663382454942337,3.3073819722257785,0.0,27.171123485665035,414.0,430.0,420.0,423.0,424.0
infant7,142,423.68,5.604080146260784,3.822596617217043,0.0,18.24574288135366,412.0,436.0,420.0,424.0,428.0
infant7,143,420.72,8.682706246044607,3.5456210417116734,0.0,42.173905477182146,406.0,436.0,414.0,420.0,427.5
infant7,144,418.0,8.22142546853609,2.8996833043120627,0.0,88.5615003775132,404.0,436.0,412.0,418.0,423.5
infant7,145,422.08,8.80593491890091,3.5913728828504383,0.0,144.23070243679305,404.0,440.0,418.0,423.0,428.0
infant7,146,424.12,7.638890826633438,3.7579846965616874,0.0,5.538573036648543,406.0,440.0,420.5,426.0,428.0
infant7,147,424.96,8.164032616999307,3.1036515689143473,0.0,121.43885458991437,408.0,438.0,420.5,424.0,431.5
infant7,148,430.44,7.637608344533634,3.989782869648269,0.0,19.081207781158177,412.0,444.0,425.0,433.0,436.0
infant7,149,423.96,10.337093895485406,3.843892584878203,0.0,18.794081479778324,406.0,444.0,414.5,422.0,433.5
infant7,150,401.64,17.832279834099527,2.799416848895061,0.0,18.96586036478813,368.0,428.0,386.5,408.0,414.0
infant7,151,380.12,13.464450548441572,2.5714285714285716,0.0,12.536359769350762,362.0,410.0,372.0,378.0,385.0
infant7,152,387.6,22.366155189463917,5.268311118453078,0.0,4.42043130873378,362.0,442.0,374.5,380.0,397.5
infant7,153,404.96,31.021361961706063,7.537660547584525,0.0,27.466970858159495,368.0,464.0,376.5,397.0,429.5
infant7,154,410.88,27.009174556140763,6.356741560367711,0.0,30.1580114307459,368.0,464.0,395.5,413.0,418.0
infant7,155,410.88,6.66590471836237,3.822596617217043,0.0,7.8017431669883175,396.0,424.0,408.0,412.0,416.0
infant7,156,410.76,6.6134062976005685,3.510915922127002,0.0,54.40567454412705,396.0,422.0,408.0,412.0,415.5
infant7,157,417.24,6.650333734145242,3.2071349029490928,0.0,4.896317480671198,406.0,434.0,412.0,416.0,422.0
infant7,158,413.4,11.40175425099138,3.625307868699863,0.0,26.066262007489787,392.0,434.0,406.0,416.0,422.0
infant7,159,410.0,9.764575708934322,4.130523512800274,0.0,24.137665785666744,392.0,426.0,404.0,412.0,418.0
infant7,160,408.76,8.814551975603312,4.010191099319486,0.0,51.128201245800305,396.0,426.0,400.0,409.0,414.0
infant7,161,405.56,6.655241911302638,3.3073819722257785,0.0,6.484020955956002,396.0,422.0,400.0,404.0,410.0
infant7,162,410.4,14.944796377853738,3.6811710647786073,0.0,44.417624626034204,392.0,450.0,402.0,406.0,414.0
infant7,163,417.64,16.446276174259022,4.140393356054125,0.0,240.23711596870965,392.0,450.0,404.5,415.0,430.0
infant7,164,418.28,10.077333628555945,4.160062793874582,0.0,29.309699685801306,402.0,446.0,410.0,415.0,426.0
infant7,165,406.76,23.40029652698915,6.369570517030843,0.0,18.572144786354446,374.0,484.0,387.0,410.0,417.5
infant7,166,421.88,34.41264599070569,9.57462633149488,0.0,3.3017400011564346,374.0,484.0,387.0,425.0,453.0
infant7,167,436.2,17.962546067428466,8.211490207542807,0.0,29.05910625056024,408.0,480.0,424.0,433.0,447.5
infant7,168,419.16,11.328778596556468,3.499271061118826,0.0,48.442025217866906,404.0,446.0,410.0,415.0,427.5
infant7,169,412.92,4.124788182564095,3.1943828249996997,0.0,0.8754369872942258,404.0,422.0,410.0,412.0,415.5
infant7,170,412.48,4.97438335835894,3.077237032648288,0.0,19.287168357644283,404.0,424.0,408.5,412.0,415.5
infant7,171,408.04,5.635021684763521,3.1815796359028696,0.0,4.535387139091208,392.0,424.0,404.0,408.0,411.5
infant7,172,412.76,20.117572783362252,4.481253468959463,0.0,115.20361245873747,382.0,452.0,402.0,406.0,426.5
infant7,173,421.52,18.98037654730672,4.3799170619302545,0.0,19.569104671966315,382.0,452.0,418.0,422.0,436.0
infant7,174,421.6,7.056622305844838,3.295017884191656,0.0,2.4103786822995863,408.0,438.0,418.0,422.0,426.0
infant7,175,419.48,6.27024069453055,2.649605284427344,0.0,27.522975125722798,408.0,434.0,416.0,420.0,423.5
infant7,176,416.36,5.652378946523494,3.0371845179241856,0.0,11.638426574493849,404.0,430.0,412.5,416.0,420.0
infant7,177,408.28,10.71340948798014,4.444671196029727,0.0,19.691207587568876,390.0,432.0,400.0,408.0,415.5
infant7,178,400.44,12.696070418898623,4.314191105869,0.0,2.7638485213077577,376.0,432.0,392.0,400.0,409.5
infant7,179,384.76,17.194636088154983,9.310954706743042,0.0,19.14018783553065,348.0,416.0,370.0,380.0,399.5
infant7,180,366.64,8.537456486876295,9.16515138991168,0.0,11.100203586080871,348.0,398.0,360.0,368.0,371.5
infant7,181,386.6,29.933940875309595,5.142857142857143,0.0,23.176964695750367,354.0,440.0,360.5,375.0,408.5
infant7,182,405.56,18.927530968708744,6.477590885002648,0.0,2.2686269205488614,376.0,440.0,392.5,404.0,419.5
infant7,183,403.88,11.03915110607954,5.685642497752114,0.0,3.4145174421509097,378.0,424.0,398.0,405.0,411.5
infant7,184,406.16,11.916991813270284,4.4077853201547175,0.0,2.842678817506275,382.0,424.0,398.5,410.0,415.5
infant7,185,395.6,14.113244611689678,3.4166459266003995,0.0,3.9746756569940076,378.0,422.0,384.0,391.0,408.5
infant7,186,382.24,7.133021800050803,2.813959371941744,0.0,21.057103118015625,372.0,400.0,376.0,382.0,386.0
infant7,187,383.04,7.3316757557706485,2.5394841192330255,0.0,7.799164229107741,372.0,400.0,376.0,384.0,388.0
infant7,188,401.84,15.395944337416147,4.668609896676626,0.0,6.640098576703215,380.0,438.0,388.0,400.0,416.0
infant7,189,407.52,11.825672522619799,4.898979485566356,0.0,16.389591645248018,390.0,438.0,396.0,408.0,416.0
infant7,190,394.36,10.603734421111714,3.116774889895918,0.0,16.00512432079126,374.0,412.0,388.0,394.0,403.0
infant7,191,397.28,11.590002729305379,3.142857142857143,0.0,7.480573610878533,374.0,416.0,388.0,401.0,406.0
infant7,192,407.76,6.864757676654266,3.5799897388976194,0.0,3.145484883268141,394.0,420.0,404.0,406.0,414.0
infant7,193,396.56,15.633767744134841,3.1036515689143473,0.0,13.4733762910296,368.0,420.0,382.5,396.0,412.0
infant7,194,372.92,12.669809849901183,2.390457218668787,0.0,44.33508854973639,356.0,396.0,362.0,370.0,382.0
infant7,195,360.8,3.896623341995958,1.7612611437054218,0.0,1.748432209697143,356.0,370.0,358.0,360.0,363.5
infant7,196,390.68,38.74060254712471,6.10118757258932,0.0,21.547442622338835,356.0,452.0,358.5,364.0,431.5
infant7,197,412.04,26.10024630425654,7.586238884201002,0.0,34.46454371704016,360.0,452.0,392.5,412.0,431.5
infant7,198,408.44,13.007313484406865,5.993193418115151,0.0,2.30158838051325,380.0,436.0,404.5,411.0,416.0
infant7,199,406.6,10.933938924658545,5.1269595556932455,0.0,3.3684157382296824,390.0,436.0,398.0,406.0,412.0
infant7,200,399.76,4.942774565784209,3.7142857142857144,0.0,2.970447999679152,390.0,410.0,396.0,400.0,404.0
infant7,201,397.12,11.564618807520866,4.624689730353899,0.0,22.969084632731477,376.0,424.0,386.0,400.0,404.0
infant7,202,383.4,15.619192798396126,4.0203563655629395,0.0,8.326136179960992,364.0,424.0,370.5,380.0,391.5
infant7,203,391.08,24.244368165722573,5.518059404522276,0.0,28.648282607742832,364.0,454.0,370.5,386.0,402.0
infant7,204,394.28,21.445745498816308,5.620661592258858,0.0,7.5943316232106,370.0,454.0,380.0,386.0,402.0
infant7,205,422.8,61.776423744113295,27.43154745759647,8.16326530612245,4.480609886712197,370.0,676.0,382.0,391.0,445.5
infant7,206,428.56,58.72667926200882,27.486545873965916,8.16326530612245,6.144531347725485,374.0,676.0,386.5,414.0,445.5
infant7,207,389.24,11.449195676232154,3.3806170189140663,0.0,3.0291667423771176,374.0,424.0,380.0,388.0,391.5
infant7,208,395.72,12.642719934687266,4.389226141639205,0.0,3.198550285032565,380.0,428.0,388.0,393.0,399.5
infant7,209,386.44,22.03259181396543,4.589250972631146,0.0,18.4097511612095,352.0,428.0,364.5,392.0,399.5
infant7,210,356.72,14.539236147580176,2.6186146828319083,0.0,100.38510102938717,342.0,396.0,344.0,351.0,364.0
infant7,211,344.6,2.1092604371762,1.3997084244475304,0.0,0.9338190957309238,342.0,350.0,344.0,344.0,346.0
infant7,212,350.64,13.23224262541914,2.8284271247461903,0.0,18.938582201093816,338.0,390.0,342.0,346.0,353.0
infant7,213,372.76,21.612128114386447,6.033917737697965,0.0,47.13010808280905,338.0,410.0,354.5,372.0,390.0
infant7,214,402.0,24.5148851075573,7.735420783246219,0.0,2.7957127004734605,366.0,450.0,384.5,396.0,424.5
infant7,215,398.52,24.831875499372302,5.229430062206608,0.0,20.918639132615482,378.0,450.0,380.5,384.0,424.5
infant7,216,386.96,7.785281770424109,3.4166459266003995,0.0,2.289909014603119,378.0,406.0,380.0,384.0,391.5
infant7,217,388.4,11.219516523469634,4.4077853201547175,0.0,25.15948222426714,368.0,408.0,380.0,390.0,396.0
infant7,218,387.48,10.228491619800378,3.854496446637726,0.0,2.944452342560532,368.0,408.0,380.5,388.0,394.0
infant7,219,387.6,6.154474065296576,2.842821248876057,0.0,1.3730410453017003,374.0,398.0,384.0,388.0,392.0
infant7,220,386.8,5.360475154083919,3.1298431857438063,0.0,6.524010748086088,374.0,396.0,384.0,388.0,392.0
infant7,221,391.48,5.43323108288245,3.4166459266003995,0.0,7.463221260871914,384.0,408.0,388.0,392.0,394.0
infant7,222,393.12,5.954384424737037,3.1815796359028696,0.0,1.3148150375887693,380.0,408.0,388.5,393.0,397.5
infant7,223,433.8,74.40676949672508,13.702375780893485,0.0,76.8561607502191,378.0,676.0,390.0,398.0,456.5
infant7,224,559.56,187.71897798005813,56.757989638068594,16.3265306122449,7.860274677786369,378.0,1116.0,438.0,485.0,647.0
infant7,225,531.64,192.9663986822788,55.201301374780904,16.3265306122449,10.605207824064754,396.0,1116.0,421.0,435.0,522.5
infant7,226,429.24,29.173345396657083,10.698082986770888,0.0,20.323755599177115,396.0,516.0,412.0,423.0,434.0
infant7,227,424.08,29.97675289763243,9.267014137272488,0.0,64.11255462953568,396.0,516.0,404.5,413.0,432.0
infant7,228,417.24,17.374106936379054,5.678459118386226,0.0,4.1251195929731335,394.0,452.0,400.5,412.0,432.0
infant7,229,405.24,23.97920868126369,4.738035414793428,0.0,32.9478900734267,380.0,452.0,384.0,394.0,428.0
infant7,230,398.76,21.826364884735906,5.229430062206608,0.0,15.111328194657343,380.0,450.0,384.0,386.0,411.5
infant7,231,398.32,25.588135005529896,5.671266640365488,0.0,12.088192433774822,360.0,450.0,380.5,394.0,417.5
infant7,232,368.16,20.881942203829645,3.0237157840738176,0.0,78.19881557244537,348.0,420.0,352.0,361.0,379.0
infant7,233,397.04,84.73463017574579,41.93289099190247,10.204081632653061,1.3889497123163366,348.0,740.0,352.0,358.0,401.5
infant7,234,399.0,83.82415997740966,41.94262358829485,10.204081632653061,3.571048811826635,346.0,740.0,354.0,368.0,401.5
infant7,235,363.88,20.616656630313386,4.2185208743524,0.0,67.10566233974711,346.0,432.0,350.5,358.0,365.5
infant7,236,376.8,23.073971553794248,5.598833697790122,0.0,5.30758939734603,348.0,432.0,362.0,371.0,387.0
infant7,237,380.48,15.15934412452314,5.221619109284876,0.0,4.634214249097252,360.0,426.0,370.5,378.0,386.0
infant7,238,383.36,12.265365207504805,5.260557897006277,0.0,1.4245434407530269,360.0,410.0,374.5,382.0,393.5
infant7,239,385.76,9.334071885259062,4.499433070863892,0.0,0.6791463870326604,370.0,410.0,378.0,387.0,391.5
infant7,240,391.36,10.407532593937793,4.030495994190253,0.0,52.9054805555098,376.0,414.0,384.0,388.0,398.0
infant7,241,391.48,10.331722498979461,3.7252585172586565,0.0,38.13789409863303,378.0,414.0,382.5,388.0,398.0
infant7,242,382.76,4.7790358518711065,2.3733211036908783,0.0,4.703333503163659,376.0,394.0,380.0,381.0,387.5
infant7,243,382.48,5.679321603638151,2.857142857142857,0.0,1.4597953681138747,374.0,394.0,378.0,380.0,388.0
infant7,244,387.44,12.578180005266976,4.481253468959463,0.0,5.578063493857686,374.0,418.0,378.0,383.0,392.0
infant7,245,388.0,12.873006086935783,4.314191105869,0.0,5.191080487120805,372.0,418.0,378.0,382.0,397.5
infant7,246,379.04,8.854746219527971,2.710523708715754,0.0,1.180926093670273,366.0,400.0,372.0,378.0,382.0
infant7,247,370.88,4.783645608332879,2.3386722205349857,0.0,5.371090683990596,366.0,382.0,368.0,370.0,372.0
infant7,248,377.56,11.851392753768716,3.05059378629466,0.0,6.374663261880719,366.0,402.0,368.0,372.0,387.5
infant7,249,393.84,12.947870363066487,4.490352470143346,0.0,6.003300458890554,370.0,424.0,384.0,395.0,400.0
infant7,250,396.16,10.027228237277189,3.865071216705338,0.0,6.076760742940694,382.0,424.0,390.5,394.0,398.0
infant7,251,390.32,5.471409921639233,2.857142857142857,0.0,4.283804879103451,380.0,400.0,386.0,392.0,394.0
infant7,252,387.4,7.151423434733615,3.116774889895918,0.0,1.3916850042029063,368.0,400.0,384.0,389.0,392.0
infant7,253,384.4,8.925999629607604,3.4522988495984492,0.0,4.291036228178769,364.0,398.0,376.5,386.0,392.0
infant7,254,370.08,16.14202273444018,3.116774889895918,0.0,53.072097870627914,344.0,398.0,356.5,369.0,384.0
infant7,255,348.64,10.897968355877818,1.7142857142857144,0.0,61.97445699566324,336.0,374.0,340.0,346.0,355.5
infant7,256,344.56,5.127596405525613,1.6659862556700857,0.0,16.82766202523897,336.0,352.0,340.0,346.0,348.0
infant7,257,347.88,2.2645448251924982,1.6413036132965795,0.0,12.040042297563943,342.0,352.0,346.0,348.0,350.0
infant7,258,345.28,3.350540620404354,1.5907898179514348,0.0,2.859525359037725,336.0,352.0,344.0,346.0,348.0
infant7,259,342.2,4.005098791107481,1.9378085666072196,0.0,14.274401496888723,332.0,348.0,340.0,343.0,346.0
infant7,260,349.08,9.816354533457448,2.7847983842311326,0.0,5.6579077288045205,332.0,370.0,342.0,346.0,358.0
infant7,261,372.6,16.938062438888146,4.110712734268045,0.0,3.760622416864033,346.0,408.0,358.0,373.0,384.0
infant7,262,387.6,9.476070829586856,4.120630029101703,0.0,0.5887164344740875,372.0,408.0,380.0,386.0,396.0
infant7,263,379.68,11.580137815964656,3.7579846965616874,0.0,2.432828938032265,364.0,402.0,370.0,378.0,387.5
infant7,264,378.52,9.474433912333955,4.47213595499958,0.0,0.7682507364802912,364.0,400.0,370.0,379.0,387.5
infant7,265,395.4,16.15359945987903,4.940461847368738,0.0,8.697236295829265,372.0,428.0,386.0,390.0,405.5
infant7,266,389.24,21.997736432716557,4.898979485566356,0.0,37.55267592376973,360.0,428.0,368.5,389.0,405.5
infant7,267,379.28,12.686229075783919,4.686062704816207,0.0,1.3072809214355832,360.0,404.0,368.5,380.0,391.0
infant7,268,384.76,7.24937717240282,4.490352470143346,0.0,1.7377362221973007,372.0,404.0,380.0,384.0,388.0
infant7,269,384.44,6.0916805093973405,3.487587318781058,0.0,0.9122396910827528,374.0,398.0,380.0,384.0,388.0
infant7,270,386.56,8.162032559981863,3.0904725218262765,0.0,18.073658850669048,374.0,400.0,378.5,384.0,394.0
infant7,271,386.56,10.069472961098098,3.0371845179241856,0.0,33.88067623160567,374.0,404.0,376.0,384.0,396.0
infant7,272,390.44,10.039025889812542,2.9554515522253144,0.0,6.119476626291672,374.0,408.0,378.5,394.0,398.0
infant7,273,395.28,5.107177822058133,2.813959371941744,0.0,2.642115617017448,386.0,408.0,392.0,394.0,400.0
infant7,274,405.92,20.86676881590263,7.4669339116411315,0.0,3.7795632195270743,386.0,474.0,392.0,398.0,410.5
infant7,275,455.72,65.38552545308104,20.53767071425937,2.0408163265306123,11.877146021236555,390.0,664.0,413.5,432.0,481.5
infant7,276,457.84,65.66686487763172,22.12395506583536,4.081632653061225,10.516282944059975,382.0,664.0,420.5,431.0,485.5
infant7,277,391.04,38.17519228664669,9.868523450954596,2.0408163265306123,30.619020949787217,352.0,532.0,358.0,380.0,421.5
infant7,278,436.36,113.46540603790629,30.894157693516046,14.285714285714285,50.07012711702627,352.0,778.0,358.0,374.0,471.5
infant7,279,452.12,104.23005168121807,31.22923800098954,14.285714285714285,23.04536205083732,360.0,778.0,382.0,411.0,471.5
infant7,280,394.36,16.51067681773197,5.436085025840128,0.0,14.11596456576649,364.0,424.0,384.5,399.0,407.5
infant7,281,391.92,10.141529088105893,4.5175395145262565,0.0,13.495331620228546,366.0,412.0,386.5,390.0,399.5
infant7,282,385.8,4.629100498862757,3.3441999744913216,0.0,0.9849560177966347,376.0,396.0,382.0,386.0,390.0
infant7,283,379.4,6.197431989566817,3.1298431857438063,0.0,9.57108970159172,368.0,394.0,376.0,378.0,384.0
infant7,284,379.6,6.688399948982643,2.390457218668787,0.0,2.4009091963523197,368.0,394.0,376.0,378.0,383.5
infant7,285,391.04,16.99574976881225,4.69476477861571,0.0,3.1682541296014923,376.0,434.0,380.0,384.0,391.5
infant7,286,389.52,21.31803873507608,5.428571428571429,0.0,10.776716491606386,358.0,434.0,376.0,385.0,403.0
infant7,287,376.88,14.47395972787273,3.7142857142857144,0.0,44.44903796542762,358.0,412.0,366.0,374.0,387.0
infant7,288,383.88,15.593876349126177,3.1036515689143473,0.0,28.334141496113414,360.0,414.0,372.0,380.0,395.5
infant7,289,399.56,11.593735113308005,4.16986271980755,0.0,2.7774264036168357,378.0,424.0,394.0,400.0,407.5
infant7,290,401.4,9.374302695155952,3.938299643454349,0.0,3.1798780671246525,386.0,424.0,394.0,399.0,408.0
infant7,291,399.92,7.655436910177908,3.0237157840738176,0.0,4.022515464619216,386.0,414.0,394.0,400.0,406.0
infant7,292,384.36,18.145399147003673,2.8996833043120627,0.0,43.68015325865916,352.0,408.0,368.5,384.0,403.5
infant7,293,356.96,13.261821834399184,2.6186146828319083,0.0,47.51301295425344,340.0,382.0,344.5,352.0,367.5
infant7,294,343.48,3.5642212991602746,2.2131333406899527,0.0,1.9933653210486357,340.0,352.0,340.0,342.0,345.5
infant7,295,346.4,6.246631745450127,1.7842851423995423,0.0,13.823893999244016,340.0,356.0,340.0,344.0,352.0
infant7,296,344.52,8.464186256196863,1.8735538640862859,0.0,144.97646000007617,330.0,356.0,338.0,344.0,352.0
infant7,297,335.72,5.314746523800067,1.8952141659173714,0.0,49.92899781435593,326.0,346.0,332.0,336.0,340.0
infant7,298,342.08,11.696571972948625,2.2314999074019015,0.0,3.009429356980359,326.0,364.0,332.5,340.0,345.0
infant7,299,361.72,15.8307889112015,4.333071682315172,0.0,1.2826596279248248,338.0,396.0,347.5,362.0,374.5
infant7,300,370.12,10.532050210317697,4.624689730353899,0.0,0.7191518355134678,354.0,396.0,360.5,369.0,380.0
infant7,301,366.04,10.32128769058574,2.9692299558323607,0.0,65.09662123584948,352.0,384.0,356.0,365.0,376.0
infant7,302,374.0,12.538919004280967,2.634155559226539,0.0,12.976530975140063,352.0,390.0,364.0,378.0,384.0
infant7,303,378.4,7.687785169756405,3.1036515689143473,0.0,1.1135083325428823,362.0,390.0,372.5,380.0,384.0
infant7,304,378.48,7.467589836030343,3.428571428571429,0.0,2.1080911252151315,362.0,390.0,374.0,380.0,384.0
infant7,305,385.08,5.630963958510196,3.232488142567074,0.0,0.7345352035889166,376.0,400.0,382.0,384.0,386.0
infant7,306,380.88,11.967029536119954,2.9965967090575756,0.0,18.94283461861075,360.0,400.0,370.5,384.0,388.0
infant7,307,378.92,12.682689472067743,3.116774889895918,0.0,25.352680604976292,360.0,402.0,368.5,378.0,388.0
infant7,308,379.16,11.07370483512678,3.614031611621005,0.0,15.259817898819753,360.0,402.0,370.5,378.0,386.0
infant7,309,362.8,14.796579858541774,3.2071349029490928,0.0,83.31961722169275,340.0,396.0,352.0,360.0,373.5
infant7,310,345.56,11.967916293497515,18.52742038499826,8.16326530612245,4.549756847263265,306.0,372.0,340.0,344.0,352.0
infant7,311,343.28,10.619658321111034,18.523013815692266,8.16326530612245,0.42270231010643855,306.0,372.0,340.5,344.0,346.0
infant7,312,342.32,4.938148045821325,2.0,0.0,46.435464595887204,332.0,350.0,338.5,344.0,346.0
infant7,313,335.12,4.934840733116367,2.080031396937291,0.0,6.7226973506312,326.0,346.0,332.0,334.0,338.0
infant7,314,332.04,2.842534080710379,2.138089935299395,0.0,7.542929725808485,326.0,344.0,330.0,332.0,333.5
infant7,315,353.04,22.202187794385104,3.282607226593159,0.0,21.12618104088298,328.0,392.0,332.0,345.0,376.0
infant7,316,373.0,9.118270512704541,4.120630029101703,0.0,1.8208296816872263,346.0,392.0,368.0,376.0,378.0
infant7,317,377.04,8.053291886184285,3.6811710647786073,0.0,3.2417920938452505,362.0,394.0,372.5,377.0,382.0
infant7,318,385.44,10.887476422805372,5.1981158281886435,0.0,1.6739981238110728,368.0,420.0,378.0,383.0,392.0
infant7,319,382.44,12.963307715964145,5.413512948998976,0.0,4.535923270927444,360.0,420.0,374.5,382.0,391.0
infant7,320,380.2,8.35195198985341,3.8119040183218096,0.0,5.017397036677572,360.0,394.0,378.0,382.0,386.0
infant7,321,380.04,6.483763079683694,2.9277002188455996,0.0,3.598319581107604,368.0,394.0,376.0,380.0,384.0
infant7,322,376.48,10.369185117452577,3.5225222874108435,0.0,18.86292205529739,364.0,410.0,368.5,376.0,379.5
infant7,323,383.24,13.296554717179138,4.490352470143346,0.0,4.290341139532004,364.0,414.0,376.0,382.0,389.5
infant7,324,384.24,8.55846638941671,3.534090536243709,0.0,3.9312274606136905,374.0,414.0,378.0,382.0,384.0
infant7,325,382.4,10.42759290908266,2.8996833043120627,0.0,4.117277387843859,370.0,414.0,376.0,380.0,384.0
infant7,326,388.24,14.611373819663884,4.712120714991612,0.0,11.6541364045741,370.0,424.0,376.5,384.0,399.0
infant7,327,402.52,16.810152423157735,5.174505793221381,0.0,6.042454333213771,372.0,434.0,388.0,404.0,415.5
infant7,328,403.0,15.509049366253818,4.686062704816207,0.0,6.363843036297107,380.0,434.0,388.5,401.0,415.5
infant7,329,403.52,15.626037924710467,5.006118705124352,0.0,3.3740067750164493,380.0,434.0,388.5,405.0,417.5
infant7,330,395.76,21.013659308911915,4.389226141639205,0.0,112.08062631867158,366.0,434.0,376.0,396.0,414.0
infant7,331,384.0,11.924935288405262,3.6922422809485957,0.0,9.420404736416312,366.0,410.0,372.5,384.0,393.5
infant7,332,383.24,11.534438231059301,3.475864303027554,0.0,22.771078992466176,368.0,410.0,374.0,381.0,390.0
infant7,333,385.48,15.316044675104466,4.417035666782945,0.0,1.5180628297314143,368.0,424.0,372.5,381.0,394.0
infant7,334,405.48,20.003305849232998,5.495824017620384,0.0,6.424525328524729,370.0,442.0,390.5,402.0,419.5
infant7,335,405.8,17.07247456448836,4.444671196029727,0.0,3.973737353283696,386.0,442.0,394.0,399.0,417.5
infant7,336,392.76,7.6759895991676945,8.614179103817905,0.0,0.511293934484892,356.0,404.0,390.0,394.0,397.5
infant7,337,374.4,17.332286729260687,9.156240205121179,0.0,25.666780238353194,346.0,404.0,358.0,377.0,390.0
infant7,338,352.52,12.214477859808627,10.462761956343174,0.0,1.4197903182201974,312.0,378.0,346.0,348.0,361.5
infant7,339,343.72,8.21158961965542,10.419761445034554,0.0,1.2827024527706168,312.0,374.0,340.5,344.0,346.0
infant7,340,336.96,6.144385192007016,1.8294640678379568,0.0,12.220560219088568,328.0,348.0,332.0,335.0,342.0
infant7,341,348.08,29.749868804375442,6.761234037828133,0.0,8.61113015171278,326.0,434.0,330.0,332.0,354.0
infant7,342,366.36,25.290766242699277,7.3345700874248205,0.0,3.0683160152138185,326.0,434.0,357.5,368.0,379.0
infant7,343,366.88,5.88543688666685,3.5913728828504383,0.0,1.5495176750434878,358.0,386.0,362.0,366.0,368.0
infant7,344,372.88,8.872429205127533,3.3073819722257785,0.0,32.91262205264055,358.0,390.0,364.5,376.0,380.0
infant7,345,375.08,7.139542087871588,3.428571428571429,0.0,4.661504311997608,362.0,390.0,367.0,376.0,380.0
infant7,346,382.92,15.081871805013368,4.508495382302715,0.0,5.097797501305987,362.0,408.0,367.0,380.0,398.0
infant7,347,382.4,15.306394555404426,4.3799170619302545,0.0,36.19363218810981,362.0,408.0,368.0,375.0,398.0
infant7,348,374.6,6.907552802135189,3.077237032648288,0.0,4.995292235945787,362.0,386.0,368.0,375.0,380.0
infant7,349,370.32,13.281012993083356,3.7904283318347427,0.0,44.33507159708665,348.0,386.0,358.0,378.0,381.5
infant7,350,364.28,11.584718998996665,3.6922422809485957,0.0,20.54137668848884,348.0,386.0,354.0,364.0,374.0
infant7,351,363.0,9.874725519305974,3.2576440717118227,0.0,4.149867874418841,348.0,382.0,354.5,362.0,369.5
infant7,352,349.52,9.342114430942084,3.1036515689143473,0.0,74.1058899956194,336.0,366.0,340.5,348.0,357.5
infant7,353,338.16,4.367598695776312,2.1570955529345,0.0,11.293669736929921,332.0,350.0,334.0,338.0,340.0
infant7,354,332.4,3.232488142567074,1.8735538640862859,0.0,23.01277598136083,324.0,338.0,330.0,333.0,334.0
infant7,355,330.36,2.2016691256352554,2.1759351731039738,0.0,3.9180119098046746,324.0,334.0,330.0,330.0,332.0
infant7,356,332.8,5.142857142857143,7.323431781700741,0.0,1.2048110175725433,312.0,352.0,330.0,332.0,336.0
infant7,357,336.4,5.221619109284876,7.278708115918284,0.0,2.571136730677966,312.0,352.0,334.0,338.0,338.0
infant7,358,335.92,3.102599305256738,1.6659862556700857,0.0,21.842871790791207,332.0,342.0,334.0,336.0,338.0
infant7,359,348.52,16.377236566375302,3.0237157840738176,0.0,6.675172569587306,332.0,378.0,334.0,337.0,366.0
infant7,360,364.68,7.862180203418159,3.2071349029490928,0.0,1.3878010758313755,338.0,378.0,362.5,366.0,368.0
infant7,361,375.44,15.758586904430544,4.27617987059879,0.0,18.014245828552518,356.0,412.0,364.0,369.0,391.5
infant7,362,385.84,14.071769393987063,4.589250972631146,0.0,3.4548201084091117,356.0,412.0,376.0,388.0,396.0
infant7,363,384.4,7.613092911128129,2.9137254363387344,0.0,3.3186774776507977,370.0,402.0,380.0,384.0,387.5
infant7,364,377.2,9.450191662023558,3.3319725113401715,0.0,16.14616773456818,358.0,390.0,372.0,380.0,384.0
infant7,365,379.4,11.408911661772231,3.948649988881501,0.0,6.709713477726455,358.0,398.0,372.0,383.0,388.0
infant7,366,379.48,9.611302869910139,3.295017884191656,0.0,2.1756197158091886,360.0,398.0,374.0,380.0,387.5
infant7,367,381.48,18.436033926492314,7.390009803644322,0.0,8.925979694899146,360.0,462.0,372.0,378.0,384.0
infant7,368,496.44,144.86209628048155,71.02916905851326,24.489795918367346,6.012912152060936,364.0,1028.0,385.0,458.0,541.5
infant7,369,506.32,137.69197211048098,70.88305977640431,24.489795918367346,18.279056627677196,390.0,1028.0,400.5,463.0,541.5
infant7,370,403.84,19.182645217774855,7.634508123364221,0.0,2.063345812901716,382.0,482.0,392.0,400.0,407.5
infant7,371,394.2,12.708666495019557,5.649634266652911,0.0,0.7836170751117556,376.0,432.0,382.5,392.0,402.0
infant7,372,391.72,9.714369747535697,4.130523512800274,0.0,7.933379324842066,376.0,414.0,384.0,392.0,399.5
infant7,373,390.72,11.923292244979306,4.140393356054125,0.0,5.482901934636034,368.0,416.0,382.5,391.0,400.0
infant7,374,388.88,11.550492524174908,3.801181341614306,0.0,14.495886591588388,368.0,416.0,380.5,388.0,396.0
infant7,375,393.04,7.320533046276934,3.356382892705923,0.0,0.4636827212521339,378.0,410.0,388.0,392.0,397.5
infant7,376,394.32,7.563176095600394,3.142857142857143,0.0,1.1676803526259802,380.0,410.0,390.0,394.0,399.5
infant7,377,402.72,24.82842347481809,10.52499454651078,0.0,2.643283405871866,380.0,496.0,388.0,395.0,403.5
infant7,378,389.92,32.95255711486081,10.548237109699846,0.0,5.665641043494292,352.0,496.0,366.0,386.0,401.5
infant7,379,357.2,11.117186547624982,2.5872528966106905,0.0,161.16706044352418,346.0,386.0,348.0,353.0,365.5
infant7,380,349.16,2.713232878516185,2.1759351731039738,0.0,5.095252707756242,344.0,356.0,348.0,348.0,350.0
infant7,381,355.64,6.829587491651487,2.3035022137995855,0.0,10.973971584415889,344.0,378.0,350.0,356.0,360.0
infant7,382,381.88,22.872887434511558,5.451081150953975,0.0,6.123421356750557,356.0,420.0,360.0,378.0,404.0
infant7,383,392.64,14.82656193375626,5.959043889889774,0.0,9.936828789529015,372.0,420.0,380.0,390.0,404.0
infant7,384,385.52,9.76089657976235,4.257046978786097,0.0,3.363574416525319,372.0,406.0,378.0,384.0,393.5
infant7,385,393.12,8.93660210274896,3.6811710647786073,0.0,0.4351111896232531,372.0,408.0,390.0,396.0,399.5
infant7,386,386.52,12.76353223453605,2.813959371941744,0.0,38.68196654823427,366.0,408.0,374.0,390.0,398.0
infant7,387,381.48,10.795388282190935,3.282607226593159,0.0,6.467095375909144,366.0,414.0,374.0,380.0,385.5
infant7,388,395.68,11.452546281352921,3.779644730092272,0.0,7.965602292496597,376.0,414.0,384.0,399.0,404.0
infant7,389,394.64,13.158003694500538,3.7579846965616874,0.0,1.112426491987988,366.0,414.0,389.0,398.0,404.0
infant7,390,370.44,18.25126218727273,3.0639443699324596,0.0,53.71468294693139,348.0,406.0,354.0,366.0,387.5
infant7,391,348.96,7.174103086939915,1.8294640678379568,0.0,17.79057119902052,340.0,366.0,342.0,347.0,353.5
infant7,392,348.88,11.022500179364101,2.842821248876057,0.0,4.536365669777661,338.0,374.0,342.0,344.0,354.5
infant7,393,349.4,11.444631572782702,3.010186786529354,0.0,13.868539975616399,336.0,374.0,340.0,345.0,356.0
infant7,394,340.04,5.917666390580334,2.138089935299395,0.0,5.112205462242881,332.0,356.0,336.0,339.0,342.0
infant7,395,335.16,3.4068358651753243,2.1570955529345,0.0,21.490073693848448,330.0,340.0,332.0,336.0,338.0
infant7,396,333.0,3.7525501533039134,2.1189138534559038,0.0,29.904902884241693,328.0,340.0,330.0,332.0,336.0
infant7,397,329.12,3.7722942729369158,2.080031396937291,0.0,7.212694768364924,324.0,338.0,326.0,328.0,331.5
infant7,398,326.12,2.228205098096599,2.695423180587601,0.0,2.1740151071250184,322.0,332.0,324.0,326.0,328.0
infant7,399,327.24,2.5837798604654654,2.602981022612657,0.0,5.832371658166477,322.0,332.0,326.0,328.0,329.5
infant7,400,327.4,2.294625486315573,1.7142857142857144,0.0,44.102805097749304,324.0,332.0,326.0,328.0,330.0
infant7,401,329.56,6.860594369443571,2.523360247522242,0.0,3.0985647920963904,324.0,354.0,326.0,328.0,330.0
infant7,402,348.2,18.17937831495806,3.7252585172586565,0.0,21.15059260318423,326.0,396.0,328.5,352.0,361.5
infant7,403,374.48,14.655555469597491,3.938299643454349,0.0,3.2517530340455973,352.0,398.0,362.0,376.0,389.5
infant7,404,376.08,13.767515745257688,3.822596617217043,0.0,25.739927630805553,352.0,398.0,364.5,379.0,388.0
infant7,405,382.16,18.91696139900456,4.20883424647321,0.0,2.581732409254545,352.0,412.0,364.5,382.0,399.5
infant7,406,387.48,14.651377312145677,5.260557897006277,0.0,10.308816826419193,358.0,412.0,378.5,388.0,399.5
infant7,407,376.2,8.845614617378699,4.898979485566356,0.0,5.297977213634551,358.0,392.0,370.0,376.0,382.0
infant7,408,373.64,5.1060588260118855,3.3926691677251193,0.0,15.824091097043237,366.0,386.0,370.0,372.0,378.0
infant7,409,374.84,7.262877374367685,2.799416848895061,0.0,12.442410365080475,362.0,388.0,368.0,374.0,381.5
infant7,410,381.32,8.539081822265608,3.0904725218262765,0.0,2.905260954000137,362.0,400.0,374.5,382.0,388.0
infant7,411,382.16,10.96070904901425,3.5225222874108435,0.0,5.058134717516837,358.0,400.0,374.0,385.0,390.0
infant7,412,378.56,14.961392492215504,4.228185310556784,0.0,21.428295694042156,356.0,408.0,364.0,379.0,391.5
infant7,413,385.4,16.22922533893842,4.544563920167676,0.0,6.435907115949887,356.0,410.0,376.5,385.0,400.0
infant7,414,394.8,17.58942168185301,4.580348440537542,0.0,7.511886689019659,372.0,434.0,378.5,392.0,405.5
infant7,415,398.68,16.687328689023605,3.7579846965616874,0.0,6.796042259849906,374.0,434.0,382.0,396.0,410.0
infant7,416,392.76,10.643691242482848,2.649605284427344,0.0,9.986042550496943,376.0,418.0,386.0,390.0,398.0
infant7,417,390.2,13.366116160818361,3.865071216705338,0.0,9.272676868717314,374.0,418.0,378.5,387.0,398.0
infant7,418,394.04,12.131860566966905,3.7579846965616874,0.0,7.26624171767506,374.0,418.0,388.5,392.0,403.0
infant7,419,390.52,7.031242233555802,3.295017884191656,0.0,1.3512187855439524,376.0,408.0,388.0,392.0,394.0
infant7,420,395.68,9.809283399735504,3.6477558099439156,0.0,1.9602515418732807,376.0,412.0,390.0,400.0,404.0
infant7,421,404.8,7.835033829029764,3.927922024247863,0.0,1.4405029080122809,398.0,430.0,400.0,402.0,405.5
infant7,422,411.68,12.043187590789191,4.840306956027833,0.0,1.5869532646204907,398.0,440.0,402.5,408.0,417.5
infant7,423,407.56,13.940339351123766,4.462999814803803,0.0,5.224489546373709,384.0,440.0,398.0,408.0,411.5
infant7,424,416.48,24.82447771610817,6.8452277432633934,0.0,11.781292460366021,384.0,478.0,398.0,408.0,438.5
infant7,425,413.04,27.027544528967226,6.509020428511153,0.0,54.14447208173354,384.0,478.0,388.5,400.0,438.5
infant7,426,407.36,31.765569860643595,5.699982098074287,0.0,21.6033265515254,378.0,480.0,386.5,395.0,411.5
infant7,427,415.4,29.624176557917924,6.583839212458807,0.0,46.32475327112122,378.0,480.0,396.0,408.0,427.0
infant7,428,411.28,13.43015188267939,5.006118705124352,0.0,9.893069467478007,394.0,442.0,398.5,409.0,420.0
infant7,429,410.36,14.065096472314371,4.266624149448022,0.0,33.36837220184127,388.0,438.0,398.0,409.0,421.5
infant7,430,403.68,10.852329760216918,3.319700011034929,0.0,6.15199886361237,388.0,430.0,396.0,403.0,408.0
infant7,431,385.6,17.663521732655695,3.0371845179241856,0.0,139.9332681380849,360.0,410.0,366.5,387.0,404.0
infant7,432,379.16,18.34405870563868,4.2185208743524,0.0,8.144420391106696,360.0,422.0,366.0,373.0,386.0
infant7,433,379.48,17.676503486555365,4.2378277069118075,0.0,7.319110871777657,362.0,422.0,366.0,372.0,384.0
infant7,434,446.92,129.24092989136093,37.096674585549074,16.3265306122449,6.3763684466329735,362.0,770.0,366.0,372.0,509.5
infant7,435,477.28,127.61917839367855,40.286727444200096,22.448979591836736,6.789050621833985,360.0,770.0,368.5,411.0,562.0
infant7,436,392.28,70.28456445052498,15.08073510902474,6.122448979591836,35.2922335048811,348.0,646.0,352.5,360.0,387.5
infant7,437,407.8,104.01746321200697,37.80940386211033,10.204081632653061,2.006804260320252,348.0,754.0,352.5,358.0,409.5
infant7,438,423.96,96.50842407980429,37.92581372810312,10.204081632653061,18.45643992810596,358.0,754.0,376.5,388.0,409.5
infant7,439,387.04,15.302340757317529,6.490180966628884,0.0,2.9107780415464988,368.0,442.0,376.5,386.0,391.5
infant7,440,384.96,17.660009013795744,6.477590885002648,0.0,1.3807543120463885,366.0,442.0,372.5,380.0,390.0
infant7,441,378.12,10.927665695427383,3.368521749300456,0.0,28.79889886257301,366.0,414.0,372.0,375.0,382.0
infant7,442,381.52,9.420429384901645,2.8284271247461903,0.0,5.074974821812755,366.0,402.0,374.0,382.0,386.0
infant7,443,386.96,6.51829450587392,3.0237157840738176,0.0,6.37556908700548,376.0,402.0,382.5,386.0,389.5
infant7,444,376.48,10.27427935801488,2.799416848895061,0.0,161.13818294621217,362.0,400.0,368.0,376.0,386.0
infant7,445,368.4,5.360475154083919,2.3035022137995855,0.0,7.820788283690319,358.0,378.0,364.0,368.0,372.0
infant7,446,361.24,9.888273822243873,2.4907993963089563,0.0,180.71596483225866,348.0,378.0,352.0,360.0,371.5
infant7,447,368.24,19.368141314002838,3.8332593899996397,0.0,6.075812004962199,348.0,414.0,352.0,365.0,378.0
infant7,448,385.16,23.5609154044124,7.6611929587382415,0.0,4.900835457775131,360.0,476.0,368.0,378.0,399.0
infant7,449,405.84,64.50545302056064,21.162153356732805,6.122448979591836,2.428171255569937,360.0,630.0,368.0,378.0,410.0
infant7,450,397.0,64.51609512836502,19.10230245765346,6.122448979591836,31.386272548869112,366.0,630.0,368.0,370.0,378.5
infant7,451,364.08,6.073831457278723,2.5714285714285716,0.0,26.42296671479803,354.0,372.0,358.5,366.0,370.0
infant7,452,372.24,17.19344915593003,4.435478484645721,0.0,4.550949039964369,354.0,408.0,358.0,363.0,387.5
infant7,453,385.64,11.390579709674524,5.1269595556932455,0.0,1.103761362407769,358.0,408.0,378.5,386.0,392.0
infant7,454,386.2,5.602477586036451,3.4641016151377544,0.0,0.4141666461927993,370.0,398.0,382.5,387.0,390.0
infant7,455,387.84,8.445165263423245,3.8119040183218096,0.0,1.8696179166528886,370.0,404.0,382.5,388.0,394.0
infant7,456,386.64,9.95860821355175,3.801181341614306,0.0,12.067858021888677,370.0,404.0,378.0,388.0,396.0
infant7,457,386.16,8.683458353651028,3.010186786529354,0.0,7.233090467874888,374.0,406.0,380.0,384.0,390.0
infant7,458,390.12,10.399450534935557,3.5799897388976194,0.0,4.4129781271846955,370.0,406.0,382.0,392.0,398.0
infant7,459,385.04,11.761160570249166,3.010186786529354,0.0,30.738554655824633,368.0,406.0,374.0,384.0,397.5
infant7,460,384.04,8.256005853502117,3.1687247161169765,0.0,19.79198486592294,368.0,396.0,378.5,386.0,390.0
infant7,461,384.28,7.295623513379757,3.440455593940656,0.0,13.571936488717137,372.0,396.0,378.0,386.0,390.0
infant7,462,371.52,7.872037829675156,2.5714285714285716,0.0,9.512044004816426,360.0,390.0,364.0,371.0,377.5
infant7,463,356.4,9.714285714285714,2.1946130708196026,0.0,54.20076189984296,340.0,370.0,346.5,360.0,364.0
infant7,464,344.8,7.171371656006362,2.3035022137995855,0.0,20.76299093994177,336.0,362.0,340.0,342.0,348.0
infant7,465,347.2,10.173996465579917,2.3386722205349857,0.0,10.646548899608362,336.0,368.0,340.0,342.0,352.0
infant7,466,353.2,8.750510189207745,2.5872528966106905,0.0,5.024087455740917,342.0,368.0,346.0,352.0,360.0
infant7,467,345.52,9.893803461701447,2.695423180587601,0.0,30.634221709266065,332.0,368.0,336.5,344.0,352.0
infant7,468,333.52,4.807477169440732,2.2131333406899527,0.0,23.45143015820838,324.0,344.0,330.0,334.0,336.0
infant7,469,327.52,3.823877719844939,1.8516401995451028,0.0,14.280316284351365,320.0,334.0,324.0,328.0,330.0
infant7,470,325.28,3.044164708998218,1.979486637221574,0.0,6.038750342018139,320.0,334.0,324.0,326.0,326.0
infant7,471,324.76,4.157903710441852,2.2314999074019015,0.0,10.551244513477135,320.0,342.0,322.0,324.0,326.0
infant7,472,339.52,16.564333456470347,3.2576440717118227,0.0,2.8235745813760404,320.0,368.0,322.0,344.0,353.5
infant7,473,352.6,5.996597674804387,3.0371845179241856,0.0,1.0938692334599585,346.0,368.0,348.0,352.0,354.0
infant7,474,351.2,3.475864303027554,2.5714285714285716,0.0,2.947048128251203,346.0,358.0,348.0,352.0,354.0
infant7,475,353.76,4.492896888309323,2.9554515522253144,0.0,2.9168717160662343,346.0,372.0,350.5,354.0,356.0
infant7,476,378.36,31.012018736651907,6.7793202958312415,0.0,10.902075189114695,350.0,460.0,356.0,369.0,391.0
infant7,477,382.6,28.873404187725342,7.108488745499845,0.0,6.2047950571438,348.0,460.0,362.0,373.0,391.5
infant7,478,358.52,9.937026204852154,3.0904725218262765,0.0,14.999387179287021,348.0,390.0,352.0,356.0,362.0
infant7,479,365.64,15.584869690353722,2.8996833043120627,0.0,23.13320382860125,348.0,398.0,352.5,358.0,380.0
infant7,480,377.32,11.44719910488757,3.077237032648288,0.0,34.36926708140888,354.0,398.0,368.0,380.0,386.0
infant7,481,372.88,8.62989583024131,2.3733211036908783,0.0,10.216893409253181,364.0,394.0,368.0,370.0,373.5
infant7,482,369.48,3.4001200458999405,2.424366106925306,0.0,2.8447091925525747,360.0,376.0,368.0,370.0,372.0
infant7,483,377.76,17.236127222571,4.110712734268045,0.0,12.530832798122963,358.0,416.0,366.5,372.0,393.0
infant7,484,385.32,15.256233252714267,4.060762972443398,0.0,8.179398155250183,358.0,416.0,380.0,383.0,397.0
infant7,485,382.12,4.804929441602187,2.356060357495806,0.0,2.622656030208198,376.0,398.0,380.0,380.0,382.0
infant7,486,377.96,3.8648600048569497,2.2857142857142856,0.0,9.705517151790922,370.0,384.0,376.0,378.0,381.5
infant7,487,376.44,4.785863537118288,2.1946130708196026,0.0,15.981068679352882,366.0,384.0,372.0,378.0,380.0
infant7,488,369.84,9.060702319942546,2.3386722205349857,0.0,5.706015564581967,350.0,384.0,366.0,369.0,378.0
infant7,489,357.92,10.427279763452505,2.857142857142857,0.0,35.95159391054053,342.0,374.0,348.0,358.0,368.0
infant7,490,363.16,13.365138935885037,2.634155559226539,0.0,3.5396408048726666,342.0,380.0,348.0,370.0,374.0
infant7,491,370.56,6.2209652115459795,1.8735538640862859,0.0,10.291831799076391,356.0,380.0,368.0,370.0,374.0
infant7,492,371.28,10.527010933008166,2.3211538298959886,0.0,87.50268244897495,356.0,390.0,362.0,370.0,377.5
infant7,493,379.88,10.217312238928352,2.2857142857142856,0.0,32.87745337360216,358.0,390.0,377.5,382.0,386.0
infant7,494,382.76,3.2043338000340755,1.7842851423995423,0.0,5.605586491546662,376.0,390.0,380.0,382.0,384.0
infant7,495,377.96,3.3682794008883796,1.8294640678379568,0.0,8.455183977623616,372.0,384.0,376.0,378.0,380.0
infant7,496,377.8,3.362457798839948,2.1570955529345,0.0,18.638918758221685,372.0,384.0,376.0,377.0,380.0
infant7,497,380.4,2.2857142857142856,2.0995626366712954,0.0,3.6908053094630993,376.0,384.0,378.0,380.0,382.0
infant7,498,380.0,2.0203050891044216,1.9166296949998198,0.0,7.920337648568023,376.0,384.0,378.0,380.0,382.0
infant7,499,375.28,7.168639184329341,2.0995626366712954,0.0,13.44970336657751,358.0,384.0,370.5,378.0,380.0
infant7,500,359.68,13.17610700921814,2.249716535431946,0.0,139.29184323151748,340.0,384.0,348.0,358.0,370.0
infant7,501,342.84,6.822412045783293,1.8294640678379568,0.0,27.697268140990122,334.0,358.0,336.0,341.0,348.0
infant7,502,348.96,16.85104005752785,5.735674257109923,0.0,2.159876056729198,334.0,402.0,336.0,341.0,355.0
infant7,503,354.88,16.70957198489439,6.9810238416403525,0.0,20.913130870295895,338.0,402.0,344.0,348.0,359.5
infant7,504,357.36,19.518447579619835,5.038626311013828,0.0,3.9472294764579785,338.0,408.0,344.0,348.0,365.0
infant7,505,355.72,18.861514644743604,3.979539507766891,0.0,38.12074124877125,336.0,408.0,344.0,348.0,363.5
infant7,506,359.36,15.858764395855854,3.822596617217043,0.0,3.382124062803967,336.0,384.0,344.0,364.0,374.0
infant7,507,372.4,5.142857142857143,3.0237157840738176,0.0,0.7942631824574785,362.0,384.0,368.5,372.0,376.0
infant7,508,375.08,4.575177034603053,2.5394841192330255,0.0,8.266592145431758,366.0,382.0,370.0,376.0,378.0
infant7,509,379.92,3.1025993052567378,2.75532878885513,0.0,3.896593241367113,374.0,388.0,378.0,380.0,382.0
infant7,510,382.08,2.8559997713370975,2.457807219155036,0.0,0.32855619212346426,376.0,388.0,380.0,382.0,384.0
infant7,511,378.36,5.89278354932401,2.5555062599997598,0.0,15.77526991786325,368.0,388.0,372.0,380.0,384.0
infant7,512,375.08,4.485077297811816,2.4907993963089563,0.0,16.819472014717025,368.0,384.0,370.0,376.0,378.0
infant7,513,375.8,2.892636675902369,2.1759351731039738,0.0,0.7397071922842045,370.0,382.0,374.0,376.0,378.0
infant7,514,376.08,2.2842852675779066,2.0,0.0,3.587165105170551,372.0,382.0,374.0,376.0,378.0
infant7,515,369.76,8.117906636766977,1.8735538640862859,0.0,6.241902678745371,354.0,382.0,364.0,372.0,377.5
infant7,516,370.36,12.058970748376664,3.1036515689143473,0.0,6.984321330517354,354.0,404.0,362.0,368.0,376.0
infant7,517,370.76,14.801489169426604,3.499271061118826,0.0,4.850131937993411,348.0,404.0,358.5,372.0,379.5
infant7,518,369.88,15.088365567887204,3.404678653660853,0.0,111.00162738877063,348.0,394.0,356.0,370.0,384.0
infant7,519,379.2,11.219516523469634,3.1815796359028696,0.0,4.644044218188446,350.0,396.0,376.0,380.0,388.0
infant7,520,381.2,6.311634866964149,2.3386722205349857,0.0,5.725426286762259,370.0,396.0,376.5,380.0,384.0
infant7,521,377.88,6.71774986623543,2.457807219155036,0.0,14.535263239416489,364.0,388.0,372.0,379.0,384.0
infant7,522,374.52,6.661617135286511,2.407471363764674,0.0,25.670612364775263,364.0,386.0,368.5,374.0,380.0
infant7,523,378.04,7.499551006968513,2.1189138534559038,0.0,60.16349534138998,364.0,390.0,372.0,378.0,384.0
infant7,524,382.6,4.261838254336085,1.8952141659173714,0.0,7.434277247999718,374.0,390.0,380.0,384.0,386.0
infant7,525,378.0,5.699982098074287,2.1570955529345,0.0,22.509367133256866,366.0,386.0,374.0,379.0,384.0
infant7,526,383.4,11.43749651499891,2.7255405754769875,0.0,225.88091483044118,366.0,404.0,374.0,381.0,394.5
infant7,527,386.4,8.599952539024233,2.799416848895061,0.0,14.982335069599653,374.0,404.0,380.0,384.0,394.5
infant7,528,378.48,4.491443111572248,2.356060357495806,0.0,3.3937570610332335,366.0,384.0,378.0,380.0,382.0
infant7,529,374.84,5.30059680890862,2.0203050891044216,0.0,24.893147145314835,366.0,384.0,370.0,374.0,380.0
infant7,530,379.84,10.72734442289176,2.2857142857142856,0.0,8.313634083091967,368.0,400.0,372.0,376.0,390.0
infant7,531,388.8,7.580856663669487,2.2857142857142856,0.0,22.32625313084991,374.0,400.0,386.0,390.0,394.0
infant7,532,389.16,2.713232878516185,2.523360247522242,0.0,0.267735232651433,384.0,396.0,388.0,388.0,391.5
infant7,533,387.96,2.267426843317314,2.6802375770419595,0.0,1.0276903557038937,384.0,392.0,386.0,388.0,390.0
infant7,534,380.76,9.637427042525406,2.1570955529345,0.0,20.328195326414605,360.0,392.0,374.0,386.0,388.0
infant7,535,376.36,14.088293012285057,4.160062793874582,0.0,104.73178009127363,358.0,418.0,366.0,374.0,386.0
infant7,536,388.4,18.110770276274835,4.973398624436917,0.0,0.8553411947036428,358.0,424.0,375.0,389.0,400.0
infant7,537,391.04,12.969288684411024,3.779644730092272,0.0,2.6527502208194753,372.0,424.0,382.5,388.0,397.5
infant7,538,389.44,9.32882301126515,2.7847983842311326,0.0,8.32794575649103,372.0,404.0,384.0,388.0,399.5
infant7,539,392.76,6.072890580275591,2.390457218668787,0.0,18.214404191031136,380.0,402.0,388.0,394.0,397.5
infant7,540,387.44,5.555508389822461,2.602981022612657,0.0,30.4910306126915,378.0,396.0,382.0,388.0,392.0
infant7,541,388.52,6.46257672752778,2.7255405754769875,0.0,6.435557189655038,378.0,398.0,382.0,388.0,394.0
infant7,542,389.48,6.309176989569582,2.7255405754769875,0.0,22.202293998847644,378.0,398.0,384.5,390.0,395.5
infant7,543,385.96,4.2664328167207595,2.407471363764674,0.0,5.6487914778696355,378.0,398.0,384.0,386.0,388.0
infant7,544,387.96,2.927421376974512,2.2857142857142856,0.0,1.5930846910553689,382.0,394.0,386.0,388.0,390.0
infant7,545,389.2,2.649605284427344,2.602981022612657,0.0,2.4823749957039656,384.0,396.0,388.0,388.0,392.0
infant7,546,387.12,2.6851063141647384,2.3733211036908783,0.0,3.5886230874480116,384.0,396.0,386.0,386.0,388.0
infant7,547,384.6,1.9483116709979795,2.0603150145508513,0.0,12.939486493914371,380.0,390.0,384.0,384.0,386.0
infant7,548,380.04,4.615678692881294,2.1946130708196026,0.0,13.42861541422301,370.0,386.0,376.0,382.0,384.0
infant7,549,373.28,8.444391932048205,2.602981022612657,0.0,19.427355251300188,358.0,394.0,368.0,374.0,378.0
infant7,550,461.64,126.1755757599994,29.130249373656735,8.16326530612245,24.717948502345752,358.0,768.0,368.0,391.0,511.5
infant7,551,471.72,120.77911023594999,29.47845979417403,8.16326530612245,24.4501205010356,362.0,768.0,378.5,431.0,511.5
infant7,552,375.08,28.198161758004943,4.789444175497203,0.0,39.47562215729822,348.0,460.0,354.5,366.0,381.5
infant7,553,383.8,28.064793836071992,5.841442371503106,0.0,3.501272670279082,348.0,442.0,354.5,387.0,402.0
infant7,554,396.24,17.20294232071351,5.94532915619566,0.0,10.446938769926724,376.0,442.0,386.0,391.0,402.0
infant7,555,385.24,4.460987352959578,3.3806170189140663,0.0,2.802057273124144,376.0,396.0,382.0,386.0,388.0
infant7,556,388.44,4.376001343133026,3.4166459266003995,0.0,3.4704383184445877,380.0,398.0,386.0,388.0,390.0
infant7,557,390.6,3.0304576336566322,2.799416848895061,0.0,2.0283548811401966,386.0,398.0,388.0,390.0,392.0
infant7,558,389.36,2.405436020554193,2.2857142857142856,0.0,1.5281016354979442,384.0,394.0,388.0,390.0,392.0
infant7,559,385.16,4.661435357466275,2.3211538298959886,0.0,3.572897252549739,374.0,394.0,382.0,385.0,388.0
infant7,560,375.72,7.273210559081504,2.2857142857142856,0.0,6.317077571640122,360.0,386.0,372.0,376.0,382.0
infant7,561,382.28,18.22315190372188,3.938299643454349,0.0,21.926657361207507,360.0,420.0,368.0,375.0,396.0
infant7,562,395.0,13.828394331805786,4.2378277069118075,0.0,3.3227679189874118,362.0,420.0,386.5,395.0,403.5
infant7,563,388.96,9.064305414815921,2.8284271247461903,0.0,6.725536341818207,376.0,410.0,380.5,388.0,394.0
infant7,564,385.72,5.206118848949547,2.390457218668787,0.0,35.60677581009691,376.0,392.0,380.0,388.0,390.0
infant7,565,389.96,2.842534080710379,1.8294640678379568,0.0,1.8248441120628065,380.0,394.0,390.0,390.0,392.0
infant7,566,390.52,1.6566501730656258,1.8952141659173714,0.0,1.429344156998517,386.0,394.0,390.0,390.0,392.0
infant7,567,389.56,1.728040060004279,2.2314999074019015,0.0,0.6802287991728053,386.0,394.0,388.0,390.0,390.0
infant7,568,388.56,2.0618992631621387,2.0995626366712954,0.0,0.8260600330956462,384.0,394.0,388.0,388.0,390.0
infant7,569,388.04,2.156717081916071,2.3386722205349857,0.0,1.3077430894874547,384.0,392.0,386.0,388.0,390.0
infant7,570,387.32,3.119654611965751,2.4411439272335804,0.0,1.1033732181732592,380.0,394.0,386.0,388.0,390.0
infant7,571,388.04,4.615678692881294,2.4907993963089563,0.0,3.139173138836301,378.0,396.0,384.0,388.0,392.0
infant7,572,388.28,4.624866241860627,2.4411439272335804,0.0,19.243901343324957,378.0,396.0,384.0,389.0,392.0
infant7,573,387.56,3.0583442232284943,1.8070158058105026,0.0,17.008129219395578,382.0,392.0,386.0,388.0,390.0
infant7,574,386.04,3.392428544357483,1.6413036132965795,0.0,6.686877225429224,380.0,392.0,384.0,388.0,388.0
infant7,575,376.52,10.13226811443801,1.9166296949998198,0.0,10.01291658787196,356.0,390.0,370.5,380.0,384.0
infant7,576,357.68,13.409469696860516,1.8735538640862859,0.0,50.99892956650208,340.0,382.0,346.0,354.0,369.5
infant7,577,347.36,6.6570815447820335,1.8070158058105026,0.0,94.89198119002327,338.0,364.0,342.0,346.0,351.5
infant7,578,356.4,11.32092157494797,2.5071326821120348,0.0,25.480808021234527,338.0,380.0,346.5,357.0,365.5
infant7,579,388.4,35.290051786616026,22.14976850664492,2.0408163265306123,1.6744856599945541,354.0,542.0,366.0,377.0,401.5
infant7,580,387.96,35.58603257298732,22.053737709031896,2.0408163265306123,7.335359336464506,354.0,542.0,364.0,378.0,401.5
infant7,581,374.12,13.318147815086368,2.9554515522253144,0.0,8.635451387042941,354.0,398.0,364.0,374.0,383.5
infant7,582,379.36,9.27969035373619,3.2071349029490928,0.0,7.5619341923697645,362.0,398.0,372.0,380.0,384.0
infant7,583,373.72,6.0610499528227155,2.9277002188455996,0.0,5.581991264763911,362.0,388.0,368.5,372.0,380.0
infant7,584,376.96,6.942798353660564,2.602981022612657,0.0,11.918918697046452,368.0,390.0,370.0,375.0,384.0
infant7,585,374.32,9.666774571295479,2.5714285714285716,0.0,70.82043448870714,358.0,390.0,365.0,376.0,384.0
infant7,586,375.16,10.42829745236978,2.982944716831586,0.0,7.460078391717901,358.0,396.0,365.0,376.0,380.0
infant7,587,381.6,5.314592925068078,3.077237032648288,0.0,5.377623169537861,372.0,396.0,378.0,380.0,384.0
infant7,588,380.68,2.7288331961197074,2.3386722205349857,0.0,0.1082705963444837,372.0,386.0,380.0,382.0,382.0
infant7,589,370.92,13.529770651328537,14.405214475377749,4.081632653061225,8.651736798720394,326.0,392.0,364.0,375.0,382.0
infant7,590,355.72,11.938686900072351,14.475877189592458,4.081632653061225,3.8212079457426817,326.0,392.0,348.0,351.0,364.0
infant7,591,361.8,12.975644374703537,2.8855728395320224,0.0,8.102904804270116,346.0,380.0,348.0,368.0,374.0
infant7,592,371.24,6.438278385673345,3.499271061118826,0.0,3.4026879826883007,360.0,388.0,368.0,372.0,375.5
infant7,593,374.32,8.78179936004006,3.428571428571429,0.0,1.3586300764911,360.0,392.0,368.0,374.0,380.0
infant7,594,375.52,10.170465443967586,2.813959371941744,0.0,25.623123670518314,354.0,392.0,370.0,377.0,383.5
infant7,595,369.12,8.899988534732353,2.356060357495806,0.0,25.45672354352285,354.0,390.0,362.5,368.0,370.0
infant7,596,374.8,13.648652471424214,4.030495994190253,0.0,5.416521409835522,358.0,418.0,368.0,370.0,377.5
infant7,597,383.48,14.42112962260019,4.607004427599171,0.0,2.2745941019476628,366.0,418.0,374.0,379.0,391.5
infant7,598,410.4,54.03400289991252,10.505586463342992,0.0,196.50834430950158,360.0,540.0,371.0,390.0,427.5
infant7,599,443.12,50.48525345411797,13.058737008030215,0.0,4.736667639858403,360.0,540.0,406.5,448.0,474.0
infant7,600,417.8,37.87250362218274,8.398250546685182,0.0,19.251591174454216,370.0,488.0,386.0,397.0,451.0
infant7,601,373.16,14.049998184326995,3.1687247161169765,0.0,26.16043533949956,352.0,398.0,362.0,369.0,386.0
infant7,602,374.68,18.920283900014365,4.090806018078958,0.0,17.017656794516867,352.0,418.0,360.0,364.0,388.0
infant7,603,384.88,12.962489052993627,4.295227536677974,0.0,5.229797326217174,358.0,418.0,378.0,384.0,388.0
infant7,604,379.96,5.820302257387234,3.1815796359028696,0.0,5.997210805369702,368.0,390.0,376.0,381.0,384.0
infant7,605,385.64,11.840366789685431,3.7361990944634345,0.0,1.1290170847322256,368.0,410.0,376.5,385.0,388.0
infant7,606,387.6,10.713333291001527,3.1558174334820746,0.0,8.92424079539578,374.0,410.0,380.0,384.0,397.0
infant7,607,384.64,5.9445052659698145,2.5714285714285716,0.0,4.5556924568831905,376.0,400.0,380.0,384.0,390.0
infant7,608,385.76,3.4908627084117176,2.1946130708196026,0.0,6.4722517405700435,380.0,394.0,384.0,384.0,388.0
infant7,609,380.04,7.4668245853076725,2.4411439272335804,0.0,1.9324010123872872,360.0,390.0,378.0,383.0,384.0
infant7,610,360.08,16.81088083015623,2.602981022612657,0.0,100.9379005095113,334.0,384.0,344.5,360.0,377.5
infant7,611,348.96,10.768358789546722,3.440455593940656,0.0,3.2894630538314416,334.0,372.0,338.5,348.0,358.0
infant7,612,354.84,9.898175465762385,3.534090536243709,0.0,4.251616604903835,334.0,372.0,350.5,354.0,362.0
infant7,613,354.72,6.423934835870473,2.1946130708196026,0.0,19.99817542928008,346.0,368.0,350.0,353.0,360.0
infant7,614,359.28,8.887138149584258,2.1759351731039738,0.0,25.435409120902797,346.0,376.0,352.0,360.0,365.5
infant7,615,370.48,10.138308839370056,2.6649654437396615,0.0,26.794407572243546,356.0,392.0,362.0,368.0,376.0
infant7,616,374.84,9.740217489085852,3.0237157840738176,0.0,8.085987675072154,360.0,392.0,368.0,376.0,382.0
infant7,617,374.92,7.430878762547096,2.9277002188455996,0.0,2.4094711095278667,362.0,392.0,368.0,376.0,380.0
infant7,618,375.32,6.122691151673053,2.9965967090575756,0.0,1.4174123894630999,366.0,392.0,370.5,374.0,379.5
infant7,619,379.44,9.143214278739112,3.475864303027554,0.0,5.10486643455648,370.0,406.0,372.0,376.0,384.0
infant7,620,381.72,12.99299654366434,4.898979485566356,0.0,6.987512217524152,362.0,418.0,372.0,378.0,387.5
infant7,621,371.04,14.062484467111602,4.120630029101703,0.0,24.448108084267055,356.0,418.0,362.0,366.0,375.5
infant7,622,363.32,3.093376729697942,2.2314999074019015,0.0,0.6340488149637923,356.0,370.0,362.0,364.0,364.0
infant7,623,369.0,14.609194756336553,3.7471077281725718,0.0,8.461441442053793,358.0,410.0,362.0,364.0,368.0
infant7,624,384.2,21.085830429412997,4.589250972631146,0.0,7.594552619348456,358.0,426.0,364.0,381.0,403.0
infant7,625,389.08,13.763068001587675,3.6027200608338545,0.0,9.489740135426262,370.0,426.0,380.0,386.0,393.5
infant7,626,384.08,7.591187156761425,3.3441999744913216,0.0,4.14931167746094,366.0,394.0,380.0,386.0,390.0
infant7,627,382.2,7.3317870973464805,3.7361990944634345,0.0,20.21991429563449,366.0,394.0,376.0,382.0,388.0
infant7,628,389.36,11.068912156419465,3.958973274443148,0.0,8.862706344529073,374.0,408.0,380.0,389.0,399.5
infant7,629,388.88,12.924648181372092,3.5225222874108435,0.0,20.797053083021257,368.0,408.0,374.5,394.0,400.0
infant7,630,364.96,16.09786397289392,2.424366106925306,0.0,153.70021594122034,340.0,400.0,352.0,368.0,374.0
infant7,631,345.68,8.421158968179316,2.1570955529345,0.0,189.6303889310222,336.0,368.0,340.0,342.0,351.5
infant7,632,340.44,2.149133665039027,1.6903085094570331,0.0,17.46127171876143,336.0,344.0,338.5,340.0,342.0
infant7,633,340.32,9.54781735929896,3.05059378629466,0.0,49.74438792967446,330.0,380.0,334.0,340.0,342.0
infant7,634,356.28,22.26376208193072,5.046720495044484,0.0,3.652677456161402,330.0,406.0,334.0,356.0,371.5
infant7,635,369.68,14.115326740093263,4.090806018078958,0.0,2.0912284412790516,350.0,406.0,360.0,366.0,377.5
infant7,636,351.76,17.088676284102792,3.1815796359028696,0.0,360.54934367402996,330.0,390.0,336.0,349.0,365.5
infant7,637,352.36,18.681825720333062,3.8119040183218096,0.0,7.5404414409669585,330.0,404.0,336.0,346.0,362.0
infant7,638,376.28,17.5987476363333,4.7207747548166585,0.0,3.801795082272499,344.0,418.0,362.5,372.0,388.0
infant7,639,373.64,16.145714032914526,3.614031611621005,0.0,18.201320052267356,360.0,418.0,362.0,366.0,383.0
infant7,640,377.52,20.189146407242212,3.8861344310672696,0.0,39.55661121145731,360.0,418.0,362.0,365.0,393.5
infant7,641,385.08,16.29929258512498,3.896623341995959,0.0,22.604784914813777,360.0,418.0,370.5,381.0,397.5
infant7,642,374.68,7.302333985285325,2.5872528966106905,0.0,2.4052191576306283,368.0,398.0,370.0,372.0,376.0
infant7,643,375.04,5.914216700770565,2.857142857142857,0.0,3.3530807638599023,368.0,388.0,370.0,374.0,378.0
infant7,644,374.28,6.651806567560793,3.077237032648288,0.0,2.132376720561473,358.0,388.0,372.0,374.0,376.0
infant7,645,358.16,13.659653086699514,2.3733211036908783,0.0,570.1453801196469,336.0,376.0,346.0,358.0,372.0
infant7,646,339.44,7.928661518149691,1.7842851423995423,0.0,80.32856748567865,330.0,358.0,334.0,336.0,345.5
infant7,647,330.28,3.2327406708392123,1.6659862556700857,0.0,16.153498061472035,324.0,336.0,328.0,330.0,333.5
infant7,648,326.8,1.6659862556700857,1.6413036132965795,0.0,8.844216518935504,324.0,332.0,326.0,326.0,328.0
infant7,649,324.32,2.262741699796952,1.5118578920369088,0.0,6.440777515244525,320.0,328.0,322.0,324.0,326.0
infant7,650,323.28,2.850277465906269,1.4846149779161804,0.0,31.63774601039137,320.0,330.0,322.0,322.0,324.0
infant7,651,323.48,2.880192737314924,1.6659862556700857,0.0,5.705305051950769,320.0,330.0,322.0,322.0,325.5
infant7,652,323.8,4.223355856884138,1.8294640678379568,0.0,5.056526591321059,318.0,336.0,322.0,322.0,326.0
infant7,653,338.52,18.118926850232647,2.9692299558323607,0.0,4.666911012080448,318.0,372.0,322.5,334.0,360.0
infant7,654,352.88,12.656594635015457,3.843892584878203,0.0,25.43582312379732,334.0,376.0,344.0,352.0,364.0
infant7,655,354.08,7.8865423995822255,3.368521749300456,0.0,1.8707431545813762,344.0,376.0,348.0,352.0,357.5
infant7,656,352.2,6.366365701473483,2.390457218668787,0.0,3.6957206489562786,342.0,370.0,348.0,352.0,356.0
infant7,657,359.76,14.157366294906806,4.16986271980755,0.0,2.20095718541725,342.0,400.0,348.0,358.0,365.5
infant7,658,359.84,14.060162277346096,4.050699108216522,0.0,4.930389294289877,344.0,400.0,348.0,358.0,365.5
infant7,659,352.04,5.778072554838645,2.2857142857142856,0.0,154.09447156236774,344.0,362.0,346.5,352.0,358.0
infant7,660,354.76,3.89431820550328,2.3035022137995855,0.0,6.119464700571195,344.0,362.0,352.5,356.0,358.0
infant7,661,355.56,5.380084211464443,2.602981022612657,0.0,3.306259574202684,346.0,372.0,352.0,355.0,358.0
infant7,662,367.32,13.202411653534659,3.3926691677251193,0.0,6.407171281112878,346.0,388.0,355.0,370.0,378.0
infant7,663,376.6,4.919764387920733,3.3073819722257785,0.0,0.5174128358735529,370.0,388.0,374.0,376.0,380.0
infant7,664,372.96,4.004894964099481,2.457807219155036,0.0,0.6393228593765917,364.0,384.0,370.5,374.0,375.5
infant7,665,366.88,7.700092763819704,3.319700011034929,0.0,1.9613656270782962,352.0,380.0,362.0,368.0,374.0
infant7,666,352.92,11.242848066796117,3.319700011034929,0.0,343.5095271970759,338.0,378.0,342.5,352.0,361.5
infant7,667,343.76,3.197958532487594,2.249716535431946,0.0,7.483703711912684,338.0,352.0,342.0,344.0,346.0
infant7,668,338.16,7.008333232222734,2.0603150145508513,0.0,55.44550278751583,326.0,348.0,332.0,340.0,344.0
infant7,669,328.32,5.335441760108548,1.6903085094570331,0.0,24.75210337564739,320.0,340.0,324.0,326.0,332.0
infant7,670,332.04,9.156151049475774,1.958758457257441,0.0,45.375857339634024,320.0,348.0,324.0,327.0,340.0
infant7,671,334.08,7.6767339994270465,2.0,0.0,44.16922644235896,324.0,348.0,328.0,332.0,340.0
infant7,672,326.2,3.5050983275386556,1.9378085666072196,0.0,14.620152161409964,320.0,334.0,324.0,326.0,328.0
infant7,673,326.6,3.6645015252516173,2.0603150145508513,0.0,7.443514593477337,320.0,338.0,324.0,328.0,328.0
infant7,674,343.24,15.311140401947965,3.7361990944634345,0.0,14.910400002625714,326.0,372.0,328.0,340.0,356.0
infant7,675,357.72,11.478533647373151,4.323641700120445,0.0,6.523397214947497,342.0,388.0,350.0,354.0,364.0
infant7,676,364.4,14.376852143324715,3.865071216705338,0.0,8.61410626103931,346.0,392.0,350.5,361.0,374.0
infant7,677,365.88,10.415138119142556,3.440455593940656,0.0,2.890613851910541,350.0,392.0,360.0,365.0,368.0
infant7,678,370.44,11.844502729028314,3.475864303027554,0.0,6.904458082096187,350.0,398.0,364.0,368.0,378.0
infant7,679,372.32,10.296502279107866,3.865071216705338,0.0,20.375725685172934,358.0,398.0,364.0,372.0,378.0
infant7,680,370.68,9.643523786480134,3.822596617217043,0.0,4.388828020729319,358.0,394.0,362.5,368.0,376.0
infant7,681,379.16,10.029263305396842,3.636549160387959,0.0,4.381004860198849,362.0,400.0,372.5,376.0,387.0
infant7,682,380.24,8.737813671342623,3.2071349029490928,0.0,3.79843365007037,368.0,400.0,374.0,378.0,387.0
infant7,683,373.92,10.133476547502122,3.1687247161169765,0.0,6.618001096700866,356.0,392.0,366.5,374.0,380.0
infant7,684,357.6,14.663574194692961,2.6802375770419595,0.0,28.569925752476603,338.0,392.0,344.5,356.0,366.0
infant7,685,348.92,7.000991183469695,2.249716535431946,0.0,17.702998145905507,338.0,366.0,342.0,351.0,354.0
infant7,686,363.6,15.74801574802362,3.917516914514882,0.0,6.77091495777135,340.0,404.0,354.0,362.0,373.5
infant7,687,381.04,16.518338603021842,5.260557897006277,0.0,8.65961702716932,362.0,418.0,366.5,376.0,394.0
infant7,688,381.48,13.884714837635267,4.361239292135356,0.0,8.592485563217332,366.0,418.0,372.0,377.0,389.0
infant7,689,379.12,5.378111344389688,3.245090483314442,0.0,6.825071531894555,370.0,388.0,374.5,380.0,384.0
infant7,690,385.8,7.219587867710445,3.4641016151377544,0.0,5.4251357413358585,372.0,404.0,382.0,384.0,391.0
infant7,691,388.64,5.706280106431968,2.8855728395320224,0.0,1.6998363254748525,380.0,404.0,384.5,388.0,392.0
infant7,692,388.64,4.667560652951345,3.05059378629466,0.0,3.336710645243686,380.0,398.0,386.0,388.0,392.0
infant7,693,379.12,11.843606731404217,2.6186146828319083,0.0,27.954796788531077,364.0,398.0,368.0,379.0,391.5
infant7,694,361.68,9.029294726904538,1.8952141659173714,0.0,16.035002270119907,346.0,378.0,354.0,364.0,367.5
infant7,695,350.32,6.58210313142031,1.979486637221574,0.0,54.657357321624474,342.0,366.0,346.0,348.0,354.0
infant7,696,342.8,3.9382996434543487,2.0,0.0,21.90341977112942,336.0,350.0,338.5,344.0,345.5
infant7,697,339.8,3.2134919654862837,2.1570955529345,0.0,8.037987658308815,332.0,346.0,338.0,339.0,342.0
infant7,698,338.2,3.528311152922419,1.6659862556700857,0.0,3.7852348109550396,332.0,346.0,336.0,338.0,339.5
infant7,699,336.12,4.631921186457194,2.1570955529345,0.0,61.15860813989807,330.0,352.0,332.5,336.0,338.0
infant7,700,364.12,31.30210920714971,5.0950155714648595,0.0,21.27137982320794,330.0,416.0,334.0,354.0,394.5
infant7,701,379.24,18.92580572786743,5.642405045180428,0.0,67.38560546264841,354.0,416.0,362.5,377.0,394.5
infant7,702,366.72,9.51698803322195,3.8861344310672696,0.0,2.217441835413191,348.0,384.0,358.0,367.0,375.5
infant7,703,365.24,8.84229169666889,3.232488142567074,0.0,11.347143944633892,348.0,382.0,358.5,364.0,372.0
infant7,704,368.2,12.963055825172187,4.0203563655629395,0.0,1.4068430576112552,350.0,406.0,360.0,364.0,373.5
infant7,705,376.88,15.005631595898812,4.030495994190253,0.0,8.6242169013838,354.0,406.0,366.0,374.0,387.5
infant7,706,380.28,14.8296999295333,3.6477558099439156,0.0,34.772807973556866,358.0,404.0,366.0,379.0,395.5
infant7,707,376.76,14.696327460162507,3.4641016151377544,0.0,14.412496071145329,356.0,402.0,362.0,375.0,391.0
infant7,708,371.8,9.849893814821828,3.245090483314442,0.0,15.187718530044899,356.0,396.0,364.0,372.0,376.0
infant7,709,371.84,9.414188163379261,3.927922024247863,0.0,2.0338572905289207,358.0,412.0,366.5,370.0,374.0
infant7,710,391.52,22.444707571255716,4.47213595499958,0.0,11.48195616401426,364.0,434.0,370.0,392.0,406.0
infant7,711,392.56,20.39623814854702,3.779644730092272,0.0,16.777614998916967,370.0,434.0,374.0,392.0,405.5
infant7,712,376.56,4.982254223025672,2.7255405754769875,0.0,2.6661746865538296,370.0,392.0,374.0,376.0,380.0
infant7,713,366.04,13.591654101855662,2.356060357495806,0.0,23.415340150992876,342.0,382.0,354.0,374.0,378.0
infant7,714,347.8,11.315512199035915,2.6649654437396615,0.0,80.5394419491727,334.0,374.0,338.0,346.0,355.5
infant7,715,346.48,9.245495317908578,2.770102775666474,0.0,4.966325505146624,334.0,366.0,338.0,348.0,350.0
infant7,716,354.68,5.6367598161079915,2.3211538298959886,0.0,2.2982232332576187,342.0,366.0,350.0,356.0,358.0
infant7,717,364.64,10.265376719033425,3.1558174334820746,0.0,1.5976039097334496,352.0,384.0,358.0,360.0,375.0
infant7,718,377.56,9.83363656859787,3.865071216705338,0.0,1.4795690189594901,358.0,396.0,376.0,380.0,382.0
infant7,719,381.36,4.889639192064321,3.270149469217028,0.0,2.594588308429647,372.0,396.0,378.0,382.0,382.0
infant7,720,383.52,7.412730362597269,2.5555062599997598,0.0,4.424508760541964,372.0,398.0,378.0,382.0,389.0
infant7,721,383.56,8.244132112339921,2.4743582965269675,0.0,69.69348033700625,372.0,398.0,378.0,381.0,390.0
infant7,722,379.76,5.490474125469401,2.138089935299395,0.0,22.791407542024025,372.0,392.0,376.0,378.0,384.0
infant7,723,379.64,5.506063448043216,2.2131333406899527,0.0,16.366460624335698,366.0,388.0,376.0,380.0,384.0
infant7,724,376.72,11.618142041212783,3.232488142567074,0.0,134.06075766483173,358.0,406.0,366.0,380.0,384.0
infant7,725,380.96,15.20601384791087,3.7252585172586565,0.0,20.74112132469394,358.0,410.0,367.0,379.0,396.0
infant7,726,390.0,19.34013485802337,4.27617987059879,0.0,27.30094267511609,370.0,438.0,374.0,385.0,400.0
infant7,727,399.84,19.8106959360187,4.65109159888563,0.0,5.875715088429408,370.0,438.0,380.0,400.0,412.0
infant7,728,392.36,17.601901567032755,4.0708019567928595,0.0,20.340133357762152,366.0,434.0,374.5,396.0,406.0
infant7,729,380.68,8.267072625537915,3.2576440717118227,0.0,3.9449735992596486,366.0,396.0,374.0,382.0,388.0
infant7,730,378.96,7.961540205825728,3.0371845179241856,0.0,5.4176427815755615,364.0,394.0,372.0,378.0,386.0
infant7,731,394.12,22.715309949953337,4.981598792617913,0.0,11.272961342097878,364.0,442.0,374.0,393.0,411.5
infant7,732,411.08,12.008228471361134,5.118992247762548,0.0,4.766366321499751,394.0,442.0,402.0,407.0,416.0
infant7,733,403.12,9.434283983732644,3.989782869648269,0.0,1.3887066363378124,388.0,436.0,398.0,402.0,404.0
infant7,734,392.96,7.409205526276906,3.7142857142857144,0.0,8.854798790479252,378.0,410.0,388.0,392.0,398.0
infant7,735,387.56,6.4306663253317,3.7579846965616874,0.0,2.3672313266149163,374.0,398.0,384.0,390.0,392.0
infant7,736,385.0,7.4532556918546184,3.7142857142857144,0.0,8.506212714399153,372.0,398.0,378.5,385.0,390.0
infant7,737,385.28,6.308530020568037,3.3073819722257785,0.0,8.373369320973529,372.0,396.0,382.0,386.0,390.0
infant7,738,390.72,6.423934835870473,3.142857142857143,0.0,20.81611397165931,380.0,404.0,386.0,390.0,394.0
infant7,739,392.08,5.435484320271595,2.649605284427344,0.0,3.554388944185946,384.0,404.0,388.0,391.0,395.5
infant7,740,386.08,5.937910028806775,2.3035022137995855,0.0,21.004485856201008,374.0,398.0,382.0,386.0,390.0
infant7,741,370.84,12.209664957211027,2.080031396937291,0.0,36.71381583108414,348.0,386.0,360.5,375.0,382.0
infant7,742,350.16,12.093783189586901,2.080031396937291,0.0,109.04465937410724,334.0,376.0,340.0,347.0,360.0
infant7,743,340.24,3.2486103779547193,2.1189138534559038,0.0,12.143441652960533,334.0,346.0,338.0,340.0,342.0
infant7,744,339.72,3.2073894273654253,2.0995626366712954,0.0,34.31478874668628,334.0,346.0,336.0,340.0,342.0
infant7,745,338.32,3.4371321695594435,2.0995626366712954,0.0,12.304110257991477,334.0,346.0,336.0,338.0,342.0
infant7,746,341.6,9.310954706743042,2.982944716831586,0.0,9.45054596879592,334.0,366.0,336.0,338.0,342.0
infant7,747,354.48,12.601004171194015,3.557114170853924,0.0,3.19053343182253,334.0,374.0,340.0,360.0,362.0
infant7,748,365.32,4.875762630039509,3.295017884191656,0.0,18.26349772334391,358.0,374.0,362.0,365.0,368.0
infant7,749,373.08,7.626056300203765,2.799416848895061,0.0,4.964650320639598,358.0,388.0,368.0,374.0,379.5
infant7,750,374.72,6.806479505978559,2.740475156178697,0.0,49.17428098429018,364.0,388.0,368.5,375.0,380.0
infant7,751,380.24,12.105927035454785,3.142857142857143,0.0,4.302562022727838,364.0,406.0,368.5,380.0,389.5
infant7,752,383.44,9.864717586490984,2.8713930346059686,0.0,2.3902864521512717,366.0,406.0,378.0,383.0,389.5
infant7,753,384.04,9.659424920559111,3.05059378629466,0.0,18.92264494054329,366.0,402.0,376.5,384.0,392.0
infant7,754,384.56,10.166290837259925,3.116774889895918,0.0,6.091551951838587,366.0,402.0,377.0,388.0,392.0
infant7,755,399.92,34.16397434223868,6.194138111051085,0.0,17.655009844534312,366.0,468.0,374.5,386.0,421.0
infant7,756,405.76,31.127492933523104,6.458659745975609,0.0,9.56554982421858,370.0,468.0,378.5,399.0,421.0
infant7,757,388.56,8.806676502541022,3.232488142567074,0.0,20.90224704737517,372.0,410.0,382.0,388.0,392.0
infant7,758,384.48,4.491443111572249,2.9137254363387344,0.0,21.041187605113574,378.0,394.0,382.0,384.0,388.0
infant7,759,380.2,4.522054797526975,2.8855728395320224,0.0,12.389573933588009,370.0,388.0,378.0,382.0,383.5
infant7,760,384.96,8.283152313274094,2.8713930346059686,0.0,3.6521006367708453,370.0,402.0,380.0,386.0,390.0
infant7,761,387.32,9.022511528710522,3.3441999744913216,0.0,8.099605547269762,372.0,414.0,382.0,387.0,392.0
infant7,762,389.44,14.405441148881124,3.8332593899996397,0.0,6.557695885202322,372.0,420.0,378.0,384.0,399.5
infant7,763,376.08,22.97810848150376,3.4166459266003995,0.0,26.513870268501478,344.0,420.0,356.5,372.0,391.5
infant7,764,348.28,10.774194415645304,2.2314999074019015,0.0,167.67642386734673,336.0,372.0,340.0,344.0,355.5
infant7,765,339.08,2.919602992301018,1.5649215928719031,0.0,6.701698613578142,332.0,344.0,338.0,340.0,342.0
infant7,766,466.04,248.59917414938272,52.8463309405445,18.367346938775512,29.645029569880204,328.0,1114.0,334.0,340.0,371.5
infant7,767,505.28,236.78036322331138,59.65273656414965,24.489795918367346,351.3967876940187,328.0,1114.0,374.5,386.0,572.5
infant7,768,397.4,57.932050274261755,21.138995786393043,4.081632653061225,5.614739782010209,366.0,696.0,374.0,382.0,391.5
infant7,769,388.4,14.534968390830748,5.166611805721464,0.0,2.1118761026627713,366.0,418.0,374.5,392.0,400.0
infant7,770,395.56,11.41635060886314,4.729412959213385,0.0,1.7018541591605212,368.0,418.0,392.5,398.0,404.0
infant7,771,383.56,16.02696707020351,3.958973274443148,0.0,37.204624583967295,360.0,406.0,368.0,383.0,400.0
infant7,772,383.04,14.010142098945787,4.160062793874582,0.0,7.3107595459778,360.0,404.0,368.0,386.0,396.0
infant7,773,389.92,10.690144230714074,4.389226141639205,0.0,10.558240317850569,370.0,408.0,382.0,391.0,398.0
infant7,774,381.8,13.113320848414768,4.266624149448022,0.0,21.753984385061308,362.0,408.0,372.0,378.0,393.5
infant7,775,379.16,11.278225363368954,4.090806018078958,0.0,9.777792856641788,360.0,400.0,368.5,380.0,386.0
infant7,776,375.88,13.182610685664503,3.6922422809485957,0.0,68.70148969259846,356.0,400.0,364.0,378.0,383.5
infant7,777,373.24,8.740148973652145,2.8284271247461903,0.0,8.928458764664079,356.0,386.0,368.0,376.0,380.0
infant7,778,382.36,12.346626408597182,4.110712734268045,0.0,1.7791380952246076,360.0,416.0,374.5,380.0,385.5
infant7,779,379.8,16.865615304276233,4.738035414793428,0.0,58.952781491575706,356.0,416.0,362.5,380.0,391.5
infant7,780,382.08,14.141904729835904,4.110712734268045,0.0,16.708269682732382,356.0,402.0,371.0,388.0,393.5
infant7,781,384.8,9.432899439553816,3.2071349029490928,0.0,14.113905057828608,364.0,400.0,378.0,388.0,392.0
infant7,782,367.6,13.797367391599584,2.75532878885513,0.0,53.453748269258035,348.0,396.0,356.0,367.0,378.0
infant7,783,367.68,13.120228967638685,3.3806170189140663,0.0,6.775399052232146,348.0,396.0,356.0,372.0,377.5
infant7,784,380.08,6.4391658732212464,3.875617133214439,0.0,1.6376585205654497,370.0,396.0,374.5,380.0,384.0
infant7,785,380.6,5.130938570305134,3.7032803990902057,0.0,1.0804962121370463,372.0,394.0,376.5,382.0,384.0
infant7,786,372.6,8.611809641772306,3.1036515689143473,0.0,15.25632505408458,356.0,386.0,368.0,372.0,381.5
infant7,787,357.72,8.880246365400234,2.2857142857142856,0.0,34.1612475896556,346.0,372.0,348.5,358.0,367.5
infant7,788,353.04,7.0478249648167255,2.138089935299395,0.0,7.198000768972608,344.0,368.0,348.0,351.0,357.5
infant7,789,353.0,11.315512199035915,14.881847592120478,2.0408163265306123,1.7104529761267,310.0,394.0,346.0,354.0,358.0
infant7,790,344.12,12.703269706043788,14.985707476506693,2.0408163265306123,25.070831520409357,310.0,394.0,334.5,344.0,354.0
infant7,791,356.08,19.769942140656305,3.499271061118826,0.0,20.327698559121007,330.0,388.0,336.0,364.0,375.5
infant7,792,381.36,11.13508886725349,3.295017884191656,0.0,1.9734921566690493,364.0,400.0,374.0,379.0,394.0
infant7,793,384.24,9.744825942676515,3.1687247161169765,0.0,11.890833949948078,370.0,400.0,376.0,382.0,396.0
infant7,794,383.36,7.31160665221637,3.282607226593159,0.0,6.180814185133954,370.0,398.0,378.0,384.0,388.0
infant7,795,389.64,8.057852045789668,3.625307868699863,0.0,1.1568639556791565,376.0,410.0,384.0,388.0,393.5
infant7,796,382.48,12.851173217306835,3.0904725218262765,0.0,20.929780660716478,362.0,410.0,374.0,380.0,389.5
infant7,797,381.72,15.140215402991451,3.3073819722257785,0.0,41.95382367223028,362.0,412.0,370.5,376.0,395.5
infant7,798,383.12,15.021943133636343,3.557114170853924,0.0,43.64632727707075,364.0,412.0,370.5,379.0,396.0
infant7,799,372.4,7.730142433410675,3.1036515689143473,0.0,1.6682235431712886,360.0,396.0,366.0,372.0,376.0
infant7,800,368.04,4.110514144314826,2.695423180587601,0.0,2.0662022734265646,360.0,380.0,364.0,368.0,372.0
infant7,801,373.44,11.270622821100448,3.3806170189140663,0.0,3.153166793804272,364.0,400.0,364.0,368.0,378.0
infant7,802,368.0,16.116919744194803,3.356382892705923,0.0,33.556322970377096,346.0,400.0,354.0,364.0,378.0
infant7,803,348.52,9.577269007010981,1.7842851423995423,0.0,109.94677931549539,338.0,372.0,340.0,346.0,354.0
infant7,804,337.8,3.964124835860459,1.7842851423995423,0.0,36.7687158060445,330.0,346.0,334.0,338.0,340.0
infant7,805,333.0,2.4327694808466287,2.0203050891044216,0.0,6.92742934689045,328.0,340.0,332.0,334.0,334.0
infant7,806,330.32,2.3337803264756727,2.040408122440814,0.0,2.073603491441478,326.0,336.0,328.0,330.0,332.0
infant7,807,334.56,6.007342446149223,2.390457218668787,0.0,3.665751870877406,326.0,346.0,328.0,334.0,340.0
infant7,808,336.96,4.1843244889195,2.2677868380553634,0.0,4.9640597137162725,330.0,346.0,334.0,338.0,340.0
infant7,809,339.2,8.0,2.813959371941744,0.0,20.786844626832817,328.0,356.0,332.0,336.0,347.5
infant7,810,353.6,11.814898930363048,3.0237157840738176,0.0,15.34335645765384,328.0,372.0,348.0,352.0,364.0
infant7,811,369.84,9.04266531053579,2.4907993963089563,0.0,7.356657495250423,350.0,382.0,364.0,371.0,376.0
infant7,812,369.6,9.98774759597059,2.0995626366712954,0.0,33.146649196522496,350.0,382.0,362.0,373.0,377.5
infant7,813,363.32,13.501987759933266,3.3441999744913216,0.0,91.25098442733707,348.0,400.0,352.0,360.0,372.0
infant7,814,372.12,15.832851406915603,4.130523512800274,0.0,31.654763622642,348.0,404.0,356.5,372.0,383.5
infant7,815,378.16,7.192286117211741,3.0371845179241856,0.0,5.525907039267958,370.0,404.0,374.0,376.0,379.5
infant7,816,372.92,5.130302135352264,2.407471363764674,0.0,9.944622578212051,362.0,380.0,368.5,374.0,376.0
infant7,817,371.72,8.815663240355029,2.842821248876057,0.0,7.808769017767823,356.0,388.0,364.0,372.0,379.5
infant7,818,376.24,8.23769335656133,2.8855728395320224,0.0,5.319502059137502,356.0,388.0,376.0,378.0,382.0
infant7,819,372.76,6.501365633621972,2.407471363764674,0.0,19.51970567351554,360.0,382.0,368.0,374.0,378.0
infant7,820,364.56,3.8764595671192295,2.0203050891044216,0.0,4.172744953518771,360.0,372.0,362.0,363.0,368.0
infant7,821,362.28,1.761724572510628,1.8070158058105026,0.0,0.5662748625309117,358.0,366.0,362.0,362.0,364.0
infant7,822,367.28,6.334357239109036,2.2131333406899527,0.0,11.696004700595294,358.0,380.0,362.5,365.0,372.0
infant7,823,372.16,5.234734852845159,2.4411439272335804,0.0,1.6687758864449564,360.0,380.0,368.0,372.0,377.5
infant7,824,378.64,9.942200306711564,3.282607226593159,0.0,3.579659648140475,366.0,400.0,372.0,377.0,382.0
infant7,825,383.36,7.692455885542691,3.534090536243709,0.0,12.169372463891605,372.0,400.0,378.0,382.0,388.0
infant7,826,374.96,8.203931362213995,3.1036515689143473,0.0,25.06678348943727,362.0,388.0,368.0,374.0,382.0
infant7,827,365.6,4.948716593053935,2.2677868380553634,0.0,8.268002214221024,356.0,374.0,362.0,365.0,370.0
infant7,828,353.64,10.557442485599184,1.5907898179514348,0.0,337.57568807317216,338.0,372.0,342.5,355.0,363.5
infant7,829,338.08,7.4281318551263515,1.6413036132965795,0.0,89.31082173178243,328.0,354.0,332.0,337.0,342.0
infant7,830,331.16,2.427394672886794,2.249716535431946,0.0,15.174068657527013,326.0,336.0,330.0,331.0,332.0
infant7,831,331.4,2.1852940772540506,2.2131333406899527,0.0,1.0343204897430975,326.0,336.0,330.0,332.0,332.0
infant7,832,331.28,3.4466191657143366,1.6659862556700857,0.0,51.8778091477507,324.0,336.0,330.0,332.0,334.0
infant7,833,325.28,5.962604553483694,1.6413036132965795,0.0,24.845943259233128,318.0,336.0,320.0,324.0,330.0
infant7,834,322.24,4.152992528138657,1.9378085666072196,0.0,7.461880813475405,316.0,332.0,320.0,320.0,324.0
infant7,835,338.6,26.121380717952963,5.390846361175202,0.0,11.808167699861416,316.0,416.0,322.5,328.0,335.5
infant7,836,354.44,21.965799018715714,5.778213833187624,0.0,4.064131855910927,326.0,416.0,337.0,354.0,360.0
infant7,837,359.88,8.929748493841544,3.295017884191656,0.0,5.768254093955852,346.0,378.0,354.0,358.0,367.0
infant7,838,361.76,10.816767029921271,3.0371845179241856,0.0,29.55893019779031,344.0,376.0,352.0,364.0,372.0
infant7,839,363.36,9.87629609164265,3.116774889895918,0.0,4.466649048077566,344.0,376.0,360.5,368.0,370.0
infant7,840,369.44,4.607713142998733,2.6186146828319083,0.0,20.686484660215708,360.0,376.0,366.0,370.0,374.0
infant7,841,367.88,5.25916110327532,2.2131333406899527,0.0,20.72405166118831,358.0,376.0,364.0,367.0,374.0
infant7,842,363.12,6.529806072689968,2.813959371941744,0.0,5.971320857774471,352.0,380.0,360.0,364.0,366.0
infant7,843,366.28,8.989880932674996,2.982944716831586,0.0,9.621016432145078,352.0,382.0,360.0,365.0,374.0
infant7,844,371.96,7.244871514754843,2.770102775666474,0.0,4.928224541019194,360.0,386.0,366.0,372.0,378.0
infant7,845,376.16,8.15002191057528,3.1815796359028696,0.0,1.5344198672279064,364.0,394.0,368.0,376.0,382.0
infant7,846,377.0,7.264675505766355,3.0904725218262765,0.0,4.495694729832428,364.0,394.0,372.0,376.0,383.5
infant7,847,375.08,4.085014925159455,2.3733211036908783,0.0,25.912732112261963,368.0,384.0,372.0,376.0,378.0
infant7,848,376.04,2.4408095010484048,2.2857142857142856,0.0,3.02527739130849,368.0,380.0,374.5,376.0,378.0
infant7,849,373.4,5.774680837545068,2.0,0.0,2.0566857401618734,360.0,380.0,372.0,376.0,378.0
infant7,850,370.08,4.570714229901993,2.2857142857142856,0.0,8.446712854635074,360.0,376.0,368.0,370.0,374.0
infant7,851,360.56,11.759772314885998,2.5555062599997598,0.0,44.58515196170868,338.0,374.0,350.5,366.0,370.0
infant7,852,344.88,9.045553648966244,2.356060357495806,0.0,90.8712704284575,334.0,366.0,336.5,344.0,350.0
infant7,853,391.08,94.26165060887807,36.744012423517276,10.204081632653061,1.9902319345262751,334.0,732.0,336.5,353.0,390.0
infant7,854,391.48,94.10095317134201,36.747344760387456,10.204081632653061,10.526694300947872,332.0,732.0,338.5,356.0,390.0
infant7,855,342.48,7.039944341152892,2.4907993963089563,0.0,60.713847564240574,332.0,356.0,336.0,343.0,348.0
infant7,856,344.44,5.732684665092592,2.2677868380553634,0.0,2.956568390154643,334.0,354.0,338.5,346.0,349.5
infant7,857,353.28,20.783667056766728,3.8119040183218096,0.0,63.61763157907918,334.0,408.0,338.0,347.0,355.0
infant7,858,369.04,20.840462997716333,4.65109159888563,0.0,8.902768800295517,334.0,408.0,356.5,370.0,378.0
infant7,859,377.4,9.82499935088537,3.7361990944634345,0.0,6.319383347439977,364.0,408.0,370.0,375.0,384.0
infant7,860,376.0,9.169603734789264,3.8861344310672696,0.0,5.945889304927461,358.0,392.0,370.0,376.0,383.5
infant7,861,372.48,7.434722727904272,3.948649988881501,0.0,2.8206546827444288,358.0,390.0,368.0,372.0,377.5
infant7,862,372.04,4.989621882529,2.7255405754769875,0.0,12.458228917680048,364.0,382.0,368.0,370.0,375.5
infant7,863,373.96,6.407775888460417,2.390457218668787,0.0,29.758926641097347,364.0,388.0,368.0,372.0,378.0
infant7,864,377.64,10.25145086794836,3.487587318781058,0.0,3.4306102033685923,362.0,400.0,370.0,376.0,385.5
infant7,865,379.2,11.124527047961019,3.917516914514882,0.0,3.5396548478406853,362.0,400.0,370.0,376.0,390.0
infant7,866,383.88,11.9482557859518,4.179639668093655,0.0,4.310658167977334,364.0,402.0,374.0,387.0,395.5
infant7,867,389.4,10.538558938004565,3.7579846965616874,0.0,10.464859793097256,364.0,402.0,382.0,394.0,398.0
infant7,868,384.88,8.506036272037905,2.9965967090575756,0.0,2.605031131732521,372.0,402.0,380.0,382.0,389.5
infant7,869,382.72,6.913577295467822,3.3441999744913216,0.0,19.837297645392294,372.0,398.0,378.0,382.0,387.5
infant7,870,385.16,6.247807778798602,3.487587318781058,0.0,3.8325791082615375,374.0,398.0,380.0,384.0,390.0
infant7,871,383.08,5.886130359773295,3.67006645104718,0.0,8.506838735115114,372.0,394.0,380.0,384.0,388.0
infant7,872,386.24,7.51205833365019,3.1943828249996997,0.0,5.061772448052045,372.0,400.0,380.5,386.0,393.5
infant7,873,390.36,5.865012135276344,2.523360247522242,0.0,3.2311478731594505,380.0,400.0,384.0,392.0,395.5
infant7,874,394.48,16.642998160040218,4.553536414431208,0.0,3.254345865317204,370.0,432.0,384.0,390.0,400.0
infant7,875,399.64,18.955113466571817,4.989785484735137,0.0,5.450660330321344,370.0,432.0,382.0,398.0,417.0
infant7,876,401.88,11.509782884173635,3.7252585172586565,0.0,3.2431741941848355,380.0,430.0,394.5,404.0,407.5
infant7,877,398.56,6.6521747249624,2.710523708715754,0.0,2.219716901796922,388.0,412.0,394.0,398.0,405.5
infant7,878,390.84,5.5709157273123715,2.695423180587601,0.0,1.0158603799734058,378.0,400.0,388.0,392.0,394.0
infant7,879,390.36,5.401284805582872,2.9416086117105715,0.0,4.4750376038595,378.0,400.0,386.5,392.0,395.5
infant7,880,390.08,4.659158196717602,2.0995626366712954,0.0,2.974479173874554,384.0,400.0,386.0,390.0,394.0
infant7,881,384.12,5.004650898139139,2.0203050891044216,0.0,5.965124897687795,374.0,396.0,382.0,385.0,386.0
infant7,882,382.48,5.459460988569686,2.2677868380553634,0.0,28.729472032847063,374.0,394.0,378.0,383.0,386.0
infant7,883,380.08,8.161232399932885,2.5872528966106905,0.0,42.13053164198264,366.0,394.0,374.5,380.0,388.0
infant7,884,375.8,10.1035455486211,2.75532878885513,0.0,55.14417135048658,358.0,396.0,368.0,374.0,385.5
infant7,885,361.28,16.897095511794145,2.390457218668787,0.0,189.18169294395744,340.0,396.0,346.5,357.0,374.0
infant7,886,344.8,4.333071682315171,2.040408122440814,0.0,12.632883026581753,338.0,356.0,342.0,344.0,346.0
infant7,887,341.2,3.6140316116210047,2.0995626366712954,0.0,14.406226987558252,334.0,348.0,338.0,342.0,344.0
infant7,888,348.68,10.763581833086558,2.6186146828319083,0.0,5.336698999855476,334.0,370.0,338.5,348.0,355.5
infant7,889,362.0,13.690455486526787,3.295017884191656,0.0,8.490318531758358,348.0,396.0,352.0,356.0,366.0
infant7,890,378.08,17.750929840548682,3.6477558099439156,0.0,9.182807533272268,350.0,400.0,360.0,382.0,394.0
infant7,891,383.8,14.292855358035155,4.323641700120445,0.0,12.530986745313704,358.0,400.0,372.0,390.0,396.0
infant7,892,381.48,13.03564970629796,4.444671196029727,0.0,7.252033423839645,358.0,400.0,372.5,382.0,394.0
infant7,893,385.0,6.184245949118104,3.1298431857438063,0.0,2.3926827076624937,374.0,400.0,380.0,386.0,390.0
infant7,894,389.28,7.099985628039493,3.1558174334820746,0.0,13.487176959847968,376.0,406.0,384.0,388.0,392.0
infant7,895,387.12,8.203135289109193,2.9692299558323607,0.0,16.28544272177368,376.0,406.0,380.0,384.0,392.0
infant7,896,384.52,4.477791000582537,2.6649654437396615,0.0,29.64429128751541,376.0,394.0,380.0,384.0,388.0
infant7,897,383.6,7.284313590846834,3.6589281356759136,0.0,7.471364311584319,368.0,394.0,378.5,386.0,388.0
infant7,898,392.56,17.75589583025013,4.453844933748542,0.0,16.87427744383966,368.0,428.0,378.5,388.0,402.0
infant7,899,393.08,17.627483180116958,4.686062704816207,0.0,11.664879372539902,366.0,428.0,380.0,390.0,402.0
infant7,900,395.04,19.97238910422617,4.571428571428571,0.0,16.576177611192126,366.0,434.0,380.0,389.0,414.0
infant7,901,398.08,16.708594879795932,3.938299643454349,0.0,17.567821266844838,382.0,434.0,386.0,388.0,414.0
infant7,902,384.4,4.040610178208843,2.9965967090575756,0.0,5.6577944564274105,376.0,390.0,382.0,386.0,388.0
infant7,903,380.92,8.331989007213494,3.0237157840738176,0.0,12.838220757755039,368.0,400.0,374.0,380.0,388.0
infant7,904,383.36,10.678530816931852,3.1687247161169765,0.0,59.66034381243093,368.0,404.0,374.0,380.0,392.0
infant7,905,387.76,7.098605784351787,3.1036515689143473,0.0,41.039037105611236,376.0,404.0,382.0,388.0,392.0
infant7,906,384.28,5.127118775567376,2.7255405754769875,0.0,3.6018233829316015,376.0,396.0,380.0,384.0,388.0
infant7,907,379.12,5.347667811336842,2.6649654437396615,0.0,4.116850169189015,364.0,386.0,378.0,380.0,382.0
infant7,908,385.48,13.472935834479431,4.3518703462079475,0.0,4.569965040499057,362.0,416.0,378.5,384.0,391.5
infant7,909,398.96,11.802732302137432,4.481253468959463,0.0,1.6149400874597375,362.0,416.0,392.0,402.0,406.0
infant7,910,399.96,6.343757979787883,3.0904725218262765,0.0,6.377726775694236,388.0,416.0,394.5,400.0,404.0
infant7,911,393.48,5.894445673336753,2.7255405754769875,0.0,5.810160803241745,382.0,404.0,388.5,394.0,398.0
infant7,912,395.28,8.859538846431487,2.799416848895061,0.0,21.546923804016874,382.0,414.0,388.0,394.0,402.0
infant7,913,398.52,11.90993411452158,3.534090536243709,0.0,8.296050245138364,380.0,420.0,388.0,397.0,408.0
infant7,914,398.4,10.8496214548843,3.440455593940656,0.0,7.823936720496443,380.0,420.0,388.5,398.0,406.0
infant7,915,397.84,9.440166031054622,3.7688302737922625,0.0,0.9636697463770217,382.0,416.0,390.0,398.0,404.0
infant7,916,405.52,17.245218207387467,5.0142653642240695,0.0,6.306865774976144,382.0,446.0,394.0,404.0,414.0
infant7,917,407.0,14.332779612781724,4.526565576501389,0.0,5.648328934114152,394.0,446.0,398.0,402.0,407.5
infant7,918,400.96,4.356369954867638,3.0237157840738176,0.0,0.642274609622769,394.0,410.0,398.0,401.0,404.0
infant7,919,400.92,4.681008089577914,2.5394841192330255,0.0,9.876614719728106,392.0,410.0,396.0,402.0,404.0
infant7,920,405.0,13.963509295185602,3.8332593899996397,0.0,6.208455658823457,384.0,436.0,396.0,402.0,411.5
infant7,921,391.44,23.743665105730017,4.150239727523986,0.0,10.356588235080652,358.0,436.0,372.0,385.0,411.5
infant7,922,359.68,15.088095050234072,2.5071326821120348,0.0,70.59032097244126,340.0,388.0,346.0,357.0,371.0
infant7,923,347.64,4.893811168721372,1.5907898179514348,0.0,57.041506686084325,340.0,356.0,344.0,348.0,352.0
infant7,924,349.72,4.763980499968659,1.9166296949998198,0.0,5.175407584537505,340.0,360.0,346.5,350.0,352.0
infant7,925,351.64,4.511934288130553,1.8294640678379568,0.0,13.488469062920228,344.0,360.0,348.0,351.0,356.0
infant7,926,354.84,5.715571283961107,2.407471363764674,0.0,36.83465656795333,346.0,366.0,350.0,356.0,358.0
infant7,927,370.08,16.34805112269362,3.1558174334820746,0.0,6.978181042672944,348.0,398.0,358.5,364.0,388.5
infant7,928,389.12,11.739763235105151,3.1558174334820746,0.0,6.114846908131925,364.0,404.0,386.0,392.0,396.0
infant7,929,388.08,9.079782430190265,2.7255405754769875,0.0,20.324031637193972,372.0,404.0,382.0,388.0,396.0
infant7,930,384.64,5.60524535682463,2.6186146828319083,0.0,1.6237615063771285,372.0,396.0,382.0,386.0,388.0
infant7,931,387.96,2.4740283600902013,2.3733211036908783,0.0,2.16135847144861,382.0,396.0,386.0,388.0,390.0
infant7,932,387.68,3.7766198038533267,2.710523708715754,0.0,8.364356061600569,380.0,396.0,386.0,388.0,390.0
infant7,933,391.24,5.172770149582153,2.4907993963089563,0.0,0.566527590490066,380.0,400.0,390.0,392.0,396.0
infant7,934,394.88,2.8900956837489815,2.0995626366712954,0.0,3.6420704611476906,388.0,400.0,392.0,396.0,396.0
infant7,935,404.16,11.646774100100659,3.3319725113401715,0.0,12.05466626425154,388.0,430.0,396.0,398.0,413.5
infant7,936,405.6,11.190374872894935,3.499271061118826,0.0,5.621208240367101,388.0,430.0,396.5,404.0,413.5
infant7,937,392.52,7.685767392275366,2.857142857142857,0.0,8.248153739072794,378.0,408.0,388.0,390.0,399.5
infant7,938,378.12,10.8977436346489,2.7255405754769875,0.0,13.269789234382312,358.0,392.0,370.0,380.0,388.0
infant7,939,376.92,18.066588849394375,4.050699108216522,0.0,27.31631155765432,358.0,432.0,364.5,375.0,382.0
infant7,940,392.12,18.53142945244701,4.47213595499958,0.0,3.7002937076235938,358.0,432.0,382.0,393.0,400.0
infant7,941,396.48,7.903086454683645,3.0904725218262765,0.0,2.070397136390275,388.0,426.0,392.0,394.0,396.0
infant7,942,395.52,4.739069055226362,2.602981022612657,0.0,2.6091299077464982,388.0,406.0,392.0,394.0,398.0
infant7,943,395.72,4.571607139369556,2.5555062599997598,0.0,7.4947451993250676,390.0,406.0,392.0,394.0,398.0
infant7,944,391.96,2.8711087241904387,2.3035022137995855,0.0,4.563318514740448,386.0,400.0,390.0,392.0,394.0
infant7,945,388.44,2.689055672194844,2.138089935299395,0.0,1.8687635984570379,384.0,394.0,386.0,388.0,390.0
infant7,946,382.6,5.018333734357228,2.249716535431946,0.0,7.147268244768993,374.0,390.0,378.0,384.0,386.0
infant7,947,380.96,4.1843244889195,2.4743582965269675,0.0,30.19814692757735,374.0,388.0,378.0,380.0,384.0
infant7,948,384.8,3.636549160387958,2.602981022612657,0.0,2.6456550513192236,378.0,392.0,382.0,385.0,387.5
infant7,949,388.72,4.015480249316769,2.4907993963089563,0.0,1.975909316841329,382.0,398.0,386.0,390.0,392.0
infant7,950,383.36,10.83034286302203,2.3035022137995855,0.0,8.702202910536679,360.0,398.0,376.0,389.0,391.5
infant7,951,365.68,12.436680441667836,2.0603150145508513,0.0,66.53388043684129,350.0,394.0,356.0,360.0,375.0
infant7,952,355.32,2.874518593235595,2.3035022137995855,0.0,4.143275124875015,350.0,360.0,354.0,356.0,358.0
infant7,953,363.12,14.98385525715418,3.4641016151377544,0.0,17.55079610459824,350.0,404.0,354.0,356.0,362.0
infant7,954,420.48,86.29381229738507,26.89662751031384,12.244897959183673,25.52154227671186,354.0,722.0,362.5,393.0,425.5
infant7,955,422.92,84.17882811040324,26.79780679420597,12.244897959183673,20.857245593154904,368.0,722.0,374.0,386.0,425.5
infant7,956,377.64,5.7525859313841785,2.7255405754769875,0.0,10.088849422098399,368.0,394.0,374.0,378.0,380.0
infant7,957,379.44,2.021920687194758,2.3211538298959886,0.0,0.3722895188222519,376.0,384.0,378.0,380.0,380.0
infant7,958,380.68,1.4906511383709236,1.538618516324144,0.0,1.306123827373377,376.0,384.0,380.0,380.0,382.0
infant7,959,383.64,6.7332861855963655,2.080031396937291,0.0,3.5224976712315725,374.0,400.0,380.0,382.0,383.5
infant7,960,391.96,8.93047979605548,2.407471363764674,0.0,9.290660342479368,374.0,402.0,383.0,396.0,398.0
infant7,961,396.2,3.136356914300021,2.040408122440814,0.0,9.05697114770117,390.0,402.0,392.0,396.0,398.0
infant7,962,391.96,3.5338595423850854,2.2314999074019015,0.0,3.316684450785312,386.0,400.0,390.0,392.0,392.0
infant7,963,386.72,3.9950990383882368,2.407471363764674,0.0,8.020652079679147,378.0,394.0,384.0,388.0,390.0
infant7,964,386.92,5.114365522122715,2.9416086117105715,0.0,8.784421976419077,378.0,398.0,384.0,386.0,390.0
infant7,965,396.56,7.527256594320051,3.077237032648288,0.0,20.020721042988388,382.0,406.0,390.5,399.0,404.0
infant7,966,399.64,4.114484122200101,2.5714285714285716,0.0,13.164685947300743,392.0,406.0,396.0,400.0,404.0
infant7,967,393.08,5.0501161837513955,2.3386722205349857,0.0,1.8955814665268633,380.0,402.0,392.0,394.0,396.0
infant7,968,390.0,4.333071682315172,2.2131333406899527,0.0,1.3601984285767212,380.0,396.0,386.0,392.0,394.0
infant7,969,393.04,4.164769636180251,2.356060357495806,0.0,2.612240759221944,384.0,400.0,390.5,394.0,396.0
infant7,970,396.96,2.02997939066647,2.424366106925306,0.0,1.5774203961953148,394.0,402.0,396.0,396.0,398.0
infant7,971,396.92,4.00428342082397,2.2857142857142856,0.0,6.5485687351900825,388.0,404.0,396.0,398.0,400.0
infant7,972,392.2,5.454823740581937,1.7612611437054218,0.0,18.04232239026607,386.0,404.0,388.0,390.0,396.0
infant7,973,388.52,2.349468024894146,1.4846149779161804,0.0,2.818174052913822,384.0,392.0,386.0,388.0,390.0
infant7,974,390.28,3.07750230026937,1.7142857142857144,0.0,7.070560100135263,384.0,396.0,388.5,390.0,392.0
infant7,975,393.88,2.9804807172874734,2.0203050891044216,0.0,9.40381949172977,388.0,400.0,392.0,394.0,396.0
infant7,976,393.96,2.633845640340917,1.8516401995451028,0.0,4.8299882035815225,390.0,400.0,392.0,394.0,396.0
infant7,977,393.24,2.76685926712611,1.737932151513777,0.0,0.40541121132926383,390.0,400.0,392.0,392.0,394.0
infant7,978,395.92,2.8844410203711917,1.737932151513777,0.0,1.9502805129686036,390.0,400.0,394.0,396.0,398.0
infant7,979,397.8,1.52529689314733,1.538618516324144,0.0,11.336142032637579,394.0,400.0,398.0,398.0,398.0
infant7,980,394.84,4.53719323469693,1.958758457257441,0.0,13.33626924626981,386.0,400.0,390.5,396.0,398.0
infant7,981,392.48,3.4180791837115843,1.8735538640862859,0.0,9.216105979530603,386.0,400.0,390.0,392.0,396.0
infant7,982,393.56,4.262604358648284,2.0,0.0,3.4215376954951986,386.0,404.0,390.0,394.0,396.0
infant7,983,397.2,5.421047417431508,2.0603150145508513,0.0,19.582583882213658,386.0,404.0,394.0,400.0,401.5
infant7,984,400.72,2.010584238372478,1.979486637221574,0.0,6.57783604007345,398.0,404.0,400.0,400.0,402.0
infant7,985,397.48,4.291614985488968,1.8952141659173714,0.0,10.43545278162648,390.0,404.0,394.0,398.0,401.5
infant7,986,397.48,4.329490708607465,1.8735538640862859,0.0,22.516833362490136,390.0,404.0,394.0,398.0,402.0
infant7,987,392.64,10.640239371252463,2.424366106925306,0.0,33.37375332387008,372.0,404.0,384.0,398.0,402.0
infant7,988,383.92,7.644766116735804,3.1298431857438063,0.0,1.5284172707441515,372.0,402.0,378.0,384.0,389.5
infant7,989,374.4,11.570546703609478,3.0371845179241856,0.0,5.154423070284212,352.0,394.0,364.5,378.0,383.5
infant7,990,354.32,13.3606794401348,2.3733211036908783,0.0,23.563230667478027,336.0,380.0,342.0,351.0,364.0
infant7,991,347.76,8.858433085749075,2.5555062599997598,0.0,48.27207427541075,336.0,372.0,342.0,347.0,351.5
infant7,992,367.88,17.521578532932306,3.295017884191656,0.0,17.272376402487946,338.0,396.0,352.0,374.0,382.0
infant7,993,386.64,11.127755334096369,3.822596617217043,0.0,5.55469298885472,370.0,410.0,378.0,384.0,396.0
infant7,994,392.68,10.290554416749451,3.6027200608338545,0.0,4.071842061371184,370.0,410.0,392.0,396.0,398.0
infant7,995,394.96,6.919242615152828,3.1815796359028696,0.0,1.533716243049346,380.0,412.0,392.0,396.0,398.0
infant7,996,401.36,10.540030592837915,3.5456210417116734,0.0,24.07178023292664,380.0,418.0,394.5,402.0,410.0
infant7,997,403.4,7.196938124462855,3.7361990944634345,0.0,16.982647586765903,392.0,418.0,398.0,402.0,409.5
infant7,998,401.56,5.47036543196007,3.3441999744913216,0.0,2.9815867567895085,392.0,410.0,396.0,401.0,406.0
infant7,999,399.08,6.930677146880073,2.523360247522242,0.0,406.2151087962766,388.0,410.0,392.5,398.0,406.0
infant7,1000,394.32,3.1908031104717067,1.8735538640862859,0.0,3.13355143131346,388.0,400.0,392.0,394.0,398.0
infant7,1001,393.2,4.642307659791977,2.249716535431946,0.0,3.769215567483289,380.0,398.0,392.0,394.0,396.0
infant7,1002,398.28,9.380918539943796,2.8996833043120627,0.0,6.115224274518836,380.0,416.0,392.5,396.0,405.5
infant7,1003,404.88,5.498200076537108,2.8284271247461903,0.0,4.8088903391914455,388.0,416.0,402.0,405.0,408.0
infant7,1004,405.16,8.202438661763951,2.842821248876057,0.0,7.5718227758677665,390.0,422.0,400.5,406.0,410.0
infant7,1005,403.12,8.360841672307146,2.9137254363387344,0.0,7.5814499258282835,390.0,422.0,398.0,402.0,408.0
infant7,1006,398.04,3.6698440160367602,2.0,0.0,13.130820813919263,390.0,404.0,396.0,399.0,400.0
infant7,1007,394.4,4.040610178208843,1.7142857142857144,0.0,5.107926468051315,386.0,402.0,392.0,395.0,398.0
infant7,1008,398.44,6.704126052100227,1.8516401995451028,0.0,21.18695978540663,386.0,408.0,394.0,398.0,404.0
infant7,1009,400.72,4.421838199349281,1.8294640678379568,0.0,28.79495256291846,394.0,408.0,396.5,400.0,404.0
infant7,1010,392.24,6.56073664355783,1.7142857142857144,0.0,10.317803558566688,382.0,402.0,385.0,394.0,398.0
infant7,1011,383.08,6.67875095251457,2.0,0.0,4.264165837902525,366.0,396.0,380.5,384.0,388.0
infant7,1012,370.4,10.466662333722402,2.3211538298959886,0.0,45.69258209224486,356.0,388.0,362.0,366.0,380.0
infant7,1013,365.64,5.370972625025705,2.1946130708196026,0.0,2.2701107615085725,356.0,376.0,362.0,365.0,368.0
infant7,1014,374.64,7.233030809686736,2.5394841192330255,0.0,1.9045197167884385,364.0,392.0,368.5,372.0,381.5
infant7,1015,384.4,7.148569144683886,2.9965967090575756,0.0,3.3071545193510365,370.0,394.0,382.0,387.0,390.0
infant7,1016,386.88,5.065449191355499,3.4166459266003995,0.0,4.955716396615401,378.0,396.0,384.0,388.0,390.0
infant7,1017,388.32,7.6490362204686155,3.3073819722257785,0.0,3.9935390566137503,378.0,408.0,384.0,388.0,392.0
infant7,1018,394.52,5.908278522720541,2.5071326821120348,0.0,6.1194371980036175,384.0,408.0,390.0,394.0,398.0
infant7,1019,392.28,5.598979498852574,2.0603150145508513,0.0,21.392346920090322,380.0,404.0,388.0,394.0,396.0
infant7,1020,391.84,9.70453291939769,2.5071326821120348,0.0,8.734125490301047,376.0,412.0,386.0,390.0,399.5
infant7,1021,390.0,11.392801164215363,2.9692299558323607,0.0,33.91078816897112,376.0,412.0,380.0,384.0,401.5
infant7,1022,383.2,5.174505793221382,2.770102775666474,0.0,0.7191139762890026,376.0,402.0,380.0,382.0,384.0
infant7,1023,386.12,4.971921157862421,2.080031396937291,0.0,3.490705358234351,378.0,396.0,382.0,386.0,390.0
infant7,1024,390.52,3.8716130688773696,1.8516401995451028,0.0,14.587819668330711,384.0,396.0,386.0,392.0,394.0
infant7,1025,387.44,4.730103334074258,1.979486637221574,0.0,17.828342607421206,380.0,396.0,384.0,386.0,392.0
infant7,1026,382.8,3.4992710611188254,2.2857142857142856,0.0,0.6267868639831611,372.0,388.0,382.0,384.0,384.0
infant7,1027,380.88,4.74939308689832,2.3211538298959886,0.0,5.635194411366278,372.0,388.0,376.5,382.0,384.0
infant7,1028,368.92,13.088146997827259,2.3733211036908783,0.0,40.79858060061487,344.0,388.0,358.5,371.0,380.0
infant7,1029,354.16,7.664814919820441,2.040408122440814,0.0,21.809696588180056,342.0,370.0,348.5,354.0,358.0
infant7,1030,355.08,7.070606012765461,2.138089935299395,0.0,6.824205302307135,342.0,370.0,352.0,354.0,360.0
infant7,1031,357.24,5.853866679558121,2.6186146828319083,0.0,24.266595239210943,348.0,370.0,352.0,358.0,360.0
infant7,1032,354.28,3.9177252875324773,2.857142857142857,0.0,7.470570220630435,348.0,364.0,352.0,354.0,357.5
infant7,1033,359.52,6.946559859207363,2.5872528966106905,0.0,16.542209924337026,348.0,372.0,354.0,358.0,366.0
infant7,1034,371.44,7.351690073634464,2.407471363764674,0.0,8.044132191373425,358.0,382.0,366.0,372.0,378.0
infant7,1035,375.0,4.085814184592883,2.4907993963089563,0.0,12.394381434976385,366.0,382.0,372.0,376.0,378.0
infant7,1036,378.16,8.502964669058981,2.695423180587601,0.0,20.376990312614264,366.0,396.0,372.0,376.0,383.5
infant7,1037,378.84,8.232241245151124,2.424366106925306,0.0,4.740655997659309,368.0,396.0,372.0,378.0,383.5
infant7,1038,374.48,3.394112549695428,2.1570955529345,0.0,5.919730913823357,368.0,380.0,372.0,376.0,378.0
infant7,1039,376.12,2.2645448251924982,2.2131333406899527,0.0,6.734780245299775,370.0,380.0,376.0,376.0,378.0
infant7,1040,376.96,4.819009975384689,2.356060357495806,0.0,4.35998138021945,362.0,384.0,376.0,378.0,380.0
infant7,1041,372.08,8.30008605807365,2.813959371941744,0.0,11.493842569937089,360.0,386.0,364.0,370.0,380.0
infant7,1042,376.52,12.314318859749893,3.938299643454349,0.0,17.204596034142742,360.0,412.0,364.5,377.0,385.5
infant7,1043,401.76,22.015356421537827,5.965889433663172,0.0,6.8316948964048825,374.0,452.0,384.5,398.0,411.0
infant7,1044,404.92,19.21398300345722,4.481253468959463,0.0,4.347385708497626,382.0,452.0,392.0,400.0,407.5
infant7,1045,391.84,5.768882040742382,2.8284271247461903,0.0,1.8124339689502122,378.0,402.0,388.0,392.0,396.0
infant7,1046,387.56,7.775314154687361,3.0371845179241856,0.0,7.216229709072845,370.0,400.0,384.0,390.0,393.5
infant7,1047,382.84,5.758259374186626,2.3733211036908783,0.0,2.641452478384327,370.0,394.0,380.0,384.0,386.0
infant7,1048,386.56,5.253414827227979,2.3386722205349857,0.0,1.307838281968588,376.0,394.0,382.0,386.0,391.5
infant7,1049,383.88,9.867778940799687,3.356382892705923,0.0,5.293840409768554,362.0,394.0,378.0,387.0,391.5
infant7,1050,383.04,10.071094219374089,3.907084094622098,0.0,15.654850257284842,362.0,400.0,378.0,385.0,388.0
infant7,1051,389.84,4.879611894904958,3.1298431857438063,0.0,0.30634777245857336,376.0,400.0,388.0,390.0,392.0
infant7,1052,386.12,6.693402173264447,2.3035022137995855,0.0,5.701147756011412,372.0,396.0,380.0,389.0,390.0
infant7,1053,376.48,7.5111889327638055,2.0203050891044216,0.0,7.968621742437816,366.0,392.0,370.5,374.0,380.0
infant7,1054,366.64,7.244308110509933,1.9378085666072196,0.0,7.158765898320359,352.0,376.0,360.5,368.0,372.0
infant7,1055,352.72,11.246840826268885,2.1570955529345,0.0,102.47911580573202,338.0,376.0,342.5,352.0,360.0
infant7,1056,345.84,8.160032012742327,2.2131333406899527,0.0,23.159533505879374,336.0,364.0,338.5,344.0,351.5
infant7,1057,354.72,9.920171163763625,2.2131333406899527,0.0,4.643477460346742,336.0,372.0,349.0,360.0,360.0
infant7,1058,368.16,7.843780845943089,2.634155559226539,0.0,10.992660315263267,356.0,380.0,360.0,369.0,376.0
infant7,1059,369.32,7.39122480253663,2.799416848895061,0.0,40.00347332733662,356.0,380.0,362.0,372.0,376.0
infant7,1060,369.12,7.195917209765264,2.813959371941744,0.0,8.16771938866643,356.0,382.0,362.0,372.0,375.5
infant7,1061,374.52,2.880192737314924,2.9692299558323607,0.0,1.063262281468753,370.0,382.0,372.0,374.0,376.0
infant7,1062,370.68,8.227480086358675,3.0371845179241856,0.0,8.804095802613457,350.0,384.0,368.0,372.0,376.0
infant7,1063,356.88,12.682367640925406,2.5071326821120348,0.0,99.09473919556618,344.0,384.0,346.0,350.0,367.5
infant7,1064,349.64,5.9204246951910955,2.9137254363387344,0.0,25.181087705987558,342.0,366.0,346.0,348.0,350.0
infant7,1065,356.72,6.722001645525608,2.9416086117105715,0.0,6.861383451785149,342.0,368.0,350.5,360.0,360.0
infant7,1066,360.24,3.2233839488389613,2.8996833043120627,0.0,0.31738600150220025,354.0,368.0,358.0,360.0,362.0
infant7,1067,362.32,3.798173567516312,3.3441999744913216,0.0,8.301875009514804,354.0,370.0,360.0,362.0,366.0
infant7,1068,365.44,2.556783693851096,2.770102775666474,0.0,0.7281614534947372,360.0,370.0,364.0,366.0,366.0
infant7,1069,365.56,2.807860686119071,2.4743582965269675,0.0,7.543149511151362,358.0,370.0,364.0,366.0,366.0
infant7,1070,363.64,3.9110518445313716,3.2071349029490928,0.0,0.6936136786418197,356.0,370.0,362.0,364.0,366.0
infant7,1071,369.48,9.159003599670411,3.8332593899996397,0.0,11.990390696028957,356.0,388.0,362.5,368.0,375.5
infant7,1072,374.24,5.6804713802677345,3.475864303027554,0.0,3.1468537798144185,366.0,388.0,370.0,373.0,377.5
infant7,1073,375.84,7.338353260195953,3.0904725218262765,0.0,1.1233752462364517,366.0,394.0,372.0,374.0,379.5
infant7,1074,383.0,8.817885349720552,3.7471077281725718,0.0,18.830299990991577,370.0,404.0,376.0,380.0,392.0
infant7,1075,378.0,11.117186547624982,3.917516914514882,0.0,18.84769197346047,360.0,404.0,370.0,378.0,384.0
infant7,1076,370.16,5.581894930971754,3.6027200608338545,0.0,9.609778005016153,360.0,384.0,366.0,370.0,373.5
infant7,1077,368.64,4.069598586231967,3.3441999744913216,0.0,8.338314475950545,362.0,380.0,366.0,368.0,370.0
infant7,1078,379.64,14.471308700674037,3.7579846965616874,0.0,29.659533727415532,362.0,408.0,366.0,373.0,392.0
infant7,1079,387.28,8.50219659492625,3.865071216705338,0.0,15.627793347616745,372.0,408.0,380.5,384.0,392.0
infant7,1080,380.08,5.524860326981403,3.7904283318347427,0.0,17.86357913688395,366.0,392.0,376.5,382.0,384.0
infant7,1081,375.72,5.628063791466504,3.3926691677251193,0.0,23.28053214884375,366.0,392.0,372.0,375.0,378.0
infant7,1082,376.6,6.70363897522861,3.4641016151377544,0.0,2.529919506267794,368.0,394.0,372.0,374.0,378.0
infant7,1083,378.68,6.188996160072144,3.5685702847990846,0.0,5.041434952430127,368.0,394.0,374.0,378.0,382.0
infant7,1084,373.96,4.8232430448182635,2.7847983842311326,0.0,39.566541585330405,366.0,384.0,370.0,372.0,378.0
infant7,1085,375.44,6.2209652115459795,2.8713930346059686,0.0,10.103405467903624,366.0,388.0,370.0,372.0,382.0
infant7,1086,375.28,6.334357239109036,3.0371845179241856,0.0,13.820780413763657,368.0,388.0,370.0,373.0,382.0
infant7,1087,370.56,3.13088629298348,3.6027200608338545,0.0,2.4582317651933345,364.0,380.0,368.0,370.0,372.0
infant7,1088,375.76,8.296938210778082,4.050699108216522,0.0,6.507907026247841,362.0,396.0,368.0,374.0,383.5
infant7,1089,378.68,7.005653693515644,4.030495994190253,0.0,16.814913688673872,362.0,396.0,374.0,379.0,384.0
infant7,1090,377.2,2.857142857142857,3.510915922127002,0.0,1.0264419495039334,370.0,384.0,374.5,378.0,379.5
infant7,1091,377.92,4.159277802303507,3.4522988495984492,0.0,1.3916717287523115,368.0,390.0,376.0,378.0,380.0
infant7,1092,375.44,5.36108426438122,3.404678653660853,0.0,8.118905673462196,366.0,390.0,372.0,374.0,378.0
infant7,1093,374.08,3.180553154303028,2.6649654437396615,0.0,6.338485518993042,366.0,380.0,372.0,374.0,376.0
infant7,1094,376.32,5.647611017419811,2.75532878885513,0.0,9.712480358644337,366.0,388.0,372.5,376.0,380.0
infant7,1095,376.0,5.938459911664721,2.6649654437396615,0.0,82.8226603257283,366.0,388.0,372.0,376.0,380.0
infant7,1096,368.4,9.689042833036098,2.770102775666474,0.0,32.64816466169645,348.0,382.0,360.5,372.0,376.0
infant7,1097,437.24,172.32806397291495,45.51922670696417,18.367346938775512,29.567630765535775,348.0,934.0,352.0,362.0,376.0
infant7,1098,450.44,171.25862528554254,50.63917979798098,22.448979591836736,73.87961197853252,348.0,934.0,352.5,368.0,447.5
infant7,1099,387.36,47.1912132949016,17.82912087065451,2.0408163265306123,21.593744640821082,346.0,592.0,356.0,377.0,402.0
infant7,1100,377.12,28.26163477224911,9.129454462097405,0.0,2.728680744869837,346.0,468.0,362.0,368.0,385.5
infant7,1101,366.32,6.619205205386852,3.232488142567074,0.0,6.030437903978794,356.0,380.0,362.0,366.0,372.0
infant7,1102,370.36,12.915360258709198,4.160062793874582,0.0,1.642632430145253,356.0,410.0,362.0,368.0,374.0
infant7,1103,384.44,14.423846468219757,4.228185310556784,0.0,1.6196421969341306,362.0,410.0,370.0,388.0,396.0
infant7,1104,385.76,9.121761376633621,3.404678653660853,0.0,19.290883531454487,372.0,404.0,378.0,382.0,394.0
infant7,1105,375.96,4.208640286508754,3.3073819722257785,0.0,12.588334843858716,366.0,384.0,372.5,376.0,380.0
infant7,1106,373.08,5.941345961710586,3.05059378629466,0.0,8.221368473737888,362.0,386.0,370.0,374.0,377.5
infant7,1107,376.08,7.38404236395303,3.0639443699324596,0.0,13.81254133678496,362.0,388.0,372.0,376.0,382.0
infant7,1108,376.04,5.488243464582325,3.232488142567074,0.0,3.3911742973865366,368.0,388.0,372.0,374.0,381.0
infant7,1109,370.48,3.823877719844939,2.9137254363387344,0.0,1.1360634683362882,362.0,378.0,368.0,372.0,373.5
infant7,1110,379.4,13.131983079178738,3.7252585172586565,0.0,19.988445865875814,362.0,406.0,368.5,374.0,394.0
infant7,1111,384.88,12.163243391296517,4.2185208743524,0.0,9.6526489616539,362.0,406.0,374.0,388.0,394.0
infant7,1112,382.56,11.292330791022621,3.7471077281725718,0.0,26.047019571598973,362.0,398.0,371.0,386.0,392.0
infant7,1113,378.68,9.935383069348351,3.5685702847990846,0.0,17.28493984375188,366.0,398.0,370.0,374.0,388.0
infant7,1114,372.4,4.0203563655629395,3.077237032648288,0.0,1.0790578635214574,366.0,380.0,370.0,372.0,375.5
infant7,1115,375.24,5.553303852074853,2.799416848895061,0.0,7.057337238988945,366.0,390.0,370.0,376.0,378.0
infant7,1116,381.32,6.422028416286542,3.232488142567074,0.0,7.624896921924247,370.0,392.0,378.0,382.0,386.0
infant7,1117,378.28,8.191683189027012,3.356382892705923,0.0,8.709804363290031,364.0,392.0,372.0,378.0,384.0
infant7,1118,373.48,5.625162129182752,3.3441999744913216,0.0,1.2088921546642595,364.0,386.0,370.0,372.0,376.0
infant7,1119,379.4,6.8123537243236365,3.077237032648288,0.0,10.409371083487528,368.0,390.0,374.0,380.0,386.0
infant7,1120,377.64,6.900931614126976,2.5071326821120348,0.0,13.982483606404212,366.0,390.0,372.0,376.0,384.0
infant7,1121,372.76,3.6787309258071317,2.602981022612657,0.0,8.792365414731783,366.0,380.0,370.0,372.0,376.0
infant7,1122,373.08,5.36367221144588,2.5394841192330255,0.0,2.663296185710101,364.0,382.0,368.0,373.0,378.0
infant7,1123,372.72,4.977664397801729,3.557114170853924,0.0,2.417893671567337,364.0,382.0,368.5,372.0,376.0
infant7,1124,378.2,9.365590516047865,3.8332593899996397,0.0,10.575629608754843,366.0,394.0,370.0,374.0,389.5
infant7,1125,381.76,7.87286738211222,3.270149469217028,0.0,23.044947524270178,368.0,394.0,376.0,381.0,389.5
infant7,1126,381.24,3.9152240793901867,3.614031611621005,0.0,2.5875053620978727,374.0,388.0,378.0,381.0,384.0
infant7,1127,384.6,7.001457574195912,3.875617133214439,0.0,2.2530664295854397,376.0,402.0,380.0,384.0,386.0
infant7,1128,382.6,8.955673153518559,3.557114170853924,0.0,6.767688562741857,368.0,402.0,378.0,380.0,388.0
infant7,1129,375.92,7.238897198680281,3.368521749300456,0.0,32.38933005537584,366.0,394.0,370.0,376.0,380.0
infant7,1130,382.56,11.435997587282296,3.7579846965616874,0.0,25.198050444098357,366.0,402.0,372.0,384.0,390.0
infant7,1131,384.72,9.3438618944225,3.270149469217028,0.0,12.036267907473308,368.0,402.0,380.0,384.0,390.0
infant7,1132,387.0,12.442520907380958,4.100771455544949,0.0,3.2994123855524258,368.0,416.0,378.0,383.0,395.5
infant7,1133,387.64,11.764283545840723,4.199125273342591,0.0,10.557949561270316,374.0,416.0,376.5,385.0,395.5
infant7,1134,376.84,4.258772458953737,3.219836477024184,0.0,2.1194068416078404,370.0,390.0,374.0,376.0,380.0
infant7,1135,376.44,3.9026939936617198,3.1558174334820746,0.0,8.234206869018568,370.0,384.0,374.0,376.0,380.0
infant7,1136,378.52,3.8292110339934444,2.813959371941744,0.0,6.7665550326486885,370.0,384.0,376.0,380.0,382.0
infant7,1137,373.96,5.958906898800436,2.3386722205349857,0.0,140.79041344020587,366.0,384.0,368.0,372.0,380.0
infant7,1138,372.08,6.951258878793107,2.523360247522242,0.0,13.925504774000807,366.0,390.0,368.0,370.0,372.0
infant7,1139,377.52,8.177220724397149,2.390457218668787,0.0,183.83147509119388,366.0,390.0,370.0,376.0,385.5
infant7,1140,376.16,6.322489822136561,2.0603150145508513,0.0,22.65131737798932,370.0,390.0,372.0,373.0,378.0
infant7,1141,380.92,14.16641616425183,4.257046978786097,0.0,8.468759687851197,370.0,434.0,372.0,378.0,384.0
infant7,1142,399.76,17.410482416038437,5.413512948998976,0.0,1.5707905446856887,378.0,438.0,384.0,399.0,412.0
infant7,1143,396.84,15.831201431840547,4.370588154508101,0.0,85.5785851683109,378.0,438.0,384.0,391.0,410.0
infant7,1144,387.36,8.604128102728554,3.356382892705923,0.0,8.226754905031067,376.0,408.0,380.0,384.0,392.0
infant7,1145,385.24,9.755291604340398,3.0371845179241856,0.0,20.107023327303143,372.0,408.0,378.0,381.0,392.0
infant7,1146,388.88,23.390770899337756,5.398412465054624,0.0,6.3150328261958215,366.0,442.0,376.0,380.0,390.0
infant7,1147,394.4,22.398979568593873,5.613395058396715,0.0,5.4466685448638446,366.0,442.0,380.0,391.0,404.0
infant7,1148,385.48,7.822625479195275,2.8855728395320224,0.0,24.331074726485685,378.0,406.0,380.0,382.0,389.5
infant7,1149,382.56,3.659820448367066,2.8855728395320224,0.0,10.694361817512405,376.0,392.0,380.0,382.0,384.0
infant7,1150,381.96,4.2664328167207595,3.3319725113401715,0.0,11.735509786865274,376.0,392.0,378.5,380.0,384.0
infant7,1151,391.76,15.782397841666933,4.615855548972432,0.0,11.580044949428338,376.0,426.0,380.0,384.0,404.0
infant7,1152,398.12,11.975553329638693,5.038626311013828,0.0,15.509553669559397,382.0,426.0,390.5,396.0,404.0
infant7,1153,394.84,11.321570526374575,4.965184913423648,0.0,2.5411844925863365,382.0,438.0,388.0,392.0,396.0
infant7,1154,401.96,15.034599551483552,5.1269595556932455,0.0,4.697001762481546,382.0,438.0,392.5,397.0,404.0
infant7,1155,392.08,19.076473383062545,4.247448213519573,0.0,16.377939749357715,362.0,436.0,376.0,394.0,399.5
infant7,1156,369.8,11.480240344493966,3.6027200608338545,0.0,121.3891549775135,352.0,398.0,360.5,368.0,376.0
infant7,1157,368.12,11.083431281854544,3.3073819722257785,0.0,2.914073331974731,352.0,402.0,360.5,368.0,370.0
infant7,1158,389.92,18.89589092574232,4.090806018078958,0.0,4.236138794608373,364.0,424.0,368.0,397.0,404.0
infant7,1159,397.4,11.221335363803131,4.0203563655629395,0.0,5.47860417472633,380.0,424.0,390.0,396.0,404.0
infant7,1160,393.12,7.218570156342654,3.404678653660853,0.0,19.91166106667662,380.0,406.0,388.0,393.0,398.0
infant7,1161,394.76,5.769589523120872,3.319700011034929,0.0,2.5802657143900305,384.0,406.0,392.0,396.0,398.0
infant7,1162,395.04,5.162502161881249,3.3073819722257785,0.0,19.164207352302153,384.0,404.0,392.0,396.0,398.0
infant7,1163,397.32,3.930207451553276,3.05059378629466,0.0,0.5815224872332512,388.0,404.0,396.0,398.0,400.0
infant7,1164,397.32,6.6099492109568105,3.5799897388976194,0.0,2.7259152945523324,384.0,414.0,392.5,396.0,401.5
infant7,1165,391.16,9.302972972251881,3.801181341614306,0.0,6.513874781217444,378.0,414.0,384.0,388.0,394.0
infant7,1166,392.24,16.190901955186096,4.840306956027833,0.0,21.114127779684786,378.0,438.0,382.0,386.0,396.5
infant7,1167,397.32,14.61120621094561,5.006118705124352,0.0,4.658626293654727,378.0,438.0,390.0,395.0,400.0
infant7,1168,394.84,4.999428538771778,3.822596617217043,0.0,2.83790974975224,386.0,408.0,392.0,394.0,398.0
infant7,1169,397.2,7.284313590846835,3.356382892705923,0.0,7.7607429852264245,386.0,410.0,390.5,397.0,403.5
infant7,1170,387.8,13.904924982735801,3.0371845179241856,0.0,55.65085142278332,368.0,410.0,374.5,388.0,399.5
infant7,1171,371.6,8.369039151929606,2.5555062599997598,0.0,4.64269695203198,354.0,390.0,366.5,373.0,376.0
infant7,1172,356.92,12.042170798947355,1.6659862556700857,0.0,76.87162097986032,342.0,378.0,346.0,354.0,366.0
infant7,1173,346.48,2.815699427372553,1.5118578920369088,0.0,13.764200411168188,342.0,354.0,344.0,346.0,348.0
infant7,1174,347.92,2.248264636903543,1.8070158058105026,0.0,4.018913110126933,342.0,352.0,346.0,348.0,350.0
infant7,1175,359.52,15.072938313008354,3.05059378629466,0.0,18.20053057325574,346.0,394.0,350.0,350.0,371.0
infant7,1176,365.28,13.32029294278593,3.7904283318347427,0.0,10.63769484078989,350.0,394.0,354.0,361.0,376.0
infant7,1177,354.52,9.361754588729179,2.770102775666474,0.0,7.469020097765149,340.0,378.0,348.0,352.0,359.5
infant7,1178,343.6,5.495824017620384,1.9378085666072196,0.0,46.81700199780879,336.0,354.0,340.0,342.0,348.0
infant7,1179,343.2,4.831867007225075,1.979486637221574,0.0,32.724346487678034,336.0,352.0,340.0,342.0,348.0
infant7,1180,346.16,4.273124364763411,2.0,0.0,50.74512219587836,340.0,356.0,342.0,346.0,350.0
infant7,1181,357.4,16.01657304934167,3.5799897388976194,0.0,10.381742680986964,340.0,394.0,344.0,356.0,362.0
infant7,1182,379.8,14.463183379511847,4.150239727523986,0.0,3.557692336770679,356.0,402.0,362.5,386.0,391.5
infant7,1183,396.76,10.5124998483341,4.932193286180591,0.0,8.314690518079468,382.0,418.0,388.0,394.0,404.0
infant7,1184,393.96,12.430968570141136,4.873920602637709,0.0,19.57262426932903,376.0,418.0,384.0,390.0,404.0
infant7,1185,379.08,6.580242536315413,3.319700011034929,0.0,64.8718712737144,370.0,392.0,374.0,378.0,384.0
infant7,1186,372.68,3.650216655577181,2.9692299558323607,0.0,0.9556608313250285,366.0,382.0,370.0,372.0,375.5
infant7,1187,380.08,11.27004336952704,4.257046978786097,0.0,4.514782140890218,366.0,406.0,372.0,377.0,385.5
infant7,1188,394.2,10.933938924658547,5.030519103331145,0.0,15.126656638599316,376.0,416.0,384.5,394.0,401.5
infant7,1189,397.92,7.216308061662578,4.090806018078958,0.0,3.176956158918068,382.0,416.0,392.0,396.0,400.0
infant7,1190,389.56,8.053798698091962,3.1298431857438063,0.0,8.447298391676766,372.0,404.0,384.0,392.0,396.0
infant7,1191,383.96,6.791230840321259,3.1558174334820746,0.0,10.820903747773531,372.0,400.0,378.5,384.0,388.0
infant7,1192,380.56,10.47477046653198,2.770102775666474,0.0,14.546485063131785,366.0,400.0,372.0,380.0,389.5
infant7,1193,369.64,10.37020850753715,2.0603150145508513,0.0,12.444785450843348,360.0,398.0,364.0,366.0,371.0
infant7,1194,361.32,5.807946702403456,2.0995626366712954,0.0,11.150903238888901,346.0,370.0,358.5,362.0,364.0
infant7,1195,349.72,11.74567223817056,2.2677868380553634,0.0,90.84320057063766,332.0,370.0,338.5,348.0,358.0
infant7,1196,336.4,5.030519103331145,1.9166296949998198,0.0,21.617476740716846,328.0,348.0,332.0,336.0,338.0
infant7,1197,332.72,2.090210418076787,1.8952141659173714,0.0,3.0212626846146065,328.0,338.0,332.0,332.0,334.0
infant7,1198,330.76,2.3172820109704704,1.8516401995451028,0.0,4.678305996125985,326.0,334.0,328.5,330.0,332.0
infant7,1199,333.4,6.691450530645925,2.1189138534559038,0.0,30.879875191594028,326.0,350.0,328.5,330.0,335.5
infant7,1200,345.4,9.251585633538387,1.958758457257441,0.0,20.47002095776617,330.0,356.0,336.0,350.0,354.0
infant7,1201,360.44,10.071499493164676,2.424366106925306,0.0,3.390138849691846,350.0,384.0,354.0,356.0,363.5
infant7,1202,370.8,8.111468323759079,2.8855728395320224,0.0,13.091816945449064,356.0,384.0,364.0,373.0,378.0
infant7,1203,378.08,10.419448064037926,3.0639443699324596,0.0,2.730141777068885,364.0,402.0,372.0,375.0,380.0
infant7,1204,385.48,9.653676470016753,3.4166459266003995,0.0,5.508832233166317,368.0,402.0,376.0,386.0,392.0
infant7,1205,385.4,7.230886134196436,3.4641016151377544,0.0,6.816087969911242,372.0,398.0,380.5,386.0,390.0
infant7,1206,383.52,18.885519774230655,5.1981158281886435,0.0,12.589212582051978,366.0,436.0,370.0,376.0,389.5
infant7,1207,392.48,22.437432280609535,10.309496315810694,0.0,3.4139998635060933,366.0,436.0,370.0,388.0,405.5
infant7,1208,393.0,14.195428985473903,9.731077923386515,0.0,3.7340705745658553,376.0,436.0,384.0,388.0,398.0
infant7,1209,393.48,13.754761698690206,4.907304010662191,0.0,5.5792364170520505,376.0,432.0,384.0,390.0,399.5
infant7,1210,402.4,17.645025893308013,4.865538961693257,0.0,8.635614045083567,380.0,440.0,388.5,399.0,413.0
infant7,1211,391.88,18.780841301709568,4.27617987059879,0.0,30.34341317586396,374.0,440.0,380.0,382.0,399.0
infant7,1212,381.8,3.642156795423417,4.030495994190253,0.0,8.185990931520935,374.0,390.0,380.0,382.0,384.0
infant7,1213,382.68,3.8462279427713457,3.0904725218262765,0.0,69.97174689868727,376.0,390.0,380.0,384.0,386.0
infant7,1214,383.08,3.5961430586058705,2.8996833043120627,0.0,4.258037691034303,376.0,390.0,380.0,384.0,386.0
infant7,1215,384.76,2.3172820109704704,2.740475156178697,0.0,4.76577808835068,380.0,390.0,384.0,384.0,386.0
infant7,1216,393.28,9.38744276321582,2.799416848895061,0.0,11.095463321241327,382.0,412.0,384.5,388.0,402.0
infant7,1217,395.0,9.127218768550451,3.116774889895918,0.0,13.109409839956232,378.0,412.0,388.0,396.0,402.0
infant7,1218,375.4,15.216800596977123,2.249716535431946,0.0,33.18453640413807,352.0,400.0,361.0,377.0,391.0
infant7,1219,353.52,10.509936988878863,1.8070158058105026,0.0,62.044041482363454,340.0,376.0,344.0,352.0,360.0
infant7,1220,344.68,2.4779846979481746,1.958758457257441,0.0,4.119718954406922,340.0,352.0,344.0,344.0,346.0
infant7,1221,345.16,2.652376677777183,2.3035022137995855,0.0,2.4349105920291714,338.0,350.0,344.0,346.0,348.0
infant7,1222,340.52,6.017796735601861,2.0995626366712954,0.0,44.55212482526108,332.0,350.0,334.5,340.0,348.0
infant7,1223,333.08,3.109170110416959,2.040408122440814,0.0,10.895229149620585,328.0,340.0,330.0,333.0,336.0
infant7,1224,332.32,2.3337803264756727,2.0203050891044216,0.0,3.717013175946773,328.0,336.0,330.0,332.0,334.0
infant7,1225,362.32,44.575750706190114,11.12452704796102,0.0,11.681580318403626,332.0,484.0,334.0,336.0,380.5
infant7,1226,391.36,35.25867095553972,11.78030178747903,0.0,1.603860972819603,334.0,484.0,370.0,391.0,404.0
infant7,1227,374.16,22.49295581342056,4.7207747548166585,0.0,20.795254456022345,340.0,416.0,352.0,373.0,393.5
infant7,1228,369.44,19.247220843646016,4.580348440537542,0.0,4.788514272684325,340.0,416.0,352.0,374.0,381.5
infant7,1229,389.28,14.059697793367263,4.763809143009447,0.0,2.316007828974774,352.0,418.0,380.0,390.0,396.0
infant7,1230,395.2,13.155273637967243,4.2185208743524,0.0,12.060265029968397,380.0,438.0,384.5,392.0,401.5
infant7,1231,402.92,19.708943375523504,5.428571428571429,0.0,5.38773788308671,380.0,452.0,386.5,400.0,411.5
infant7,1232,396.68,20.739826618447545,5.030519103331145,0.0,3.787040433811093,372.0,452.0,380.5,393.0,402.0
infant7,1233,384.76,5.640813373105344,3.142857142857143,0.0,8.954299866831418,372.0,396.0,380.5,386.0,389.5
infant7,1234,384.92,4.222582631711623,2.4907993963089563,0.0,31.475666389016716,376.0,390.0,382.0,386.0,388.0
infant7,1235,383.68,6.393363906490567,2.7255405754769875,0.0,1.7714454033601128,376.0,404.0,380.0,382.0,386.0
infant7,1236,390.44,8.293493884746436,3.1036515689143473,0.0,1.3441456388742337,376.0,404.0,384.0,390.0,398.0
infant7,1237,393.04,4.557836937739261,3.1036515689143473,0.0,12.037755638260622,386.0,402.0,390.0,392.0,397.5
infant7,1238,389.28,3.3260873624812,2.407471363764674,0.0,3.417681230000855,380.0,396.0,388.0,390.0,392.0
infant7,1239,384.44,4.50469143204717,2.4411439272335804,0.0,9.724457532271067,378.0,392.0,380.0,382.0,390.0
infant7,1240,379.72,3.9797446333827473,3.0639443699324596,0.0,2.2546899326484615,370.0,388.0,378.0,380.0,382.0
infant7,1241,382.28,7.897403344887276,3.232488142567074,0.0,9.773530964113608,370.0,400.0,376.5,380.0,386.0
infant7,1242,388.48,6.86380628621568,2.8284271247461903,0.0,9.754835602590997,376.0,400.0,384.5,390.0,394.0
infant7,1243,385.0,9.504027073417083,2.5555062599997598,0.0,25.80042567388533,362.0,396.0,378.0,388.0,392.0
infant7,1244,365.8,15.498518691560593,2.390457218668787,0.0,150.6364996804297,346.0,396.0,352.0,362.0,378.0
infant7,1245,349.8,4.80221037542046,1.7612611437054218,0.0,5.249861914026776,342.0,362.0,346.0,348.0,352.0
infant7,1246,369.56,46.75649469237795,11.252210667151553,2.0408163265306123,34.771638278073404,340.0,534.0,346.0,348.0,364.0
infant7,1247,434.4,82.27976168945477,28.455479010452198,8.16326530612245,4.503017972504172,340.0,676.0,368.5,430.0,477.5
infant7,1248,444.24,68.70182839262574,23.264231983796893,4.081632653061225,15.235982095043601,368.0,676.0,400.5,435.0,461.5
infant7,1249,418.8,24.494897427831784,9.90567761334841,0.0,18.945724894746025,368.0,456.0,402.0,419.0,439.5
infant7,1250,414.48,18.61121013951384,4.580348440537542,0.0,19.471404982644916,388.0,456.0,402.0,410.0,424.5
infant7,1251,403.12,6.653647150861192,3.3926691677251193,0.0,4.861045566928092,388.0,416.0,398.0,404.0,410.0
infant7,1252,401.24,4.692851706889655,2.634155559226539,0.0,4.101144189527555,394.0,410.0,398.0,400.0,404.0
infant7,1253,394.2,6.505884306706114,2.8996833043120627,0.0,8.007723579664638,382.0,404.0,390.0,394.0,400.0
infant7,1254,387.48,4.116864271332179,2.9965967090575756,0.0,16.940834125459848,382.0,396.0,384.0,388.0,390.0
infant7,1255,387.24,3.8095476189732143,2.75532878885513,0.0,5.802277308660395,380.0,394.0,384.0,388.0,390.0
infant7,1256,388.92,3.4097100241779494,2.9277002188455996,0.0,6.121266550650621,380.0,394.0,386.5,390.0,392.0
infant7,1257,387.88,3.3174861394909074,2.8996833043120627,0.0,7.504124977119498,382.0,394.0,384.5,388.0,390.0
infant7,1258,394.2,8.937424182638315,2.75532878885513,0.0,5.486168023507807,382.0,408.0,386.0,390.0,402.0
infant7,1259,398.04,7.2223010635850144,3.116774889895918,0.0,40.31735906921187,384.0,408.0,392.5,400.0,404.0
infant7,1260,395.76,6.13640857538688,3.510915922127002,0.0,10.964643704134838,384.0,412.0,390.5,396.0,399.5
infant7,1261,405.72,14.50128776829063,4.389226141639205,0.0,6.3889634333078495,388.0,438.0,396.0,399.0,413.5
infant7,1262,406.08,14.095649929633451,4.080816244881628,0.0,26.826388329619565,390.0,438.0,396.0,400.0,413.5
infant7,1263,393.08,6.739587585032672,3.356382892705923,0.0,26.599937613318172,380.0,404.0,388.0,393.0,399.5
infant7,1264,403.04,24.041596605611257,7.3844845618971915,0.0,7.013734907920467,380.0,508.0,388.0,401.0,408.0
infant7,1265,498.28,114.29857784749197,26.04548611446474,6.122448979591836,49.75538502812348,400.0,748.0,408.0,454.0,531.5
infant7,1266,550.4,122.09731816072299,43.4774161408623,16.3265306122449,23.769714874237394,394.0,816.0,452.5,510.0,627.0
infant7,1267,463.56,107.68380773811629,35.773664923247885,10.204081632653061,21.416683203042613,388.0,816.0,396.5,419.0,481.5
infant7,1268,414.24,16.515373172302468,4.755233422026639,0.0,18.468873723421133,388.0,442.0,400.5,417.0,429.5
infant7,1269,418.16,9.653930150303491,3.8332593899996397,0.0,20.218490083708996,404.0,436.0,410.0,414.0,427.5
infant7,1270,402.12,12.023174900743879,2.695423180587601,0.0,30.35754085264517,384.0,430.0,390.0,407.0,410.0
infant7,1271,398.76,15.866226484490346,4.417035666782945,0.0,3.0570232790327894,380.0,440.0,388.0,392.0,405.5
infant7,1272,396.32,18.80668574128436,4.462999814803803,0.0,75.86335283766199,372.0,440.0,380.0,392.0,406.0
infant7,1273,399.56,16.17400282388187,2.813959371941744,0.0,3.594858782197855,372.0,422.0,383.0,406.0,412.0
infant7,1274,409.92,5.390240614068264,3.3073819722257785,0.0,3.8665861439827767,400.0,422.0,406.0,410.0,414.0
infant7,1275,408.56,3.332952359181185,2.982944716831586,0.0,2.5177203906768137,402.0,416.0,406.0,408.0,411.5
infant7,1276,407.4,5.830951894845301,2.523360247522242,0.0,6.7369045683050635,394.0,416.0,406.0,410.0,412.0
infant7,1277,408.28,8.349605880959109,3.3073819722257785,0.0,54.405399146657274,394.0,424.0,400.0,410.0,414.0
infant7,1278,397.96,15.110423487089424,3.0237157840738176,0.0,93.43576401486212,380.0,424.0,384.0,394.0,411.5
infant7,1279,387.72,7.526931239060911,2.9965967090575756,0.0,6.524405836312183,372.0,404.0,382.0,386.0,392.0
infant7,1280,377.12,15.939477368330186,2.813959371941744,0.0,88.06659526997313,354.0,404.0,362.5,374.0,391.5
infant7,1281,354.48,10.234475550604358,1.737932151513777,0.0,196.35525067108568,338.0,374.0,346.0,354.0,362.0
infant7,1282,340.0,6.651683843898752,1.3997084244475304,0.0,33.98180953049668,332.0,354.0,334.0,338.0,346.0
infant7,1283,335.52,3.1183459770610864,2.1189138534559038,0.0,4.939139641890502,332.0,342.0,332.5,334.0,338.0
infant7,1284,334.8,4.040610178208842,2.2677868380553634,0.0,99.70901094432773,328.0,342.0,332.0,334.0,338.0
infant7,1285,340.72,10.02657692824222,3.3441999744913216,0.0,5.079485345474985,328.0,364.0,332.0,338.0,348.0
infant7,1286,348.0,8.85253336275981,3.7142857142857144,0.0,2.992655152986968,330.0,364.0,342.0,348.0,353.5
infant7,1287,351.96,12.178870964058355,3.3926691677251193,0.0,40.71522247917044,332.0,370.0,340.5,352.0,364.0
infant7,1288,364.04,16.39058963464794,3.822596617217043,0.0,4.855544148434076,332.0,402.0,356.5,363.0,368.0
infant7,1289,384.32,17.535317132540705,3.843892584878203,0.0,10.488467019206096,354.0,404.0,364.5,395.0,398.0
infant7,1290,394.08,4.814264518817268,3.295017884191656,0.0,0.9230269745463044,384.0,404.0,390.5,394.0,397.5
infant7,1291,389.48,3.351758600240434,2.857142857142857,0.0,2.922147745098958,384.0,396.0,386.0,390.0,392.0
infant7,1292,393.32,6.485273742117912,3.0237157840738176,0.0,2.7942428539911686,384.0,404.0,388.0,392.0,400.0
infant7,1293,387.36,15.153311754954993,3.1036515689143473,0.0,50.36695339591479,360.0,404.0,373.5,394.0,400.0
infant7,1294,380.72,11.6951760507118,3.368521749300456,0.0,6.869772778335895,360.0,400.0,372.0,383.0,391.5
infant7,1295,380.88,7.353022424521103,3.1687247161169765,0.0,15.095516719117454,370.0,400.0,374.0,380.0,384.0
infant7,1296,380.96,5.6023318760119505,2.0995626366712954,0.0,69.14013031595974,370.0,390.0,376.0,384.0,386.0
infant7,1297,381.52,4.739069055226362,2.2857142857142856,0.0,12.687779610967764,374.0,390.0,378.0,383.0,386.0
infant7,1298,376.12,2.811347269440002,2.3211538298959886,0.0,1.0347291085475128,372.0,384.0,374.0,376.0,378.0
infant7,1299,381.32,7.201020335865676,2.407471363764674,0.0,32.02228612656147,372.0,394.0,374.0,380.0,388.0
infant7,1300,384.92,4.064982365601733,2.2857142857142856,0.0,3.4088665867342334,380.0,394.0,382.0,384.0,388.0
infant7,1301,384.12,4.415372034617427,2.356060357495806,0.0,3.141662175855258,380.0,394.0,380.0,383.0,385.5
infant7,1302,389.64,15.479756365746107,4.526565576501389,0.0,5.9571330534545845,372.0,440.0,380.5,385.0,392.0
infant7,1303,402.92,18.644734442972887,4.882287854467161,0.0,2.3884511322675666,372.0,440.0,386.0,406.0,417.5
infant7,1304,404.96,12.918836113621545,3.7252585172586565,0.0,4.0467640847621515,372.0,432.0,398.0,405.0,415.5
infant7,1305,383.48,16.227011997510413,3.219836477024184,0.0,22.674568479116843,366.0,416.0,370.0,373.0,398.0
infant7,1306,377.92,9.293052045831368,3.0371845179241856,0.0,92.04599051216425,366.0,396.0,370.0,375.0,386.0
infant7,1307,388.28,7.068296564698641,3.270149469217028,0.0,7.612727595362088,374.0,400.0,382.0,388.0,394.0
infant7,1308,389.92,7.6019331590788175,3.475864303027554,0.0,4.778780020954906,378.0,406.0,382.0,390.0,396.0
infant7,1309,385.8,7.117096404046372,3.142857142857143,0.0,3.110509998462385,376.0,406.0,382.0,383.0,389.5
infant7,1310,388.64,16.35543971170648,3.6811710647786073,0.0,4.825215503700029,374.0,434.0,380.0,382.0,389.5
infant7,1311,403.68,20.013709586894965,4.16986271980755,0.0,29.100383196014036,374.0,440.0,386.0,403.0,419.5
infant7,1312,400.88,15.944597959234741,2.695423180587601,0.0,11.200322235531758,378.0,440.0,392.0,395.0,406.0
infant7,1313,378.08,12.77727574681724,1.8294640678379568,0.0,69.3942105724379,356.0,396.0,368.0,378.0,391.5
infant7,1314,365.24,21.740172539352496,6.663945022680343,0.0,37.47888188558697,342.0,438.0,350.5,362.0,371.5
infant7,1315,371.28,24.926864452404985,7.329003050503235,0.0,1.745688921592337,342.0,438.0,350.5,369.0,384.0
infant7,1316,369.68,15.302980902092113,3.7579846965616874,0.0,32.01893520745285,348.0,416.0,357.0,370.0,376.0
infant7,1317,367.12,9.85743270795377,2.5394841192330255,0.0,7.093197328970952,348.0,384.0,362.0,370.0,374.0
infant7,1318,371.56,5.544476935635672,2.5394841192330255,0.0,105.48202260755441,364.0,384.0,366.5,372.0,374.0
infant7,1319,378.32,10.979461345101198,3.05059378629466,0.0,6.359071182272879,364.0,408.0,370.0,374.0,388.0
infant7,1320,398.64,17.572891925128456,4.453844933748542,0.0,4.466175959411253,372.0,434.0,386.0,392.0,411.5
infant7,1321,403.56,18.561711743725112,5.252793231671496,0.0,6.816151246718902,370.0,434.0,392.0,406.0,416.0
infant7,1322,383.44,20.008324798055675,4.160062793874582,0.0,34.97856067255772,354.0,422.0,370.0,377.0,399.5
infant7,1323,355.6,16.408061731841403,2.1946130708196026,0.0,96.9235113994971,336.0,388.0,340.0,353.0,369.5
infant7,1324,338.12,4.753688149259284,1.7842851423995423,0.0,6.369654249463426,332.0,352.0,334.5,338.0,340.0
infant7,1325,336.36,5.278991864176419,1.9378085666072196,0.0,23.955370893178085,330.0,350.0,332.0,334.0,338.0
infant7,1326,340.08,6.651192926606383,1.8735538640862859,0.0,85.7838977213003,330.0,350.0,334.0,340.0,346.0
infant7,1327,348.96,21.492248246609233,6.0,0.0,28.926056724108065,332.0,414.0,334.0,342.0,350.0
infant7,1328,374.44,34.243521657536974,8.325029876761981,0.0,2.1506975995084567,332.0,448.0,341.5,369.0,397.0
infant7,1329,386.0,22.56238516845672,6.737043498600912,0.0,15.50084956689751,354.0,448.0,372.5,381.0,391.5
infant7,1330,382.48,7.840866257848644,3.927922024247863,0.0,0.7263364763787787,360.0,398.0,378.0,384.0,388.0
infant7,1331,385.68,3.5076592578794985,2.8713930346059686,0.0,0.5919789762439422,376.0,392.0,384.0,386.0,388.0
infant7,1332,373.64,13.153349848798896,2.5714285714285716,0.0,81.87031450496383,352.0,390.0,362.0,376.0,386.0
infant7,1333,365.44,7.239799298153991,2.75532878885513,0.0,3.550673580220506,352.0,378.0,362.0,366.0,372.0
infant7,1334,371.28,6.995742145281321,3.0371845179241856,0.0,5.287358797621792,362.0,392.0,366.0,370.0,375.5
infant7,1335,378.16,8.560373823613078,3.5225222874108435,0.0,13.92370736240453,362.0,392.0,372.5,376.0,385.5
infant7,1336,389.68,9.10133428208665,3.938299643454349,0.0,4.632209470500641,372.0,406.0,384.0,392.0,396.0
infant7,1337,389.96,9.684744999961831,3.7579846965616874,0.0,1.610173071542198,370.0,406.0,386.5,392.0,396.0
infant7,1338,370.2,15.650519975713397,3.319700011034929,0.0,9.739613889033512,344.0,394.0,358.0,370.0,385.5
infant7,1339,348.76,10.727724904780745,2.356060357495806,0.0,15.033781715586924,336.0,372.0,340.0,344.0,356.5
infant7,1340,335.92,5.078325290398602,1.4846149779161804,0.0,17.230026160482137,326.0,344.0,332.0,336.0,340.0
infant7,1341,329.96,2.813669258082327,1.3997084244475304,0.0,2.2287431494886363,326.0,336.0,328.0,330.0,332.0
infant7,1342,333.6,6.207303137828695,1.979486637221574,0.0,29.451057729764482,326.0,346.0,328.0,332.0,338.0
infant7,1343,333.24,6.784014824781646,2.1759351731039738,0.0,68.11697366909915,322.0,346.0,328.0,332.0,338.0
infant7,1344,322.72,5.879886157442999,2.7847983842311326,0.0,50.83180556352329,314.0,334.0,316.5,323.0,328.0
infant7,1345,314.2,4.593695768803864,2.75532878885513,0.0,13.08346212401344,306.0,326.0,310.5,314.0,316.0
infant7,1346,311.76,3.2984845004941286,1.8735538640862859,0.0,17.749351545852587,306.0,320.0,310.0,312.0,313.5
infant7,1347,314.44,3.314532010552861,1.9166296949998198,0.0,27.486676753390277,308.0,320.0,312.0,316.0,316.0
infant7,1348,313.2,3.428571428571428,2.407471363764674,0.0,20.253207860342766,306.0,320.0,310.0,314.0,316.0
infant7,1349,308.52,2.61268491192099,2.1570955529345,0.0,7.127949966294526,306.0,316.0,306.0,308.0,310.0
infant7,1350,306.32,4.752829447297898,8.181612036157915,0.0,0.2307586452859727,282.0,328.0,306.0,306.0,306.0
infant7,1351,307.16,5.128392356603121,8.216459339741945,0.0,0.46949763094652197,282.0,328.0,306.0,306.0,308.0
infant7,1352,312.32,4.837945254518107,1.7142857142857144,0.0,56.43594109075394,304.0,322.0,308.0,312.0,316.0
infant7,1353,318.24,3.4673991900064154,2.080031396937291,0.0,9.014426340442679,312.0,326.0,316.0,318.0,321.5
infant7,1354,318.08,3.330992375266211,2.2131333406899527,0.0,2.9724556654087575,314.0,326.0,316.0,318.0,320.0
infant7,1355,313.92,2.709318763686788,1.958758457257441,0.0,53.905969449690936,310.0,320.0,312.0,314.0,316.0
infant7,1356,311.88,1.7336995950032075,1.8952141659173714,0.0,3.6957165543713955,308.0,316.0,310.0,312.0,312.0
infant7,1357,313.88,2.6001569811322187,1.8294640678379568,0.0,10.763097601946683,308.0,318.0,312.0,314.0,316.0
infant7,1358,316.28,1.8520810137876402,1.9166296949998198,0.0,0.9955825293096421,312.0,322.0,316.0,316.0,317.5
infant7,1359,320.4,4.199125273342591,2.457807219155036,0.0,59.029419159460915,312.0,328.0,316.0,321.0,324.0
infant7,1360,320.6,4.105745103771404,2.2677868380553634,0.0,61.76801506681099,314.0,328.0,316.0,321.0,324.0
infant7,1361,316.52,1.9716355998955564,1.5118578920369088,0.0,2.8827384964350506,314.0,322.0,316.0,316.0,317.5
infant7,1362,316.64,1.7815379734994168,1.538618516324144,0.0,12.338228196396317,314.0,320.0,316.0,316.0,318.0
infant7,1363,317.52,1.876166303929372,2.390457218668787,0.0,4.459146669339209,314.0,320.0,316.0,318.0,318.0
infant7,1364,317.52,1.7870280881270733,2.813959371941744,0.0,1.8543269538392162,314.0,320.0,316.0,318.0,318.0
infant7,1365,318.08,1.8934904600892444,2.5555062599997598,0.0,23.540944935865706,314.0,322.0,316.0,318.0,320.0
infant7,1366,316.8,2.9692299558323607,2.2314999074019015,0.0,44.83742585862848,310.0,322.0,314.0,318.0,320.0
infant7,1367,312.88,3.0548723210568367,2.457807219155036,0.0,22.655307769170022,308.0,320.0,310.0,312.0,314.0
infant7,1368,311.6,2.2131333406899527,2.6802375770419595,0.0,9.316566168254752,308.0,316.0,310.0,312.0,312.0
infant7,1369,313.36,2.3013749217831165,2.356060357495806,0.0,1.556554619377189,308.0,316.0,312.0,314.0,316.0
infant7,1370,314.6,1.5252968931473303,2.0603150145508513,0.0,2.599983926885756,310.0,316.0,314.0,314.0,316.0
infant7,1371,315.32,2.19870091515097,2.4743582965269675,0.0,2.302124742620972,310.0,320.0,314.0,316.0,316.0
infant7,1372,312.52,4.056941644909879,2.6186146828319083,0.0,12.648709732967479,306.0,320.0,308.5,312.0,316.0
infant7,1373,308.36,1.881814148580013,2.4743582965269675,0.0,0.5216995867915533,304.0,314.0,308.0,308.0,310.0
infant7,1374,308.16,1.503193878624675,2.0995626366712954,0.0,10.723620752196792,304.0,310.0,308.0,308.0,309.5
infant7,1375,309.0,1.2936264483053452,1.9166296949998198,0.0,0.16250155368726882,306.0,312.0,308.0,309.0,310.0
infant7,1376,309.0,1.5779087167410373,2.356060357495806,0.0,0.7582831631385694,306.0,312.0,308.0,310.0,310.0
infant7,1377,308.44,2.8937652895527672,4.65985898008574,0.0,0.1206263366528873,296.0,320.0,308.0,308.0,310.0
infant7,1378,309.36,3.7129667987984476,4.499433070863892,0.0,16.60626834111737,296.0,320.0,308.0,308.0,312.0
infant7,1379,312.24,2.903621946494286,2.2677868380553634,0.0,14.592037662693203,306.0,316.0,310.5,314.0,314.0
infant7,1380,313.16,1.4049475260736282,1.8735538640862859,0.0,3.053508954271379,310.0,316.0,312.0,314.0,314.0
infant7,1381,313.0,1.4708043058552858,2.138089935299395,0.0,2.2784122746485553,310.0,316.0,312.0,312.0,314.0
infant7,1382,312.56,1.66794508792302,2.2131333406899527,0.0,8.889553973956716,310.0,316.0,312.0,312.0,314.0
infant7,1383,311.24,1.6605875527680447,2.080031396937291,0.0,0.5227091675206026,308.0,314.0,310.0,312.0,312.0
infant7,1384,309.56,2.110807950544443,2.0203050891044216,0.0,9.406909611142108,306.0,314.0,308.0,310.0,310.0
infant7,1385,311.68,4.414447523617821,1.8952141659173714,0.0,19.27236487099227,306.0,324.0,308.0,310.0,314.0
infant7,1386,318.36,4.741307836451879,2.602981022612657,0.0,11.939146676846798,310.0,328.0,314.0,318.0,322.0
infant7,1387,321.48,4.945581412756652,6.534055214873869,0.0,8.392677451143216,304.0,338.0,318.0,322.0,324.0
infant7,1388,319.68,4.954651494158941,6.337449432233953,0.0,7.723173652628843,304.0,338.0,316.5,319.0,322.0
infant7,1389,317.32,2.4448195960321604,2.0995626366712954,0.0,30.677910113580136,312.0,322.0,316.0,317.0,320.0
infant7,1390,316.2,2.498979383505129,1.737932151513777,0.0,22.801563353916567,312.0,320.0,314.0,316.0,318.0
infant7,1391,319.56,4.413152882843165,2.138089935299395,0.0,5.000151371099532,312.0,326.0,316.0,320.0,324.0
infant7,1392,322.36,2.2016691256352554,2.1759351731039738,0.0,14.936832995627828,318.0,326.0,320.0,322.0,324.0
infant7,1393,318.76,3.229709028405386,1.8294640678379568,0.0,62.27066183766306,312.0,324.0,316.0,318.0,322.0
infant7,1394,321.12,5.871550224669488,2.4411439272335804,0.0,41.83945207427077,312.0,334.0,316.0,319.0,325.5
infant7,1395,323.8,3.77424137532083,2.3211538298959886,0.0,8.658735105379138,318.0,334.0,322.0,322.0,325.5
infant7,1396,321.24,2.2817823323544464,1.979486637221574,0.0,3.527696270676314,318.0,328.0,320.0,322.0,322.0
infant7,1397,321.44,2.7712812921102037,1.8516401995451028,0.0,12.159569719271822,318.0,328.0,320.0,320.0,324.0
infant7,1398,319.4,3.3624577988399484,1.7612611437054218,0.0,6.271230450124082,312.0,328.0,318.0,319.0,320.0
infant7,1399,317.96,2.231134057754816,2.8996833043120627,0.0,4.483055647408157,312.0,324.0,316.0,318.0,320.0
infant7,1400,317.16,2.83102346820916,3.0639443699324596,0.0,15.332033341444253,312.0,324.0,316.0,316.0,320.0
infant7,1401,315.16,1.941596229489372,2.6186146828319083,0.0,5.064248556053106,312.0,320.0,314.0,316.0,316.0
infant7,1402,315.92,1.80520788559215,2.407471363764674,0.0,4.1018091816216,312.0,320.0,314.0,316.0,318.0
infant7,1403,316.96,2.329579098358801,2.3733211036908783,0.0,3.947182203407704,310.0,322.0,316.0,318.0,318.0
infant7,1404,333.36,29.121672972799722,8.383657572069263,0.0,2.946820785875023,310.0,416.0,318.0,320.0,340.0
infant7,1405,340.32,26.268192918121976,8.52367650867217,0.0,2.6618345972432462,316.0,416.0,324.0,328.0,346.0
infant7,1406,325.6,7.835033829029764,2.6802375770419595,0.0,24.019311800569294,316.0,350.0,320.0,324.0,328.0
infant7,1407,320.52,2.549429708137625,2.1759351731039738,0.0,9.039676952434991,316.0,326.0,318.0,320.0,322.0
infant7,1408,321.92,2.48948810409051,2.0203050891044216,0.0,3.889360176652375,316.0,326.0,320.0,322.0,324.0
infant7,1409,322.92,2.068618783988337,1.4846149779161804,0.0,2.4834339030076698,320.0,328.0,322.0,322.0,324.0
infant7,1410,327.96,5.778072554838645,1.8952141659173714,0.0,65.62122983548315,320.0,340.0,322.0,327.0,333.5
infant7,1411,337.0,5.703561365050608,2.1189138534559038,0.0,7.174676790239805,326.0,352.0,334.0,336.0,340.0
infant7,1412,381.64,64.71247553444327,20.152479970951262,2.0408163265306123,4.214207197086279,334.0,564.0,340.5,352.0,390.0
infant7,1413,380.16,66.11287811811874,20.229297807781624,2.0408163265306123,8.439328794806393,328.0,564.0,332.5,357.0,390.0
infant7,1414,338.84,8.871785132010999,3.05059378629466,0.0,27.32091429004284,328.0,370.0,330.5,339.0,342.0
infant7,1415,341.36,7.119275358676124,2.8284271247461903,0.0,9.898696719593284,330.0,362.0,336.0,340.0,342.0
infant7,1416,351.36,10.739513157361598,2.2677868380553634,0.0,11.22158017414251,334.0,364.0,340.0,356.0,360.0
infant7,1417,352.2,9.216223495022463,2.6186146828319083,0.0,9.27704026661994,336.0,364.0,342.0,354.0,360.0
infant7,1418,345.52,5.323187628725127,2.5872528966106905,0.0,58.327931936440216,336.0,356.0,340.0,346.0,349.5
infant7,1419,340.56,6.821813751279263,1.737932151513777,0.0,89.99129302169344,328.0,350.0,334.0,340.0,348.0
infant7,1420,341.28,10.877874942529267,2.457807219155036,0.0,182.47023129651205,328.0,366.0,334.0,338.0,345.5
infant7,1421,357.48,13.12924761199753,2.770102775666474,0.0,9.7131616378474,332.0,374.0,346.0,364.0,366.0
infant7,1422,356.32,11.947914171989373,2.3211538298959886,0.0,69.25589026764366,340.0,374.0,344.0,361.0,366.0
infant7,1423,346.0,5.360475154083919,1.9378085666072196,0.0,8.562044646978805,340.0,360.0,342.0,343.0,351.5
infant7,1424,352.6,9.082389328715617,2.2131333406899527,0.0,2.9827801547422776,340.0,374.0,342.5,352.0,355.5
infant7,1425,356.56,8.320518037247638,2.4743582965269675,0.0,56.62143090720184,346.0,374.0,350.0,352.0,364.0
infant7,1426,356.88,7.023691685855749,2.424366106925306,0.0,33.91807344712669,346.0,370.0,350.0,360.0,362.0
infant7,1427,365.08,6.7031518629641065,1.958758457257441,0.0,6.009422972892016,348.0,374.0,360.0,367.0,370.0
infant7,1428,365.36,8.537456486876295,1.7842851423995423,0.0,6.226274464245317,346.0,374.0,364.0,370.0,370.0
infant7,1429,362.68,10.146759812564676,2.634155559226539,0.0,9.12886154717455,344.0,376.0,354.0,368.0,370.0
infant7,1430,373.2,11.234059000764285,2.9277002188455996,0.0,10.999265541355717,344.0,390.0,370.0,374.0,381.5
infant7,1431,368.04,14.040698860448362,2.770102775666474,0.0,182.60988477250274,348.0,390.0,352.0,371.0,381.5
infant7,1432,364.48,10.509936988878863,2.9692299558323607,0.0,11.069933708096697,348.0,380.0,352.0,367.0,373.5
infant7,1433,374.52,4.743373465871594,3.1815796359028696,0.0,1.3857699799622487,362.0,382.0,372.0,374.0,378.0
infant7,1434,376.16,11.16729920027987,3.9692697112713726,0.0,11.370337406189579,358.0,402.0,368.0,376.0,382.0
infant7,1435,372.56,12.19595115150089,3.875617133214439,0.0,9.48453999419772,358.0,402.0,364.0,369.0,382.0
infant7,1436,374.12,8.883922648957107,2.3733211036908783,0.0,6.872596868551529,360.0,392.0,366.0,375.0,380.0
infant7,1437,370.96,10.468533998685425,2.3733211036908783,0.0,19.00308354139357,356.0,392.0,362.0,367.0,379.5
infant7,1438,368.72,9.534127743885891,2.75532878885513,0.0,10.98356868270203,356.0,390.0,362.0,364.0,373.5
infant7,1439,364.64,13.43428449899733,2.799416848895061,0.0,22.282433476991592,344.0,390.0,354.0,364.0,373.5
infant7,1440,354.56,7.698820476845391,2.2131333406899527,0.0,138.02361470125817,344.0,372.0,348.5,354.0,358.0
infant7,1441,364.04,11.489054240751882,2.2131333406899527,0.0,17.958265988834423,344.0,380.0,354.0,366.0,374.0
infant7,1442,367.68,7.67035108155329,2.424366106925306,0.0,35.21638836681559,352.0,380.0,362.0,368.0,374.0
infant7,1443,368.36,9.635732817942571,2.7255405754769875,0.0,10.025539393634276,352.0,386.0,360.0,368.0,376.0
infant7,1444,361.96,14.075539646014665,2.424366106925306,0.0,33.1285523651503,344.0,386.0,348.5,357.0,376.0
infant7,1445,348.32,4.954651494158941,1.8516401995451028,0.0,16.96244623837687,340.0,358.0,344.0,348.0,352.0
infant7,1446,367.68,27.74037064037368,4.857142857142857,0.0,5.686062068221581,340.0,416.0,344.5,353.0,401.5
infant7,1447,388.6,17.692382772347692,4.940461847368738,0.0,3.7107788913425797,348.0,416.0,384.0,390.0,401.5
infant7,1448,374.16,15.443590573306404,2.9692299558323607,0.0,132.68404875298125,352.0,398.0,358.0,379.0,388.0
infant7,1449,365.24,8.85151895185804,2.982944716831586,0.0,16.137913681612115,352.0,392.0,358.0,364.0,372.0
infant7,1450,378.68,11.922265227852687,2.8996833043120627,0.0,9.011496956539208,362.0,400.0,370.0,375.0,388.0
infant7,1451,382.2,12.67650888655944,3.1687247161169765,0.0,48.61568562842002,360.0,400.0,370.5,384.0,395.5
infant7,1452,377.6,11.92493528840526,3.0371845179241856,0.0,105.7294212953259,360.0,396.0,366.5,376.0,389.5
infant7,1453,384.68,10.801436034535557,3.356382892705923,0.0,4.7647963675544265,364.0,404.0,375.0,388.0,392.0
infant7,1454,380.84,13.236252012822165,3.534090536243709,0.0,7.028969351185506,360.0,404.0,366.5,384.0,391.5
infant7,1455,381.48,14.48889793135786,3.440455593940656,0.0,18.488356049231594,360.0,408.0,366.5,383.0,392.0
infant7,1456,383.2,12.847615517666922,3.1687247161169765,0.0,6.741237969833593,362.0,408.0,372.5,383.0,392.0
infant7,1457,379.04,8.863960509747736,2.75532878885513,0.0,44.33269414315297,362.0,392.0,372.0,382.0,386.0
infant7,1458,390.52,7.884989614735698,2.5714285714285716,0.0,8.530325738525399,372.0,406.0,386.0,390.0,396.0
infant7,1459,390.68,13.096876088033593,3.5913728828504383,0.0,21.75837849811255,368.0,412.0,380.0,393.0,400.0
infant7,1460,389.92,17.1283748350448,3.7579846965616874,0.0,19.144291687678514,364.0,414.0,374.0,388.0,408.0
infant7,1461,381.84,19.301432747919232,3.077237032648288,0.0,82.36365202401042,358.0,414.0,364.0,380.0,400.0
infant7,1462,369.92,9.68870581698935,2.9137254363387344,0.0,6.281183262514903,358.0,388.0,360.5,368.0,378.0
infant7,1463,382.92,13.679778014668667,2.982944716831586,0.0,14.170554409291093,360.0,400.0,370.5,389.0,395.5
infant7,1464,385.28,11.034343419246909,3.1815796359028696,0.0,134.9588569489504,366.0,400.0,372.5,390.0,395.5
infant7,1465,383.6,10.917127528310171,3.3319725113401715,0.0,15.366302466407273,366.0,404.0,372.5,383.0,395.5
infant7,1466,388.32,9.20833695016397,3.3319725113401715,0.0,2.8427412471102604,372.0,404.0,380.0,390.0,396.0
infant7,1467,387.04,11.851048347668467,3.5799897388976194,0.0,92.84296106371153,368.0,406.0,376.0,387.0,398.0
infant7,1468,393.96,11.389146283248122,2.9416086117105715,0.0,14.850185814566098,368.0,406.0,392.0,399.0,402.0
infant7,1469,384.52,17.012888271746768,2.5555062599997598,0.0,13.291013240331214,358.0,404.0,366.5,392.0,401.5
infant7,1470,372.92,9.623186285514496,2.634155559226539,0.0,37.90315078896903,358.0,394.0,364.0,376.0,380.0
infant7,1471,369.2,9.089127840335351,2.040408122440814,0.0,79.301472418896,354.0,382.0,360.5,371.0,378.0
infant7,1472,356.24,8.414176569750529,1.538618516324144,0.0,36.715829594613936,344.0,374.0,350.0,354.0,360.0
infant7,1473,350.84,4.161828483555108,2.0603150145508513,0.0,14.155235324776498,342.0,360.0,348.0,351.0,354.0
infant7,1474,348.12,5.457217650945939,2.3035022137995855,0.0,39.256088249373775,340.0,360.0,344.0,348.0,352.0
infant7,1475,339.96,5.102860342344221,1.9166296949998198,0.0,45.6843330490935,332.0,350.0,336.0,341.0,344.0
infant7,1476,335.08,3.056208134807789,1.7612611437054218,0.0,10.436085188573268,330.0,342.0,332.0,334.0,338.0
infant7,1477,337.6,5.495824017620384,2.0995626366712954,0.0,2.1785035291763934,330.0,348.0,332.5,336.0,341.5
infant7,1478,337.2,5.436085025840128,2.3386722205349857,0.0,23.61602269231599,330.0,348.0,334.0,336.0,341.5
infant7,1479,331.48,3.124883671304209,2.1189138534559038,0.0,2.2303566424171226,326.0,338.0,328.5,332.0,334.0
infant7,1480,327.92,2.0980068286498077,1.7842851423995423,0.0,7.250827311993844,324.0,334.0,326.0,328.0,329.5
infant7,1481,326.28,1.616749068662298,1.616244071283537,0.0,5.508803469998491,324.0,330.0,326.0,326.0,328.0
infant7,1482,325.44,1.66794508792302,1.4285714285714286,0.0,1.1991126109227326,322.0,330.0,324.0,326.0,326.0
infant7,1483,327.52,3.296504023281362,1.8294640678379568,0.0,13.987284901924179,322.0,338.0,324.0,328.0,330.0
infant7,1484,337.04,8.516394753170895,2.4907993963089563,0.0,12.400683732119697,328.0,354.0,330.0,335.0,343.5
infant7,1485,344.88,6.352373813089442,2.799416848895061,0.0,13.425435928035736,334.0,354.0,338.5,346.0,351.5
infant7,1486,356.72,12.782385839705436,2.5071326821120348,0.0,12.670080729673831,334.0,376.0,348.0,354.0,368.0
infant7,1487,371.44,8.834440952249073,3.1815796359028696,0.0,1.0665443826993974,352.0,388.0,366.0,371.0,379.5
infant7,1488,366.16,12.998210237865639,3.534090536243709,0.0,19.933020258567236,346.0,388.0,354.5,365.0,379.5
infant7,1489,359.72,10.751440340147692,3.4641016151377544,0.0,11.189777035106701,346.0,382.0,350.5,355.0,369.5
infant7,1490,360.56,12.189255891303352,3.5685702847990846,0.0,49.492503214996724,340.0,382.0,352.0,359.0,372.0
infant7,1491,348.68,13.628361783353096,2.5071326821120348,0.0,189.40630242274034,336.0,378.0,338.0,342.0,357.5
infant7,1492,334.28,4.981762658304134,1.8516401995451028,0.0,57.89118182952301,326.0,342.0,330.0,336.0,338.0
infant7,1493,326.84,4.102562663526697,1.7612611437054218,0.0,29.555533393439188,320.0,336.0,324.0,326.0,330.0
infant7,1494,325.96,3.009915586313791,1.8735538640862859,0.0,33.17541052081451,320.0,332.0,324.0,326.0,328.0
infant7,1495,326.76,2.352245995743174,1.979486637221574,0.0,9.210148339177099,322.0,332.0,326.0,326.0,328.0
infant7,1496,323.12,3.1078570607742053,1.979486637221574,0.0,7.103445122852333,316.0,328.0,322.0,324.0,326.0
infant7,1497,318.56,3.308369103115458,1.7142857142857144,0.0,4.5782788786082635,314.0,326.0,316.0,318.0,321.5
infant7,1498,315.72,2.3215054932310717,1.6413036132965795,0.0,3.300755420167682,312.0,324.0,314.0,316.0,317.5
infant7,1499,319.2,4.763809143009447,1.8952141659173714,0.0,10.97077732975442,312.0,328.0,314.0,320.0,324.0
infant7,1500,321.68,2.751177855362451,2.2314999074019015,0.0,5.872087021692237,318.0,328.0,320.0,322.0,324.0
infant7,1501,323.6,4.589250972631146,2.424366106925306,0.0,8.341948166733696,318.0,336.0,320.0,322.0,328.0
infant7,1502,339.44,13.55285947687793,2.3386722205349857,0.0,33.903463059802796,320.0,358.0,328.0,336.0,354.0
infant7,1503,356.08,11.22649926354096,2.9416086117105715,0.0,3.8530711246311333,336.0,396.0,350.0,354.0,356.0
infant7,1504,527.72,233.5423782720806,63.52759323349828,20.408163265306122,3.3780971282994945,350.0,1208.0,354.0,402.0,642.0
infant7,1505,528.8,233.175767985248,64.34663779808831,22.448979591836736,8.621724590424686,346.0,1208.0,352.5,415.0,642.0
infant7,1506,356.92,26.650297697154134,9.102589898327995,0.0,32.77934167646043,332.0,448.0,340.0,348.0,359.5
infant7,1507,389.04,53.06175070382716,11.76990281374056,0.0,14.400937926022907,332.0,504.0,340.0,379.0,428.5
infant7,1508,420.92,35.20252773855414,12.613565745510924,0.0,33.907757363288304,372.0,504.0,388.5,417.0,439.5
infant7,1509,403.08,21.972933257040747,8.759834123860509,0.0,4.260656852676723,376.0,450.0,382.5,402.0,418.0
infant7,1510,396.92,27.084779971830102,9.493284414763513,0.0,3.1204326545918706,364.0,470.0,378.0,387.0,410.0
infant7,1511,391.0,29.216294028070944,9.591663046625438,0.0,5.251277138951228,360.0,470.0,370.5,382.0,399.5
infant7,1512,370.92,14.59219808315249,4.729412959213385,0.0,11.082252904613181,352.0,414.0,362.0,367.0,376.0
infant7,1513,375.28,16.26695661612892,4.624689730353899,0.0,5.3083261605135865,352.0,412.0,362.5,372.0,387.5
infant7,1514,368.4,22.424476423255523,4.47213595499958,0.0,43.49204362522264,336.0,412.0,348.0,368.0,387.5
infant7,1515,341.2,10.077252622027656,2.1946130708196026,0.0,95.54114259243832,330.0,368.0,334.0,337.0,347.5
infant7,1516,330.68,3.782019760576054,1.5907898179514348,0.0,39.454350997685005,324.0,338.0,328.0,330.0,334.0
infant7,1517,330.0,3.1558174334820746,1.6659862556700857,0.0,11.702244434911718,324.0,336.0,328.0,330.0,332.0
infant7,1518,331.08,2.7168409025550093,1.7142857142857144,0.0,2.7086345269266894,324.0,336.0,330.0,332.0,332.0
infant7,1519,328.24,5.024673814166997,2.3211538298959886,0.0,16.264296199899707,320.0,336.0,324.0,328.0,332.0
infant7,1520,327.12,4.984219997110063,2.2314999074019015,0.0,18.995067474273192,320.0,338.0,324.0,326.0,330.0
infant7,1521,327.04,3.1877315842243092,1.7142857142857144,0.0,4.692605026984398,322.0,338.0,324.0,326.0,328.0
infant7,1522,324.56,2.6814555900914434,1.8070158058105026,0.0,8.179077191262232,318.0,330.0,324.0,324.0,326.0
infant7,1523,322.32,2.3337803264756727,1.6903085094570331,0.0,22.74302836561812,318.0,326.0,320.0,322.0,324.0
infant7,1524,323.92,3.330992375266211,2.1189138534559038,0.0,156.13086151756937,318.0,330.0,322.0,324.0,326.0
infant7,1525,326.68,6.3837804678125085,2.457807219155036,0.0,15.699157187663285,320.0,348.0,322.0,326.0,328.0
infant7,1526,338.84,18.604761295355093,6.452337023220694,0.0,4.213234596374943,320.0,398.0,322.5,334.0,347.5
infant7,1527,338.8,17.645025893308013,6.452337023220694,0.0,92.019443828263,324.0,398.0,328.0,330.0,344.0
infant7,1528,326.08,2.679019010224238,2.040408122440814,0.0,11.639782621385795,322.0,332.0,324.0,326.0,328.0
infant7,1529,330.44,6.02430451570629,1.8516401995451028,0.0,32.51344990881536,322.0,340.0,324.0,333.0,336.0
infant7,1530,336.84,1.8556037578433733,1.7842851423995423,0.0,1.176659922701195,334.0,340.0,336.0,336.0,338.0
infant7,1531,342.88,6.859047354570815,2.1189138534559038,0.0,11.355848558346658,336.0,358.0,338.0,340.0,348.0
infant7,1532,356.64,12.690603948253548,3.219836477024184,0.0,1.5507398270463646,338.0,384.0,348.5,354.0,363.0
infant7,1533,376.36,14.521988956933761,4.370588154508101,0.0,1.2505279387483506,350.0,402.0,366.0,380.0,386.0
infant7,1534,380.32,9.07438646939386,4.16986271980755,0.0,2.9810071682062147,364.0,402.0,374.0,380.0,386.0
infant7,1535,386.68,20.047331747743428,4.814942727529348,0.0,19.94625675164912,364.0,428.0,370.5,376.0,405.0
infant7,1536,393.36,16.9919068370558,4.973398624436917,0.0,16.828651319893183,368.0,428.0,380.0,393.0,405.5
infant7,1537,406.48,23.9030695663523,7.671840904055744,0.0,1.6646391254367623,376.0,450.0,386.0,400.0,430.0
infant7,1538,402.28,27.36304673333385,7.767015553753249,0.0,11.36634577939142,368.0,450.0,376.0,396.0,430.0
infant7,1539,377.56,6.481244526496813,3.8332593899996397,0.0,10.190488902231431,368.0,394.0,372.0,376.0,382.0
infant7,1540,374.96,6.5432938095084054,3.0371845179241856,0.0,4.14855923054098,362.0,388.0,370.0,375.0,380.0
infant7,1541,386.0,19.645843928766954,4.370588154508101,0.0,18.375963527649446,362.0,434.0,372.5,381.0,394.0
infant7,1542,396.48,17.973041035997014,5.827450872677469,0.0,7.687058235483228,370.0,434.0,380.5,394.0,410.0
infant7,1543,390.8,14.540583599999398,4.865538961693257,0.0,0.628642765274827,364.0,420.0,380.0,394.0,400.0
infant7,1544,373.08,17.191407440809446,2.634155559226539,0.0,41.069469220793806,356.0,402.0,358.0,363.0,393.0
infant7,1545,404.32,68.62302820482348,16.74295465598127,4.081632653061225,13.38014062671823,356.0,602.0,358.0,362.0,445.5
infant7,1546,477.16,115.24107119337236,35.34667954846736,16.3265306122449,6.299385859236603,360.0,758.0,372.5,445.0,535.5
infant7,1547,432.04,124.16808226376546,31.269728466479318,12.244897959183673,32.249764834451504,348.0,758.0,352.5,366.0,433.0
infant7,1548,371.24,24.878119228079335,19.14925266298976,6.122448979591836,4.472296472457025,348.0,472.0,352.5,365.0,379.0
infant7,1549,381.08,23.064098791438276,19.547952552111227,6.122448979591836,1.1558025478865757,360.0,472.0,366.0,374.0,387.5
infant7,1550,368.36,17.841433089689783,6.318098396427423,0.0,2.9037398310271314,352.0,428.0,356.0,362.0,374.0
infant7,1551,359.0,4.412412917565857,2.2131333406899527,0.0,7.177639497943605,352.0,370.0,356.0,358.0,362.0
infant7,1552,359.08,3.858941379631022,2.1189138534559038,0.0,2.6015541765560224,352.0,366.0,358.0,360.0,362.0
infant7,1553,360.08,5.627338516164653,2.6802375770419595,0.0,10.213141249758637,352.0,372.0,356.0,360.0,362.0
infant7,1554,354.08,10.348696062986951,2.523360247522242,0.0,30.61168232167914,338.0,372.0,344.0,354.0,362.0
infant7,1555,342.56,4.730103334074258,1.8294640678379568,0.0,21.29767275106414,336.0,354.0,340.0,340.0,344.0
infant7,1556,357.64,26.758755957782554,5.046720495044484,0.0,6.355007526705762,336.0,416.0,340.0,347.0,357.0
infant7,1557,380.24,26.467199569679153,6.1212243673224425,0.0,7.681788190532877,346.0,426.0,358.0,373.0,406.0
infant7,1558,368.6,23.82332933089251,3.979539507766891,0.0,75.82345211450479,348.0,426.0,352.0,357.0,377.0
infant7,1559,353.48,5.754288551566899,2.1759351731039738,0.0,3.15914826541374,346.0,366.0,350.0,352.0,356.0
infant7,1560,364.16,15.809271369183648,3.989782869648269,0.0,2.904563556878445,346.0,404.0,352.0,360.0,367.5
infant7,1561,364.04,16.325715285764257,4.010191099319486,0.0,10.453436822888124,344.0,404.0,352.0,359.0,373.5
infant7,1562,347.2,9.963197585235825,1.958758457257441,0.0,30.307279276453094,336.0,374.0,340.0,344.0,352.0
infant7,1563,341.24,5.266606389046258,2.1189138534559038,0.0,8.303598269211532,336.0,358.0,338.0,340.0,342.0
infant7,1564,348.72,8.99668873326544,2.1570955529345,0.0,24.55823094568637,336.0,366.0,340.0,348.0,355.5
infant7,1565,365.08,13.365871861283308,3.557114170853924,0.0,23.826907416256898,346.0,390.0,354.0,364.0,376.0
infant7,1566,368.4,12.21574761510397,3.8332593899996397,0.0,1.25536807672232,346.0,390.0,360.5,368.0,376.0
infant7,1567,350.64,13.120726709590253,2.356060357495806,0.0,45.95978510111401,336.0,376.0,340.0,346.0,363.5
infant7,1568,342.2,6.091144458665098,2.3035022137995855,0.0,12.0624277786244,336.0,356.0,338.0,340.0,346.0
infant7,1569,348.32,7.5415583297363895,2.5071326821120348,0.0,1.4197016486632976,336.0,362.0,344.0,350.0,354.0
infant7,1570,360.6,13.680016708427557,3.7252585172586565,0.0,4.247243552888534,344.0,392.0,350.0,356.0,368.0
infant7,1571,361.68,13.37899663728219,3.896623341995959,0.0,30.67851041262632,344.0,392.0,352.0,358.0,368.0
infant7,1572,346.8,9.54473890770861,2.2677868380553634,0.0,27.478351880964382,334.0,368.0,338.0,346.0,353.5
infant7,1573,338.88,7.012059582735784,2.1946130708196026,0.0,15.198061500546434,332.0,364.0,334.0,336.0,342.0
infant7,1574,355.12,20.59585850978546,3.4522988495984492,0.0,3.2452485578277264,332.0,392.0,334.0,354.0,372.5
infant7,1575,370.4,13.83282107075452,3.534090536243709,0.0,6.879774489580259,352.0,392.0,358.0,365.0,386.0
infant7,1576,364.56,11.095430204754182,3.0371845179241856,0.0,0.6435879792194719,352.0,392.0,356.0,362.0,367.5
infant7,1577,357.6,7.329003050503234,2.5555062599997598,0.0,1.4403506782454218,344.0,372.0,352.5,358.0,364.0
infant7,1578,351.84,7.728452600089925,2.2857142857142856,0.0,23.114832947884246,340.0,366.0,346.0,352.0,357.5
infant7,1579,346.04,5.620516353648715,2.6186146828319083,0.0,27.923157110021133,336.0,358.0,342.0,344.0,351.5
infant7,1580,341.0,4.125579736626757,2.3035022137995855,0.0,7.266667312233845,336.0,350.0,338.0,340.0,344.0
infant7,1581,336.12,3.114416773126984,1.9378085666072196,0.0,15.329142129143104,332.0,342.0,334.0,336.0,338.0
infant7,1582,331.84,2.794747259574282,1.979486637221574,0.0,25.21880768516611,326.0,338.0,330.0,332.0,334.0
infant7,1583,337.36,8.920876684290985,2.4743582965269675,0.0,19.17945910015204,326.0,356.0,330.0,336.0,344.0
infant7,1584,341.16,5.925937452747671,2.4907993963089563,0.0,10.519063136786633,334.0,356.0,336.5,338.0,344.0
infant7,1585,343.48,7.24847626493081,2.6186146828319083,0.0,9.712003389869585,334.0,358.0,338.0,340.0,351.5
infant7,1586,356.52,11.210854798191013,2.9692299558323607,0.0,3.2960011933507944,336.0,376.0,348.0,353.0,369.0
infant7,1587,366.52,8.376936267185624,2.695423180587601,0.0,6.443764419451608,346.0,376.0,364.5,370.0,372.0
infant7,1588,371.88,5.412155630747195,2.695423180587601,0.0,3.981306111387459,364.0,386.0,368.0,370.0,374.0
infant7,1589,373.76,4.419622294324459,2.3211538298959886,0.0,2.342068351598638,368.0,386.0,372.0,373.0,374.0
infant7,1590,370.16,4.912956630903927,2.602981022612657,0.0,2.9473393731819777,360.0,384.0,366.0,372.0,374.0
infant7,1591,379.12,14.502132144436343,3.3319725113401715,0.0,8.399474868379478,360.0,406.0,366.0,377.0,389.5
infant7,1592,381.44,12.591153356906698,2.740475156178697,0.0,86.13365471225275,358.0,406.0,374.0,376.0,389.5
infant7,1593,372.64,6.470529738903981,2.5555062599997598,0.0,6.235697582793582,358.0,382.0,368.5,374.0,376.0
infant7,1594,372.8,6.337449432233953,2.523360247522242,0.0,1.7642576940871462,358.0,382.0,368.5,374.0,378.0
infant7,1595,366.8,7.417574277569811,2.356060357495806,0.0,1.9103140441629514,352.0,380.0,360.5,366.0,372.0
infant7,1596,356.6,6.61784846965741,2.3211538298959886,0.0,9.544222531315013,346.0,372.0,352.0,356.0,360.0
infant7,1597,345.36,7.119275358676124,1.8294640678379568,0.0,51.8382763354985,334.0,358.0,338.0,345.0,352.0
infant7,1598,335.36,4.685017369775916,1.9166296949998198,0.0,31.332545954092588,328.0,344.0,330.5,336.0,338.0
infant7,1599,334.48,4.267771965677221,1.9166296949998198,0.0,6.0514821877983795,328.0,342.0,330.5,334.0,338.0
infant7,1600,333.96,4.130325875368031,1.9378085666072196,0.0,51.91257207386704,328.0,342.0,332.0,332.0,337.5
infant7,1601,332.88,6.90648911073743,2.3035022137995855,0.0,32.59785659687617,326.0,350.0,328.0,332.0,332.0
infant7,1602,337.44,8.131972675300672,2.6186146828319083,0.0,23.372701826477375,326.0,352.0,330.0,336.0,345.5
infant7,1603,332.72,8.673299398094107,2.5555062599997598,0.0,86.57511172597427,320.0,352.0,326.0,330.0,340.0
infant7,1604,329.0,7.764387566686396,2.649605284427344,0.0,4.591155551331526,318.0,350.0,324.0,327.0,332.0
infant7,1605,331.04,7.059398135876481,2.8855728395320224,0.0,4.1316942183014405,318.0,350.0,328.0,330.0,333.5
infant7,1606,347.56,20.147577967566814,3.499271061118826,0.0,40.59107409139775,324.0,384.0,330.0,340.0,364.0
infant7,1607,361.24,9.76365605661305,3.499271061118826,0.0,9.263852200063619,340.0,384.0,356.0,358.0,364.0
infant7,1608,355.88,2.6313649751893147,2.523360247522242,0.0,0.3252555507679295,348.0,360.0,354.0,356.0,358.0
infant7,1609,352.48,7.736053943209348,2.8284271247461903,0.0,46.804455240827444,340.0,370.0,346.0,354.0,356.0
infant7,1610,355.12,10.444488830899076,3.219836477024184,0.0,28.68185646032301,340.0,378.0,346.0,354.0,365.5
infant7,1611,366.28,9.214097451011396,2.857142857142857,0.0,21.618710284206752,348.0,380.0,360.0,368.0,373.5
infant7,1612,366.36,8.395236744726143,2.3035022137995855,0.0,18.90166794787157,352.0,380.0,360.0,368.0,372.0
infant7,1613,362.2,5.454823740581937,2.982944716831586,0.0,7.988605367533031,352.0,370.0,360.0,362.0,366.0
infant7,1614,362.64,4.341353123022303,2.9277002188455996,0.0,0.27434542376458826,352.0,370.0,360.0,364.0,366.0
infant7,1615,357.08,8.163732639684184,2.407471363764674,0.0,45.66423038626355,344.0,370.0,348.5,360.0,364.0
infant7,1616,356.4,8.181612036157915,2.3035022137995855,0.0,1.6679432661533555,344.0,370.0,348.5,356.0,363.5
infant7,1617,360.72,7.966870176434612,2.3386722205349857,0.0,8.853140631844559,348.0,376.0,354.0,360.0,368.0
infant7,1618,362.4,8.241260058203403,2.5714285714285716,0.0,74.657030793392,348.0,376.0,354.5,365.0,368.0
infant7,1619,363.44,5.36108426438122,1.958758457257441,0.0,6.866793303291721,348.0,370.0,360.0,366.0,368.0
infant7,1620,364.0,2.770102775666474,1.6413036132965795,0.0,3.4303348693802023,358.0,368.0,362.5,364.0,366.0
infant7,1621,362.96,2.0698023172885525,1.958758457257441,0.0,9.085394518209002,358.0,368.0,362.0,364.0,364.0
infant7,1622,361.52,2.409504987692345,2.138089935299395,0.0,4.806161344842302,358.0,368.0,360.0,362.0,362.0
infant7,1623,362.52,2.7644979615821454,1.5649215928719031,0.0,5.002885061898854,358.0,368.0,360.5,362.0,364.0
infant7,1624,364.76,2.0559520362864023,1.5907898179514348,0.0,3.2821255395226814,360.0,368.0,364.0,366.0,366.0
infant7,1625,368.76,3.788058573346252,1.8952141659173714,0.0,7.061024744890214,364.0,376.0,366.0,368.0,372.0
infant7,1626,370.92,3.212475680841802,1.9166296949998198,0.0,13.172773758633072,364.0,376.0,368.0,372.0,374.0
infant7,1627,372.4,3.475864303027554,2.2314999074019015,0.0,4.234467609515967,364.0,378.0,370.0,374.0,374.0
infant7,1628,371.04,4.280759040074981,2.356060357495806,0.0,8.874875971508384,364.0,378.0,368.0,372.0,374.0
infant7,1629,368.52,3.30268907135395,2.080031396937291,0.0,2.637410286534391,364.0,374.0,366.0,368.0,372.0
infant7,1630,371.36,3.2435807877299143,2.138089935299395,0.0,3.542308461226899,364.0,376.0,370.0,372.0,374.0
infant7,1631,370.32,3.986917381145693,2.0,0.0,39.19483350952907,362.0,376.0,366.0,372.0,373.5
infant7,1632,370.36,4.308321326579672,1.8070158058105026,0.0,73.82133105503297,362.0,376.0,366.0,372.0,374.0
infant7,1633,373.0,2.4327694808466287,1.6413036132965795,0.0,3.8023660478473915,368.0,376.0,372.0,374.0,374.0
infant7,1634,375.36,4.246294903579268,2.0203050891044216,0.0,20.82354480706119,370.0,386.0,372.0,374.0,377.5
infant7,1635,375.64,5.1696129409447735,2.523360247522242,0.0,28.88542447331027,364.0,386.0,372.0,374.0,380.0
infant7,1636,369.32,6.923606468496908,2.7255405754769875,0.0,1.4456310142969282,354.0,382.0,366.0,370.0,374.0
infant7,1637,356.56,10.28603174113282,2.2314999074019015,0.0,13.902032387141565,340.0,374.0,350.0,354.0,367.5
infant7,1638,345.64,5.247973369768173,1.616244071283537,0.0,18.218135855078884,336.0,354.0,342.0,346.0,350.0
infant7,1639,339.32,5.863898542987333,2.0995626366712954,0.0,13.322054344936026,328.0,352.0,336.0,338.0,343.5
infant7,1640,329.92,6.127355856804659,2.0603150145508513,0.0,55.278049939110865,322.0,342.0,324.0,328.0,336.0
infant7,1641,327.0,3.9846644802803866,1.6903085094570331,0.0,4.514230618220009,322.0,336.0,324.0,326.0,330.0
infant7,1642,333.36,8.717236034525659,2.7255405754769875,0.0,4.966524706125963,324.0,356.0,326.0,331.0,335.5
infant7,1643,347.64,16.34170825132515,4.247448213519573,0.0,1.6579712367782624,326.0,386.0,333.0,346.0,355.0
infant7,1644,355.28,11.11542410622395,4.0,0.0,6.934386734089204,342.0,386.0,346.0,352.0,358.0
infant7,1645,361.52,12.051318837135035,3.245090483314442,0.0,8.76674165256483,346.0,384.0,352.0,358.0,372.0
infant7,1646,367.24,8.749483949796987,3.0904725218262765,0.0,4.434343749900362,350.0,384.0,360.0,368.0,372.0
infant7,1647,363.64,9.421555831481035,2.6802375770419595,0.0,50.58562360579796,352.0,388.0,356.0,362.0,368.0
infant7,1648,368.64,10.994915336886688,2.9416086117105715,0.0,18.697496532269316,352.0,388.0,357.0,370.0,377.5
infant7,1649,371.24,5.46439308951458,2.6802375770419595,0.0,9.636741049310816,362.0,384.0,368.0,370.0,374.0
infant7,1650,369.8,3.880879344916035,2.3035022137995855,0.0,3.2453902985923158,362.0,380.0,368.0,370.0,372.0
infant7,1651,371.92,3.702398560668586,2.138089935299395,0.0,5.063804128427477,366.0,380.0,368.0,372.0,374.0
infant7,1652,367.08,8.611430467342666,2.2314999074019015,0.0,2.6657649697040973,348.0,378.0,364.5,368.0,374.0
infant7,1653,364.48,8.046396075008884,2.649605284427344,0.0,6.888829956321221,348.0,374.0,359.0,368.0,371.5
infant7,1654,405.28,102.28951309785337,25.120119588952306,10.204081632653061,6.610725490041817,352.0,800.0,366.0,368.0,372.0
infant7,1655,573.2,269.9856383179653,69.86342361481917,32.6530612244898,14.536944838796654,362.0,1286.0,370.0,408.0,728.0
infant7,1656,569.28,256.08186191138174,65.89911894366283,22.448979591836736,150.98258190676756,370.0,1286.0,413.5,444.0,686.0
infant7,1657,415.2,32.471023188972275,11.510421187704964,0.0,4.964885595435342,370.0,512.0,390.0,400.0,440.0
infant7,1658,402.52,12.602623633552643,7.22806322324201,0.0,1.0859107464342173,380.0,428.0,390.5,400.0,414.0
infant7,1659,399.16,20.980418470175312,6.8868404532536855,0.0,3.1949062813202493,358.0,428.0,381.0,407.0,417.5
infant7,1660,392.2,30.342937853000006,7.137140569598169,0.0,14.60279164553098,352.0,452.0,366.0,387.0,418.0
infant7,1661,401.88,27.193666729664862,6.694499722205704,0.0,2.296406891634713,352.0,452.0,392.0,410.0,418.0
infant7,1662,396.72,13.405816587114229,3.9692697112713726,0.0,4.9583687691844895,380.0,424.0,386.0,393.0,409.5
infant7,1663,387.56,4.066588601904901,2.9137254363387344,0.0,12.646349660711294,380.0,396.0,384.5,388.0,390.0
infant7,1664,388.8,3.155817433482074,2.523360247522242,0.0,0.3134138298911571,380.0,396.0,388.0,389.0,391.5
infant7,1665,385.32,3.930207451553276,2.0,0.0,3.5790329077404888,378.0,392.0,382.0,385.0,388.0
infant7,1666,382.76,5.655266644140357,2.4907993963089563,0.0,2.327231103897321,368.0,392.0,380.0,384.0,386.0
infant7,1667,371.52,13.07785166155484,2.842821248876057,0.0,33.201042322046156,354.0,392.0,360.0,368.0,386.0
infant7,1668,367.32,10.25877424352402,2.8996833043120627,0.0,24.258610663784843,354.0,386.0,358.5,364.0,377.5
infant7,1669,363.52,14.521258167786641,2.842821248876057,0.0,83.2654141996819,340.0,386.0,350.5,361.0,377.5
infant7,1670,348.68,7.975574958482136,2.634155559226539,0.0,56.85895716232188,340.0,374.0,342.5,347.0,352.0
infant7,1671,354.8,15.565529682144271,3.7904283318347427,0.0,8.103547533598139,340.0,404.0,344.0,350.0,355.5
infant7,1672,358.24,16.23118691197377,3.989782869648269,0.0,4.819900815279381,336.0,404.0,348.0,354.0,367.5
infant7,1673,342.56,13.118237810975454,2.1570955529345,0.0,102.42230174353743,332.0,382.0,334.0,336.0,348.0
infant7,1674,332.88,1.8142294704442907,2.0603150145508513,0.0,1.0960781703500335,328.0,336.0,332.0,333.0,334.0
infant7,1675,329.8,3.2134919654862832,2.457807219155036,0.0,20.7016004816871,324.0,336.0,328.0,329.0,332.0
infant7,1676,328.12,4.753688149259284,2.457807219155036,0.0,3.5171801851011493,320.0,338.0,324.0,328.0,330.0
infant7,1677,328.52,4.77766914394243,2.407471363764674,0.0,4.954551177714723,320.0,338.0,324.5,328.0,331.5
infant7,1678,325.08,3.6858250260218512,2.3386722205349857,0.0,27.934451655574083,318.0,332.0,322.0,326.0,328.0
infant7,1679,335.4,15.811388300841898,3.3319725113401715,0.0,7.862665078847528,318.0,364.0,322.0,327.0,352.0
infant7,1680,354.56,10.842395999981191,3.2576440717118227,0.0,0.6684281532937157,326.0,370.0,352.5,356.0,362.0
infant7,1681,360.84,4.372268826808063,2.7255405754769875,0.0,0.9305519398403704,354.0,370.0,356.5,362.0,364.0
infant7,1682,376.12,26.90394099042604,6.298687910013887,0.0,4.998733194920181,352.0,442.0,358.5,364.0,385.5
infant7,1683,382.6,23.819902499843298,6.240094190811873,0.0,5.943105336514314,352.0,442.0,372.0,376.0,385.5
infant7,1684,370.92,6.301408977525647,2.649605284427344,0.0,27.33968056910537,358.0,382.0,366.5,372.0,376.0
infant7,1685,373.0,7.9616427389101565,2.9137254363387344,0.0,2.7383686806667282,358.0,390.0,366.5,374.0,380.0
infant7,1686,375.96,7.154162481823188,3.404678653660853,0.0,3.8304918925808953,362.0,390.0,372.0,376.0,380.0
infant7,1687,373.0,6.442841305016961,3.1815796359028696,0.0,1.2641410878872819,362.0,388.0,370.0,372.0,376.0
infant7,1688,369.24,4.098581138264653,2.9554515522253144,0.0,21.054407597762864,362.0,380.0,366.0,368.0,372.0
infant7,1689,369.88,5.546243442775535,2.523360247522242,0.0,3.662636128705449,362.0,382.0,366.0,368.0,375.5
infant7,1690,378.84,8.85336324886348,2.6186146828319083,0.0,4.20934044538327,364.0,396.0,372.0,378.0,386.0
infant7,1691,371.68,16.159207901379325,2.7847983842311326,0.0,64.94219828524909,344.0,396.0,356.5,373.0,386.0
infant7,1692,368.68,20.136716389192543,5.495824017620384,0.0,34.30741611966067,344.0,426.0,352.5,365.0,379.5
infant7,1693,378.96,16.709962810935792,5.598833697790122,0.0,1.6443400991728785,348.0,426.0,368.5,379.0,388.0
infant7,1694,377.56,7.508253961542618,2.356060357495806,0.0,19.04651192683825,364.0,392.0,372.0,376.0,383.5
infant7,1695,370.04,7.703590469543989,2.2857142857142856,0.0,3.435611087244924,356.0,388.0,366.0,368.0,376.0
infant7,1696,358.12,7.839304425620364,2.3035022137995855,0.0,27.89589353886212,346.0,372.0,352.0,355.0,366.0
infant7,1697,358.52,13.736945565495546,3.219836477024184,0.0,6.318864174440229,346.0,388.0,350.0,352.0,357.0
infant7,1698,373.4,14.586826598135788,3.4641016151377544,0.0,2.231242156685075,346.0,392.0,359.0,379.0,385.5
infant7,1699,380.32,7.465403197280049,3.5913728828504383,0.0,13.909392448738998,366.0,392.0,374.0,380.0,386.0
infant7,1700,377.64,7.156444220250097,3.116774889895918,0.0,6.1901803645253475,366.0,392.0,372.0,376.0,385.5
infant7,1701,375.72,9.231799523872883,3.896623341995959,0.0,4.487190773508549,356.0,400.0,372.0,376.0,382.0
infant7,1702,373.96,10.008078369650253,4.426266681379905,0.0,4.3882245519392,356.0,400.0,366.0,373.0,381.5
infant7,1703,376.84,6.964516479693214,3.077237032648288,0.0,2.311150534414156,362.0,388.0,372.0,378.0,382.0
infant7,1704,389.52,19.393076820644744,3.865071216705338,0.0,6.688773706578858,368.0,430.0,378.0,382.0,390.5
infant7,1705,397.04,18.300172855211294,3.8861344310672696,0.0,27.91013510921395,368.0,430.0,390.0,393.0,411.0
infant7,1706,392.32,7.060785641665594,2.0995626366712954,0.0,3.1064497186104116,384.0,418.0,388.0,391.0,393.5
infant7,1707,385.0,4.2233558568841385,2.1570955529345,0.0,4.804452633680306,378.0,392.0,382.0,386.0,388.0
infant7,1708,379.36,4.434374078648277,2.5872528966106905,0.0,2.425107750068658,370.0,388.0,376.0,380.0,382.0
infant7,1709,370.84,8.751349750123097,2.75532878885513,0.0,22.959643444873276,354.0,384.0,364.5,373.0,378.0
infant7,1710,379.36,17.568245937091227,4.3799170619302545,0.0,1.4352675042885488,354.0,410.0,364.5,376.0,395.5
infant7,1711,389.52,9.183481177125168,4.342481186734475,0.0,1.413048589429932,372.0,410.0,384.0,388.0,395.5
infant7,1712,387.96,4.923745048854829,2.695423180587601,0.0,3.3230917119717285,380.0,400.0,384.0,386.0,389.5
infant7,1713,388.04,4.806288397845608,2.424366106925306,0.0,2.2243279021086093,382.0,400.0,384.5,386.0,389.5
infant7,1714,384.64,2.6936054284326114,2.249716535431946,0.0,0.41087152416611367,380.0,390.0,382.0,384.0,386.0
infant7,1715,385.4,2.9485382057928993,2.138089935299395,0.0,1.322829616845262,380.0,392.0,384.0,386.0,388.0
infant7,1716,385.64,3.5843195921646704,1.9378085666072196,0.0,0.7600146664234778,372.0,392.0,386.0,386.0,388.0
infant7,1717,378.84,8.408838887062316,2.2857142857142856,0.0,24.8226586717593,362.0,388.0,372.0,382.0,386.0
infant7,1718,377.68,7.141256963616991,2.4411439272335804,0.0,14.94090765981674,362.0,386.0,373.0,380.0,382.0
infant7,1719,384.56,4.408526062168208,2.040408122440814,0.0,17.691887960273416,378.0,394.0,382.0,384.0,388.0
infant7,1720,388.56,4.180420836153573,1.4285714285714286,0.0,181.00322755065233,378.0,394.0,388.0,388.0,392.0
infant7,1721,388.12,3.192082040784986,1.6903085094570331,0.0,1.7400488074914613,382.0,394.0,386.0,388.0,390.0
infant7,1722,385.44,2.32256016376018,1.8070158058105026,0.0,1.5190462834985197,382.0,390.0,384.0,386.0,386.0
infant7,1723,386.64,2.601098668969381,2.0995626366712954,0.0,2.6936403363620314,382.0,392.0,386.0,387.0,388.0
infant7,1724,387.28,2.821491861857945,2.0995626366712954,0.0,11.178383607365687,382.0,392.0,386.0,388.0,388.0
infant7,1725,386.52,3.8292110339934444,1.7842851423995423,0.0,16.162135606008174,382.0,394.0,384.0,386.0,389.5
infant7,1726,386.44,4.920428055047443,2.1570955529345,0.0,12.93749805803097,374.0,394.0,384.0,388.0,390.0
infant7,1727,388.44,8.154527977180056,2.4743582965269675,0.0,14.57512791319765,374.0,402.0,384.0,388.0,396.0
infant7,1728,393.24,7.226820793094996,2.390457218668787,0.0,16.355654307431394,374.0,402.0,392.5,396.0,398.0
infant7,1729,396.36,1.881814148580013,2.138089935299395,0.0,0.3097146320081202,392.0,400.0,396.0,396.0,398.0
infant7,1730,395.76,5.073178772440694,2.4907993963089563,0.0,2.6853181507308523,384.0,404.0,394.0,396.0,398.0
infant7,1731,393.76,5.947251122860657,2.695423180587601,0.0,11.095373542454107,384.0,406.0,390.0,392.0,398.0
infant7,1732,393.2,3.768830273792262,2.3211538298959886,0.0,5.309080573453129,386.0,406.0,390.5,392.0,394.0
infant7,1733,395.08,2.562205682450898,1.9378085666072196,0.0,4.725235873251982,390.0,400.0,394.0,396.0,396.0
infant7,1734,392.08,5.465438720556956,1.958758457257441,0.0,6.541068902937923,382.0,400.0,386.0,394.0,396.0
infant7,1735,389.6,4.624689730353899,2.040408122440814,0.0,3.351622612566628,382.0,400.0,386.0,388.0,394.0
infant7,1736,392.04,5.945191849086871,2.457807219155036,0.0,1.2140001204643145,382.0,404.0,388.0,392.0,396.0
infant7,1737,395.68,6.264379377048602,2.602981022612657,0.0,11.705699958253478,382.0,404.0,390.5,398.0,400.0
infant7,1738,398.16,3.278625894349955,2.710523708715754,0.0,7.582430100748365,392.0,404.0,396.0,398.0,400.0
infant7,1739,395.68,3.530855247034378,2.523360247522242,0.0,3.5998026156697818,390.0,404.0,392.0,395.0,398.0
infant7,1740,392.28,4.179834973795409,2.1570955529345,0.0,16.563413575931826,384.0,400.0,390.0,392.0,396.0
infant7,1741,383.72,11.124600428504278,2.4743582965269675,0.0,8.351461910321259,360.0,398.0,376.5,387.0,392.0
infant7,1742,368.16,12.935254783982055,2.2677868380553634,0.0,13.869906624914735,350.0,394.0,360.0,364.0,376.0
infant7,1743,356.52,6.537927025894245,2.390457218668787,0.0,37.09725160392532,344.0,366.0,352.0,358.0,361.5
infant7,1744,354.88,5.438487184607761,2.4743582965269675,0.0,5.171482211941237,344.0,366.0,352.0,356.0,358.0
infant7,1745,359.44,6.975642754380036,2.857142857142857,0.0,23.972481870840653,348.0,376.0,354.0,358.0,364.0
infant7,1746,380.0,23.15167380558045,4.553536414431208,0.0,5.149825956024217,348.0,424.0,364.5,370.0,399.0
infant7,1747,388.88,18.034705770954456,4.763809143009447,0.0,6.004459692010089,366.0,424.0,372.5,387.0,399.0
infant7,1748,386.16,9.763238004193619,3.5685702847990846,0.0,11.385112279439657,366.0,402.0,380.5,387.0,395.5
infant7,1749,385.16,9.062954422104465,2.799416848895061,0.0,2.603393870347455,368.0,402.0,378.5,384.0,392.0
infant7,1750,377.32,7.704861968859901,2.8996833043120627,0.0,16.27286002539692,362.0,392.0,372.0,378.0,384.0
infant7,1751,374.2,7.151423434733616,3.010186786529354,0.0,23.610638114055355,362.0,392.0,370.0,374.0,378.0
infant7,1752,380.32,9.725707570922644,3.5225222874108435,0.0,5.641669673797073,364.0,398.0,372.5,378.0,389.5
infant7,1753,381.32,16.992723532772036,4.7207747548166585,0.0,25.68698805069182,352.0,424.0,368.5,383.0,390.0
infant7,1754,381.6,17.677380912294883,4.535573676110727,0.0,3.4073594751925933,352.0,424.0,368.5,382.0,393.5
infant7,1755,380.44,10.585241940493164,2.3386722205349857,0.0,35.085869716883835,368.0,410.0,372.0,376.0,387.0
infant7,1756,375.44,3.7261349455773956,2.4411439272335804,0.0,3.4752597208900613,368.0,382.0,372.0,376.0,378.0
infant7,1757,380.16,3.376751246330093,2.5394841192330255,0.0,2.9215189274453204,376.0,390.0,378.0,380.0,382.0
infant7,1758,381.8,3.1879876577744852,2.1189138534559038,0.0,0.8668804780913024,376.0,390.0,380.0,382.0,384.0
infant7,1759,384.08,8.628003765622257,2.3211538298959886,0.0,4.57143104738624,370.0,400.0,378.5,382.0,387.5
infant7,1760,386.84,9.267806908754583,2.602981022612657,0.0,11.306650876484804,370.0,400.0,380.0,389.0,394.0
infant7,1761,381.04,8.093736555421817,2.1759351731039738,0.0,20.865646624602707,368.0,396.0,376.0,378.0,389.5
infant7,1762,364.64,11.142417573747409,2.0203050891044216,0.0,64.08783718589142,346.0,380.0,354.0,366.0,375.5
infant7,1763,359.48,12.181015674283605,3.2576440717118227,0.0,8.072431335593146,346.0,390.0,350.0,356.0,364.0
infant7,1764,359.6,11.654901745354938,3.779644730092272,0.0,6.997330460760357,346.0,390.0,352.0,356.0,364.0
infant7,1765,346.44,9.775354265723989,2.602981022612657,0.0,202.1816373641022,328.0,364.0,336.5,349.0,356.0
infant7,1766,334.04,5.8482859864743135,1.979486637221574,0.0,12.817766619629616,328.0,350.0,330.0,332.0,336.0
infant7,1767,336.4,9.98774759597059,2.3211538298959886,0.0,24.30195467004393,326.0,358.0,330.0,332.0,344.5
infant7,1768,342.4,8.270922757788643,2.457807219155036,0.0,50.90297558304713,326.0,358.0,336.0,342.0,350.0
infant7,1769,351.48,14.81207450090662,9.926258723451548,0.0,8.192741576704588,336.0,408.0,340.5,349.0,356.0
infant7,1770,365.24,12.751246437673679,10.1418510567422,0.0,1.7969451948828303,340.0,408.0,356.0,364.0,374.0
infant7,1771,372.68,6.6468958536895935,3.142857142857143,0.0,7.64494680186323,360.0,384.0,368.0,373.0,378.0
infant7,1772,382.84,9.980307140175844,3.1036515689143473,0.0,22.421885117135147,368.0,400.0,376.0,380.0,391.5
infant7,1773,384.76,10.558988819861453,4.040610178208843,0.0,12.836482624911387,366.0,400.0,378.0,387.0,394.0
infant7,1774,377.32,8.922432175049993,4.0,0.0,5.043919661427119,366.0,396.0,368.5,377.0,384.0
infant7,1775,380.44,11.614839206632107,3.625307868699863,0.0,27.24054318616898,366.0,404.0,370.0,377.0,388.0
infant7,1776,378.0,12.26909174490508,3.7471077281725718,0.0,11.359440539262913,362.0,404.0,370.0,374.0,385.0
infant7,1777,368.52,4.912458131929388,3.3319725113401715,0.0,1.2497220161020488,358.0,378.0,366.0,368.0,372.0
infant7,1778,377.04,21.270809738671808,4.361239292135356,0.0,19.46146825258428,354.0,426.0,362.5,368.0,390.5
infant7,1779,384.96,18.819182571330273,4.580348440537542,0.0,6.107942586489688,354.0,426.0,376.5,384.0,392.0
infant7,1780,381.48,5.187268558889237,3.077237032648288,0.0,10.084035865351874,372.0,392.0,378.0,382.0,385.5
infant7,1781,381.4,6.6792398443205485,3.245090483314442,0.0,1.5753628853466297,372.0,398.0,376.0,380.0,385.5
infant7,1782,387.16,7.783708784954611,3.917516914514882,0.0,5.021828102129762,372.0,400.0,380.0,389.0,392.0
infant7,1783,384.4,10.277774713488542,3.510915922127002,0.0,3.0804606007613504,364.0,400.0,380.5,386.0,392.0
infant7,1784,370.56,9.881254154886888,3.0371845179241856,0.0,8.239036954427645,356.0,390.0,362.0,370.0,379.0
infant7,1785,358.8,6.639400022069856,2.740475156178697,0.0,19.684300080503625,350.0,374.0,352.5,358.0,362.0
infant7,1786,357.6,7.824607964359516,3.232488142567074,0.0,1.5451500069106756,350.0,382.0,352.0,356.0,358.0
infant7,1787,365.24,7.937408202908039,3.232488142567074,0.0,7.064989230184924,350.0,382.0,358.5,365.0,371.5
infant7,1788,370.56,4.463731394157098,2.8284271247461903,0.0,26.67832153100197,364.0,382.0,368.0,370.0,374.0
infant7,1789,380.84,11.932394596908306,3.4522988495984492,0.0,8.419983982774083,366.0,406.0,372.5,376.0,387.5
infant7,1790,386.0,9.18739153760773,3.5913728828504383,0.0,4.4179144068792695,370.0,406.0,380.0,384.0,389.5
infant7,1791,381.32,4.617800518932478,3.245090483314442,0.0,5.030296305697512,370.0,390.0,378.5,382.0,384.0
infant7,1792,373.84,9.961886551927272,2.857142857142857,0.0,36.84025358127673,354.0,386.0,368.5,378.0,382.0
infant7,1793,372.32,22.30167926321208,4.898979485566356,0.0,41.10380639820833,354.0,434.0,356.0,364.0,379.5
infant7,1794,386.36,31.932812118507798,6.350317363112248,0.0,16.72033002153774,354.0,444.0,360.0,372.0,420.0
infant7,1795,380.84,28.139854807220107,5.078968238466051,0.0,59.40790326277294,352.0,444.0,360.0,372.0,384.0
infant7,1796,371.52,12.457667092507936,3.510915922127002,0.0,16.127601455715258,352.0,396.0,360.0,372.0,380.0
infant7,1797,363.04,16.602139031105697,3.499271061118826,0.0,29.806780029466772,342.0,396.0,350.0,356.0,375.5
infant7,1798,352.64,9.402040594835718,3.499271061118826,0.0,3.3370239935855235,342.0,382.0,348.0,350.0,353.5
infant7,1799,367.8,14.49137674618944,3.282607226593159,0.0,13.939273099214695,346.0,384.0,352.0,375.0,380.0
infant7,1800,377.36,5.8475880253559,2.7255405754769875,0.0,1.6472066256860192,366.0,388.0,372.5,377.0,382.0
infant7,1801,383.6,12.986649345558298,3.3926691677251193,0.0,14.426215060803147,366.0,410.0,373.0,380.0,391.5
infant7,1802,383.2,15.753198573817398,3.6589281356759136,0.0,68.32109020805828,362.0,410.0,368.0,380.0,397.5
infant7,1803,378.44,11.572592534051465,3.6477558099439156,0.0,6.5267238209470335,362.0,400.0,368.0,378.0,386.0
infant7,1804,378.08,7.612663992402692,3.077237032648288,0.0,0.783513359172196,364.0,400.0,374.0,378.0,380.0
infant7,1805,371.88,7.107455125946764,3.4166459266003995,0.0,4.154350282495834,360.0,390.0,366.5,370.0,378.0
infant7,1806,378.72,11.916443792216754,3.614031611621005,0.0,12.817831285146166,360.0,402.0,368.0,380.0,388.0
infant7,1807,380.32,9.556363410453427,3.0904725218262765,0.0,13.430584526228946,368.0,402.0,372.5,378.0,388.0
infant7,1808,375.24,4.424237510692708,3.3926691677251193,0.0,2.152559546093667,368.0,386.0,372.0,374.0,378.0
infant7,1809,375.32,8.09746748013456,9.889181885643875,2.0408163265306123,13.189300491634551,344.0,400.0,370.5,376.0,380.0
infant7,1810,372.2,9.242757782641036,9.909797254871215,2.0408163265306123,13.481940377239233,344.0,400.0,366.0,370.0,379.5
infant7,1811,376.6,8.696703574413956,3.428571428571429,0.0,3.5478570942577314,362.0,390.0,370.0,378.0,384.0
infant7,1812,378.72,7.4588394348106,3.6922422809485957,0.0,2.3943989776205075,360.0,390.0,374.5,380.0,384.0
infant7,1813,377.08,6.117355704577471,3.4166459266003995,0.0,1.2631128785143804,360.0,386.0,376.0,378.0,380.0
infant7,1814,381.52,4.031711035968602,2.710523708715754,0.0,3.6910772887422074,374.0,390.0,378.5,380.0,384.0
infant7,1815,386.56,3.637446962934754,2.6802375770419595,0.0,2.9913292775918636,380.0,392.0,384.0,388.0,389.5
infant7,1816,380.0,9.806287029560295,2.7255405754769875,0.0,37.157109663781384,362.0,392.0,372.0,382.0,388.0
infant7,1817,372.2,5.631543812693435,3.05059378629466,0.0,7.871115722057805,362.0,384.0,366.5,372.0,377.5
infant7,1818,376.16,5.963699714582742,2.770102775666474,0.0,12.848246428104222,364.0,386.0,372.0,376.0,381.5
infant7,1819,367.48,14.152579630727454,8.675557971822272,0.0,103.84381031118988,326.0,386.0,358.0,372.0,378.0
infant7,1820,346.28,12.434382877771634,8.66143222355664,0.0,22.09385379404405,326.0,372.0,336.0,344.0,357.0
infant7,1821,344.72,13.71285706844463,3.5913728828504383,0.0,4.460622375409687,330.0,376.0,332.5,339.0,354.0
infant7,1822,349.24,12.654853066015779,3.927922024247863,0.0,15.85166170390095,330.0,376.0,340.0,347.0,359.5
infant7,1823,357.08,21.7037944580562,6.874976808866265,0.0,2.748961132685275,336.0,432.0,344.0,349.0,362.0
infant7,1824,354.32,22.715130262825763,6.596226503208683,0.0,36.444644286508684,334.0,432.0,342.0,345.0,354.0
infant7,1825,336.72,4.725268591869262,1.8735538640862859,0.0,6.884615473446654,330.0,346.0,332.5,336.0,341.5
infant7,1826,340.72,12.827012313783719,2.5071326821120348,0.0,96.29499755066982,330.0,378.0,332.0,336.0,345.5
infant7,1827,361.24,17.298767208641646,3.4641016151377544,0.0,22.43450483408663,330.0,386.0,346.5,366.0,376.0
infant7,1828,373.84,5.418637527373576,3.219836477024184,0.0,12.27655445686495,364.0,386.0,370.0,374.0,376.0
infant7,1829,367.36,7.9738347622913865,2.710523708715754,0.0,28.971173423067178,354.0,378.0,358.0,369.0,374.0
infant7,1830,365.72,8.040814254635597,2.710523708715754,0.0,6.76512143038204,354.0,382.0,358.0,366.0,372.0
infant7,1831,370.92,6.739587585032672,3.270149469217028,0.0,1.5390477045873483,356.0,382.0,366.0,372.0,378.0
infant7,1832,375.12,9.206563763236021,3.2071349029490928,0.0,7.914306259233586,362.0,394.0,368.0,374.0,379.5
infant7,1833,374.0,12.195683411664596,3.5685702847990846,0.0,18.78869917877073,352.0,394.0,364.0,376.0,382.0
infant7,1834,371.16,9.372909290686033,3.4522988495984492,0.0,2.2948864570397443,352.0,392.0,366.0,374.0,377.5
infant7,1835,377.8,6.505884306706116,2.4743582965269675,0.0,13.002322540084922,366.0,388.0,374.0,378.0,383.5
infant7,1836,379.36,4.452745083149293,2.842821248876057,0.0,62.08718396083221,372.0,388.0,376.0,378.0,382.0
infant7,1837,376.84,2.5900910077778017,2.5555062599997598,0.0,4.270231869485928,372.0,384.0,376.0,376.0,378.0
infant7,1838,373.48,6.112015599937352,2.857142857142857,0.0,26.035319226736796,360.0,384.0,368.5,375.0,378.0
infant7,1839,373.48,6.335001570478036,2.7847983842311326,0.0,1.0433485655906565,360.0,384.0,368.5,374.0,378.0
infant7,1840,370.44,11.684910904972398,2.5714285714285716,0.0,15.753130293601071,346.0,384.0,362.5,375.0,378.0
infant7,1841,362.08,18.856969696174644,5.213796454541331,0.0,65.25230564577402,342.0,420.0,346.5,356.0,375.5
infant7,1842,376.92,23.25795014393915,5.299210568854688,0.0,2.094140751084966,342.0,420.0,350.0,392.0,394.0
infant7,1843,389.04,5.364128778377753,2.9965967090575756,0.0,3.0279475618399,378.0,396.0,384.0,392.0,394.0
infant7,1844,382.68,4.3819667562706615,2.2857142857142856,0.0,7.05146644412928,378.0,396.0,380.0,382.0,384.0
infant7,1845,381.96,5.244861430826503,2.1759351731039738,0.0,4.132223878795361,376.0,398.0,378.0,380.0,383.5
infant7,1846,379.72,7.239461024024326,2.3733211036908783,0.0,9.57771759479578,370.0,398.0,374.0,378.0,385.5
infant7,1847,378.52,5.4631978375531025,2.602981022612657,0.0,2.0402889079731414,370.0,388.0,374.0,378.0,384.0
infant7,1848,380.92,4.818501757151643,3.1687247161169765,0.0,20.943906446145757,368.0,388.0,378.0,380.0,384.0
infant7,1849,378.32,8.517544917907472,3.05059378629466,0.0,14.276239342143382,362.0,396.0,372.0,378.0,384.0
infant7,1850,383.04,12.257375955159509,2.8713930346059686,0.0,58.087361251294524,362.0,404.0,376.0,382.0,393.5
infant7,1851,387.12,8.486820514714541,2.813959371941744,0.0,152.07130656763286,374.0,404.0,380.0,386.0,392.0
infant7,1852,383.04,7.615665916184794,3.270149469217028,0.0,1.10139772762177,368.0,398.0,378.0,384.0,388.0
infant7,1853,388.72,12.240848309939095,3.865071216705338,0.0,6.944774260164703,368.0,412.0,380.5,388.0,397.5
infant7,1854,387.8,11.38025500951682,3.404678653660853,0.0,76.07978546276514,376.0,412.0,380.0,382.0,395.5
infant7,1855,379.68,3.7331389648139597,2.649605284427344,0.0,1.4507985205165208,374.0,390.0,376.0,380.0,381.5
infant7,1856,381.64,6.53642853240083,3.510915922127002,0.0,1.0076281189487128,374.0,402.0,376.5,380.0,385.5
infant7,1857,373.24,13.87342195475557,3.3926691677251193,0.0,13.228630280708959,350.0,402.0,362.0,376.0,381.5
infant7,1858,362.0,14.98298354528788,4.668609896676626,0.0,5.027745997430339,340.0,398.0,350.0,358.0,373.5
infant7,1859,357.52,14.208706729986917,4.729412959213385,0.0,3.0597405052697044,340.0,398.0,348.5,352.0,362.0
infant7,1860,347.72,7.1372549459344174,2.3386722205349857,0.0,32.88608623024315,336.0,364.0,340.5,348.0,352.0
infant7,1861,349.6,8.83407133356589,2.390457218668787,0.0,47.514590024418176,336.0,364.0,340.5,348.0,358.0
infant7,1862,369.52,14.006179394270582,2.7255405754769875,0.0,23.60484989765978,346.0,392.0,358.5,365.0,383.0
infant7,1863,383.48,6.746851117373201,2.5714285714285716,0.0,2.962059414919442,366.0,392.0,380.0,386.0,388.0
infant7,1864,386.72,5.432479796068631,2.5872528966106905,0.0,23.83037318849418,378.0,400.0,382.5,386.0,389.5
infant7,1865,386.0,5.728553615932406,2.4907993963089563,0.0,8.626968873503088,378.0,400.0,382.0,385.0,388.0
infant7,1866,385.76,3.2736424199777154,2.5394841192330255,0.0,11.006130637523675,380.0,392.0,384.0,386.0,388.0
infant7,1867,385.4,6.275966467568227,3.6477558099439156,0.0,2.112395583891183,370.0,396.0,384.5,388.0,388.0
infant7,1868,383.96,12.245715618958664,3.6027200608338545,0.0,7.9510094383692165,362.0,408.0,374.0,386.0,393.5
infant7,1869,374.72,14.96532045519008,2.710523708715754,0.0,113.26222597966267,360.0,408.0,364.5,367.0,385.0
infant7,1870,374.88,13.750903495362605,3.1298431857438063,0.0,16.39756798338128,360.0,408.0,366.0,370.0,379.5
infant7,1871,386.88,14.797462551369533,3.5225222874108435,0.0,14.432417710452066,368.0,416.0,374.0,381.0,399.5
infant7,1872,388.72,13.147576792329607,3.843892584878203,0.0,12.65213337747503,368.0,416.0,378.5,386.0,397.5
infant7,1873,383.96,8.315120233033069,3.6589281356759136,0.0,8.889781589335323,370.0,406.0,378.0,382.0,387.5
infant7,1874,382.76,5.419390733132956,3.3073819722257785,0.0,0.4433240493272057,370.0,392.0,380.0,384.0,386.0
infant7,1875,383.88,8.034720573478431,3.5799897388976194,0.0,2.601163679751858,366.0,396.0,380.5,386.0,390.0
infant7,1876,382.64,8.265393801500176,3.822596617217043,0.0,2.1750784800712974,366.0,396.0,378.0,383.0,390.0
infant7,1877,386.68,5.308599108031791,3.2071349029490928,0.0,0.0810465372565795,376.0,396.0,382.0,387.0,390.0
infant7,1878,389.56,12.377003033110748,5.785273351804739,0.0,28.212637826432196,374.0,434.0,383.0,388.0,392.0
infant7,1879,395.08,16.223993318035898,6.93409205686377,0.0,0.493349125075815,374.0,434.0,382.5,392.0,407.5
infant7,1880,395.6,12.584408883168708,5.495824017620384,0.0,1.2018427852875935,376.0,424.0,386.5,392.0,402.0
infant7,1881,387.92,8.260651750736063,4.642307659791977,0.0,14.925099871946685,376.0,414.0,384.0,388.0,390.0
infant7,1882,378.08,11.204663752023901,3.5685702847990846,0.0,14.442525523315112,356.0,394.0,372.0,383.0,388.0
infant7,1883,368.12,16.880903351396327,4.703450752329808,0.0,16.646730063023107,344.0,408.0,354.5,365.0,383.5
infant7,1884,361.76,16.549936802394907,4.508495382302715,0.0,4.266530054157408,344.0,408.0,350.0,355.0,368.0
infant7,1885,352.36,11.568359381325868,2.9554515522253144,0.0,28.851408017494506,340.0,378.0,342.0,350.0,360.0
infant7,1886,367.8,25.2408803494713,4.668609896676626,0.0,5.338894082554283,340.0,420.0,342.0,374.0,383.0
infant7,1887,384.52,12.327569898071426,4.323641700120445,0.0,3.357289581848786,370.0,420.0,376.0,380.0,386.0
infant7,1888,373.24,7.718411595077086,2.424366106925306,0.0,25.293042460159047,360.0,386.0,368.0,372.0,380.0
infant7,1889,365.44,3.2081528794555885,2.7255405754769875,0.0,7.9057182338883,360.0,372.0,362.5,366.0,368.0
infant7,1890,362.32,3.291547616894781,2.602981022612657,0.0,12.88129875672799,356.0,370.0,360.0,362.0,364.0
infant7,1891,366.84,7.251628951413578,2.138089935299395,0.0,10.629916730823682,356.0,378.0,360.0,363.0,374.0
infant7,1892,375.04,4.299786420894196,2.634155559226539,0.0,6.467872544091947,362.0,384.0,372.0,376.0,378.0
infant7,1893,376.84,4.372268826808062,2.9965967090575756,0.0,4.067621632764082,368.0,386.0,374.0,376.0,380.0
infant7,1894,379.6,5.756983337031395,2.740475156178697,0.0,2.9969399896601,372.0,396.0,376.0,379.0,382.0
infant7,1895,385.96,8.866262586056084,2.5394841192330255,0.0,29.662932969650306,372.0,402.0,378.0,384.0,394.0
infant7,1896,378.72,13.308030412851775,2.695423180587601,0.0,15.659880421337874,360.0,402.0,368.0,372.0,394.0
infant7,1897,361.52,7.177743377970545,2.249716535431946,0.0,19.23415169559582,350.0,374.0,354.0,361.0,368.0
infant7,1898,372.0,22.47901515745251,3.614031611621005,0.0,11.58139045906018,350.0,410.0,354.0,360.0,402.0
infant7,1899,388.08,15.2688023934627,3.927922024247863,0.0,13.64837142785883,354.0,410.0,380.5,390.0,402.0
infant7,1900,383.08,7.012641646137555,2.799416848895061,0.0,0.8438260931104298,372.0,396.0,378.0,382.0,388.0
infant7,1901,383.8,7.486041432327943,3.3441999744913216,0.0,5.308228812683062,372.0,398.0,378.0,384.0,390.0
infant7,1902,388.8,9.345958419312073,3.475864303027554,0.0,11.665668678586563,374.0,410.0,381.0,389.0,393.5
infant7,1903,383.88,11.531040627765721,3.245090483314442,0.0,9.447140370383986,366.0,410.0,376.0,382.0,388.0
infant7,1904,384.56,9.655621181890021,3.6589281356759136,0.0,7.135123593058631,366.0,400.0,378.0,386.0,394.0
infant7,1905,378.96,13.517879316834051,3.219836477024184,0.0,11.004568263068839,354.0,400.0,368.0,379.0,390.0
infant7,1906,356.4,13.376799897965286,1.958758457257441,0.0,124.21657857772162,338.0,380.0,344.0,354.0,367.5
infant7,1907,355.8,14.874989281422994,3.3319725113401715,0.0,26.41441209309341,338.0,386.0,344.0,350.0,368.0
infant7,1908,377.6,16.605875527680446,4.481253468959463,0.0,1.3205323080124491,340.0,410.0,368.5,377.0,392.0
infant7,1909,382.8,12.047524938461724,4.314191105869,0.0,25.853300720666635,364.0,410.0,374.0,379.0,395.0
infant7,1910,374.12,8.145713784636955,3.319700011034929,0.0,1.140627514593872,364.0,398.0,368.0,372.0,377.5
infant7,1911,372.6,4.242640687119285,2.424366106925306,0.0,17.688112861639038,364.0,380.0,370.0,372.0,376.0
infant7,1912,378.12,6.0664349211922834,2.9137254363387344,0.0,11.931560373217685,368.0,392.0,376.0,378.0,382.0
infant7,1913,382.64,7.084792566778911,3.245090483314442,0.0,0.5432344228920518,372.0,404.0,378.0,382.0,386.0
infant7,1914,386.52,11.005082313853627,3.917516914514882,0.0,11.547778745696702,372.0,410.0,376.0,384.0,397.5
infant7,1915,387.48,9.517416902174451,3.917516914514882,0.0,3.085448052783596,372.0,410.0,382.0,386.0,392.0
infant7,1916,381.12,11.162327312008378,3.7142857142857144,0.0,32.77345765933596,364.0,408.0,372.0,382.0,388.0
infant7,1917,381.6,12.355284748822658,4.060762972443398,0.0,11.41182352864559,364.0,408.0,372.0,380.0,389.5
infant7,1918,383.6,7.056622305844838,3.404678653660853,0.0,5.407412303265388,374.0,404.0,378.5,382.0,386.0
infant7,1919,385.92,8.339333894018056,3.05059378629466,0.0,5.745068950839015,374.0,408.0,380.0,384.0,389.5
infant7,1920,386.84,8.061903355553557,3.219836477024184,0.0,5.793325952382456,376.0,408.0,380.0,384.0,390.0
infant7,1921,380.64,4.702409282615082,3.356382892705923,0.0,7.547453886826652,372.0,392.0,378.0,380.0,384.0
infant7,1922,373.56,5.718427070730667,2.9137254363387344,0.0,121.6132328440744,364.0,384.0,368.5,374.0,378.0
infant7,1923,373.8,6.050805309870677,2.5872528966106905,0.0,5.599198982976792,364.0,386.0,368.5,374.0,378.0
infant7,1924,383.12,5.498200076537107,2.75532878885513,0.0,6.71241029947284,372.0,392.0,378.0,385.0,388.0
infant7,1925,383.2,5.268311118453078,2.390457218668787,0.0,8.218042095182655,374.0,392.0,378.0,384.0,388.0
infant7,1926,378.08,3.2314778321368443,2.710523708715754,0.0,2.868552413455694,370.0,386.0,376.0,378.0,380.0
infant7,1927,375.72,6.7007157704781575,3.010186786529354,0.0,3.5505232943726948,360.0,386.0,372.5,377.0,380.0
infant7,1928,360.92,15.339478212662081,2.634155559226539,0.0,38.015469636698526,338.0,386.0,348.0,359.0,375.5
infant7,1929,341.8,7.732782058699635,2.0995626366712954,0.0,39.12403491510476,332.0,358.0,336.0,340.0,347.5
infant7,1930,341.88,34.35091419631287,48.554618939995436,4.081632653061225,0.24424284532870122,332.0,578.0,334.0,336.0,339.5
infant7,1931,351.64,35.99476152362809,48.625180341725276,4.081632653061225,7.337737171241394,332.0,578.0,336.0,344.0,348.0
infant7,1932,376.24,25.70361683435518,4.361239292135356,0.0,17.786101483170363,342.0,414.0,348.0,380.0,401.5
infant7,1933,389.68,13.834945402339478,3.822596617217043,0.0,0.8292814684226048,368.0,414.0,378.5,386.0,402.0
infant7,1934,380.64,8.245617265046484,2.9277002188455996,0.0,1.6375805834153596,368.0,402.0,376.0,379.0,383.5
infant7,1935,382.8,6.246631745450127,3.1687247161169765,0.0,2.739039978440355,374.0,398.0,378.0,380.0,385.5
infant7,1936,384.16,8.338159146909087,3.1687247161169765,0.0,25.658700487762644,364.0,398.0,380.0,384.0,390.0
infant7,1937,381.72,11.263160103195021,3.3441999744913216,0.0,22.37330864756439,362.0,404.0,372.0,384.0,390.0
infant7,1938,380.44,9.348491092913642,3.282607226593159,0.0,7.017873083541497,362.0,404.0,376.0,380.0,384.0
infant7,1939,380.0,6.639400022069858,2.8996833043120627,0.0,0.968194666872709,368.0,398.0,376.5,380.0,382.0
infant7,1940,381.56,8.194473000449879,3.7471077281725718,0.0,2.3233281234374594,368.0,404.0,376.0,380.0,386.0
infant7,1941,389.0,9.716386327503972,3.9692697112713726,0.0,3.0891452466166753,372.0,410.0,382.5,389.0,396.0
infant7,1942,393.6,5.827450872677468,3.510915922127002,0.0,0.4455363441147619,384.0,410.0,390.0,392.0,396.0
infant7,1943,384.68,7.799633691032272,3.2576440717118227,0.0,28.04496761369761,372.0,398.0,378.0,384.0,392.0
infant7,1944,395.28,28.349883921585057,7.543073589968049,0.0,4.885748590209164,372.0,474.0,378.0,382.0,403.0
infant7,1945,397.32,27.257232704254434,7.740695533796609,0.0,4.005037266519323,372.0,474.0,380.0,387.0,403.0
infant7,1946,381.72,5.34537755677649,3.356382892705923,0.0,8.977791325635172,372.0,392.0,376.0,382.0,386.0
infant7,1947,378.04,5.428421050548752,2.634155559226539,0.0,3.146654431876035,370.0,390.0,374.0,376.0,382.0
infant7,1948,380.72,7.469775834682602,2.1946130708196026,0.0,42.096818401733636,370.0,398.0,374.0,378.0,387.5
infant7,1949,390.6,6.104531605491856,2.6802375770419595,0.0,0.5800002894222953,378.0,402.0,386.5,391.0,396.0
infant7,1950,393.12,4.163201280019882,2.813959371941744,0.0,4.406759076398852,386.0,402.0,390.0,392.0,396.0
infant7,1951,390.4,4.677344441069971,2.602981022612657,0.0,4.489694268385416,382.0,400.0,386.5,390.0,394.0
infant7,1952,390.32,4.971100153355781,2.6802375770419595,0.0,9.487305797825279,382.0,398.0,386.0,392.0,394.0
infant7,1953,387.48,6.16520850566851,2.3386722205349857,0.0,30.15105194259325,378.0,398.0,382.0,387.0,394.0
infant7,1954,387.36,9.650547198189841,2.8855728395320224,0.0,1.6745664864152807,376.0,408.0,380.0,384.0,390.0
infant7,1955,402.6,14.940699106665605,3.4522988495984492,0.0,5.189147905288278,376.0,428.0,389.5,406.0,413.5
infant7,1956,407.24,10.140965618394993,3.232488142567074,0.0,0.8480036116876905,388.0,428.0,400.0,406.0,414.0
infant7,1957,398.16,9.879601743605098,2.770102775666474,0.0,6.676558281021428,378.0,416.0,392.5,400.0,405.5
infant7,1958,401.84,10.457611230728615,2.9554515522253144,0.0,4.885883501006063,378.0,416.0,402.0,404.0,408.0
infant7,1959,405.76,4.0130399693895855,2.7255405754769875,0.0,4.413542557469223,398.0,416.0,404.0,404.0,408.0
infant7,1960,404.96,3.730513998617021,2.634155559226539,0.0,1.6613384081377527,398.0,414.0,402.0,404.0,406.0
infant7,1961,402.76,5.172770149582153,2.7255405754769875,0.0,6.576086456927988,394.0,414.0,398.5,402.0,406.0
infant7,1962,395.52,7.5653344747133096,2.3211538298959886,0.0,7.524772749409897,376.0,404.0,394.0,398.0,401.5
infant7,1963,389.84,7.998367180307516,2.770102775666474,0.0,5.948450765043902,376.0,402.0,384.0,388.0,397.5
infant7,1964,395.56,10.80657396293231,3.3073819722257785,0.0,7.020244804960369,376.0,418.0,388.0,394.0,401.5
infant7,1965,404.56,6.101722741010383,3.0237157840738176,0.0,3.328336957590592,390.0,418.0,402.0,404.0,408.0
infant7,1966,408.04,3.510683403439233,2.649605284427344,0.0,3.619989419611958,402.0,414.0,404.5,408.0,410.0
infant7,1967,408.68,3.395314899284913,2.5071326821120348,0.0,11.089388699204406,404.0,414.0,406.0,408.0,412.0
infant7,1968,406.92,2.293202021236699,2.457807219155036,0.0,1.9652577305599708,404.0,414.0,406.0,406.0,408.0
infant7,1969,407.16,2.743154745759647,2.4743582965269675,0.0,3.0242257067914866,402.0,416.0,404.5,408.0,408.0
infant7,1970,406.68,3.1715572689459797,2.3211538298959886,0.0,5.775430648976775,400.0,416.0,404.0,407.0,408.0
infant7,1971,403.08,6.859642401579766,2.799416848895061,0.0,3.090756645459174,388.0,412.0,400.5,406.0,408.0
infant7,1972,407.68,10.500612227049295,3.6027200608338545,0.0,11.793061730556325,388.0,426.0,402.5,408.0,415.5
infant7,1973,411.84,5.640089737308969,3.1815796359028696,0.0,45.81973253022587,404.0,426.0,408.0,410.0,415.5
infant7,1974,405.4,5.364280958719597,2.649605284427344,0.0,14.46764508346454,392.0,412.0,404.0,407.0,410.0
infant7,1975,408.04,7.267371868671027,3.0639443699324596,0.0,7.980396303417302,392.0,418.0,404.0,410.0,414.0
infant7,1976,409.68,5.970813365438411,3.05059378629466,0.0,23.583753761075112,396.0,418.0,406.0,412.0,414.0
infant7,1977,410.92,8.183707058814472,3.6477558099439156,0.0,49.88519678467747,396.0,428.0,406.0,410.0,415.5
infant7,1978,415.16,5.285173717531884,3.475864303027554,0.0,108.29548360284797,406.0,428.0,412.0,414.0,418.0
infant7,1979,410.8,4.120630029101702,2.407471363764674,0.0,62.14028778146779,406.0,420.0,408.0,410.0,414.0
infant7,1980,409.72,3.5687990319731155,2.7847983842311326,0.0,12.47749078254082,406.0,418.0,406.0,408.0,412.0
infant7,1981,408.24,4.635972918164987,2.710523708715754,0.0,38.18515884324449,402.0,418.0,404.0,406.0,412.0
infant7,1982,403.2,5.924697529522206,2.75532878885513,0.0,1.0672862304381387,384.0,410.0,402.5,404.0,406.0
infant7,1983,384.44,19.433990840792326,2.634155559226539,0.0,70.11704546952421,354.0,410.0,368.0,383.0,404.0
infant7,1984,357.0,12.310606013034583,2.0,0.0,27.74361688671564,340.0,382.0,346.0,354.0,367.0
infant7,1985,341.92,6.285194783726893,2.2677868380553634,0.0,154.9885363231914,334.0,356.0,336.0,340.0,346.0
infant7,1986,334.48,2.9571083503852824,2.1570955529345,0.0,18.770612490178273,328.0,340.0,332.0,334.0,336.0
infant7,1987,338.84,9.134728529415773,2.138089935299395,0.0,33.52402130741878,328.0,360.0,332.0,334.0,342.0
infant7,1988,351.52,8.671416803945888,2.2677868380553634,0.0,5.034254216729921,334.0,362.0,342.5,354.0,358.0
infant7,1989,367.36,10.890475149395082,3.5913728828504383,0.0,11.93222976332569,352.0,388.0,358.0,362.0,376.0
infant7,1990,382.96,7.36500273632824,4.050699108216522,0.0,3.974910567812166,362.0,394.0,376.0,384.0,388.0
infant7,1991,384.08,6.060376495343018,2.8713930346059686,0.0,8.00583331010664,376.0,394.0,378.0,384.0,389.5
infant7,1992,379.76,3.1204395294802394,2.4907993963089563,0.0,10.567464227155385,376.0,392.0,378.0,380.0,380.0
infant7,1993,380.12,1.82544375371009,2.1946130708196026,0.0,0.4661230274920593,376.0,384.0,380.0,380.0,382.0
infant7,1994,378.56,3.1047034759328285,1.9378085666072196,0.0,20.45374627363506,374.0,388.0,376.0,378.0,380.0
infant7,1995,385.28,8.960320693969358,2.2131333406899527,0.0,42.519675975224544,374.0,400.0,376.0,388.0,394.0
infant7,1996,393.32,2.307397155379425,2.602981022612657,0.0,0.5194023351839566,388.0,400.0,392.0,394.0,394.0
infant7,1997,392.84,2.2529798861390082,2.3211538298959886,0.0,1.9869169317223883,388.0,398.0,392.0,392.0,394.0
infant7,1998,391.4,2.747912008810192,1.6903085094570331,0.0,7.701774097919499,386.0,398.0,390.0,391.0,394.0
infant7,1999,389.56,2.689055672194844,1.5649215928719031,0.0,3.4018922645042493,384.0,394.0,388.0,390.0,392.0
infant7,2000,391.68,3.6891456895014794,2.040408122440814,0.0,5.437110559413428,384.0,398.0,390.0,392.0,394.0
infant7,2001,394.6,2.3647064796066926,2.2131333406899527,0.0,16.820031844313142,390.0,400.0,392.5,395.0,396.0
infant7,2002,397.6,4.814942727529348,2.138089935299395,0.0,17.489084889748,390.0,410.0,394.0,396.0,401.5
infant7,2003,403.08,5.224901131766485,2.5714285714285716,0.0,14.455367229446878,392.0,414.0,400.0,403.0,407.5
infant7,2004,404.12,3.555048149735637,2.2857142857142856,0.0,4.286789603677888,398.0,414.0,402.0,404.0,406.0
infant7,2005,404.12,3.2679020293560495,2.0,0.0,5.778624125910333,398.0,412.0,402.0,404.0,406.0
infant7,2006,403.8,3.313546715640914,1.7612611437054218,0.0,9.554637649319098,400.0,412.0,402.0,403.0,406.0
infant7,2007,401.16,3.358571124749333,1.7842851423995423,0.0,1.6786335538861357,390.0,408.0,400.0,402.0,403.5
infant7,2008,404.24,8.681577962465541,2.2677868380553634,0.0,14.653567951925112,390.0,418.0,400.0,403.0,413.5
infant7,2009,408.48,7.629801933931209,2.3386722205349857,0.0,59.83645381704198,390.0,418.0,406.0,410.0,414.0
infant7,2010,407.08,3.312561127660861,2.1189138534559038,0.0,21.011472345432157,402.0,416.0,404.0,406.0,408.0
infant7,2011,407.4,3.003399434518377,2.080031396937291,0.0,13.472445939881029,402.0,414.0,406.0,406.0,410.0
infant7,2012,406.16,7.459714936830731,2.4907993963089563,0.0,2.104653574620644,390.0,416.0,402.5,408.0,412.0
infant7,2013,402.96,6.824206614571934,2.6186146828319083,0.0,8.020438402827493,390.0,416.0,398.0,404.0,408.0
infant7,2014,395.32,11.26750791851852,2.4907993963089563,0.0,23.55231457844062,370.0,410.0,386.0,400.0,404.0
infant7,2015,376.84,14.020917318384688,2.6649654437396615,0.0,55.369167241547586,356.0,408.0,364.5,377.0,385.5
infant7,2016,363.84,7.967689855450766,2.4743582965269675,0.0,9.083323791999515,350.0,380.0,358.0,363.0,370.0
infant7,2017,357.12,7.308479838586162,1.958758457257441,0.0,6.183879902978997,348.0,378.0,352.0,356.0,359.5
infant7,2018,350.76,3.611546110203004,1.737932151513777,0.0,3.865955537817439,344.0,358.0,348.0,350.0,353.5
infant7,2019,372.96,31.047665790207294,6.266203485560374,0.0,12.808342925430296,344.0,438.0,350.0,352.0,393.0
infant7,2020,387.72,24.314302501253227,6.676183683170241,0.0,31.33644246912273,352.0,438.0,366.0,382.0,405.5
infant7,2021,394.16,20.387431101999475,3.7471077281725718,0.0,31.47029610682285,360.0,418.0,370.0,403.0,412.0
infant7,2022,405.68,6.251334551395356,3.282607226593159,0.0,4.17245530785623,396.0,418.0,402.0,404.0,412.0
infant7,2023,398.76,4.605054897853543,2.523360247522242,0.0,10.6786670783914,390.0,406.0,396.0,398.0,402.0
infant7,2024,396.16,3.677621236503792,2.3211538298959886,0.0,2.6358509997098896,390.0,406.0,394.0,396.0,398.0
infant7,2025,398.76,4.5872938979448925,2.0995626366712954,0.0,10.988132812178888,392.0,410.0,396.0,396.0,402.0
infant7,2026,397.64,5.216770445165382,1.7842851423995423,0.0,17.22390407463988,390.0,410.0,394.0,396.0,402.0
infant7,2027,395.72,2.799708439630594,1.8516401995451028,0.0,1.4639655574779635,390.0,400.0,394.0,396.0,398.0
infant7,2028,397.08,4.902477507779685,2.0603150145508513,0.0,8.434533451488209,388.0,408.0,394.0,396.0,400.0
infant7,2029,403.2,8.427360687858643,2.602981022612657,0.0,8.148120117182565,388.0,416.0,394.5,406.0,410.0
infant7,2030,405.16,6.195324109062135,2.770102775666474,0.0,33.4742393990956,394.0,416.0,400.0,407.0,410.0
infant7,2031,408.16,8.906223460397264,2.6649654437396615,0.0,13.458925256108056,394.0,424.0,400.0,411.0,414.0
infant7,2032,414.88,3.0280322970266904,2.4411439272335804,0.0,16.997400481732072,410.0,424.0,412.0,414.0,416.0
infant7,2033,414.2,1.6781914463529615,1.7142857142857144,0.0,0.5959982037029538,410.0,418.0,414.0,414.0,416.0
infant7,2034,413.16,2.3243168845043134,1.616244071283537,0.0,12.527853531439098,408.0,416.0,412.0,414.0,414.0
infant7,2035,412.84,2.9990474678280292,2.2677868380553634,0.0,4.001781989542149,408.0,420.0,410.0,412.0,414.0
infant7,2036,411.8,3.574284572341943,2.649605284427344,0.0,29.07066648342023,406.0,420.0,410.0,410.0,415.5
infant7,2037,407.48,5.123933438048451,2.5394841192330255,0.0,4.0570151813710105,396.0,416.0,406.0,410.0,410.0
infant7,2038,407.68,10.112509932892879,2.842821248876057,0.0,5.054092170260087,394.0,424.0,398.0,409.0,415.5
infant7,2039,407.28,10.252008265183353,2.7255405754769875,0.0,13.351139069640045,394.0,424.0,398.0,404.0,417.5
infant7,2040,408.92,8.18370705881447,2.813959371941744,0.0,98.31726934244121,396.0,424.0,402.0,408.0,416.0
infant7,2041,404.52,13.58756934908987,3.0639443699324596,0.0,3.359503888102875,374.0,424.0,398.5,406.0,414.0
infant7,2042,379.76,18.859913216412536,2.390457218668787,0.0,19.428598894408392,356.0,412.0,362.5,376.0,399.5
infant7,2043,367.0,6.3148674586572415,2.1759351731039738,0.0,5.677450967009853,356.0,380.0,362.0,366.0,372.0
infant7,2044,377.92,9.739127899606718,2.4743582965269675,0.0,21.3502840987207,362.0,396.0,370.0,376.0,386.0
infant7,2045,392.36,8.719576847999177,2.6186146828319083,0.0,5.509197709218993,374.0,406.0,386.0,394.0,398.0
infant7,2046,398.44,3.2649030363449834,2.740475156178697,0.0,2.1193445340691763,392.0,406.0,396.0,398.0,400.0
infant7,2047,400.36,4.843510280440694,2.6649654437396615,0.0,2.919854899405228,390.0,408.0,396.5,400.0,404.0
infant7,2048,401.72,4.2187143800461495,2.3035022137995855,0.0,9.23849177434423,390.0,408.0,398.5,402.0,404.0
infant7,2049,401.4,2.498979383505129,2.5555062599997598,0.0,1.6288798363284263,396.0,406.0,400.0,402.0,404.0
infant7,2050,405.28,3.7199956111450962,2.3386722205349857,0.0,9.09013315736442,398.0,412.0,402.0,406.0,408.0
infant7,2051,404.64,4.109521050597761,1.7842851423995423,0.0,7.893766973156673,398.0,412.0,400.0,404.0,408.0
infant7,2052,404.32,4.871575196787911,2.0203050891044216,0.0,3.5592341993786274,398.0,412.0,400.0,402.0,408.0
infant7,2053,404.64,5.086035302870087,1.8294640678379568,0.0,16.94879051722766,398.0,412.0,400.0,404.0,408.0
infant7,2054,400.56,3.546541862670377,2.1759351731039738,0.0,0.9693057932544534,394.0,408.0,398.0,400.0,402.0
infant7,2055,403.04,4.919598457149916,2.5555062599997598,0.0,0.7279611284678622,394.0,410.0,398.5,402.0,408.0
infant7,2056,393.12,16.148090175823597,8.015291508060308,0.0,15.512531668180676,366.0,410.0,378.0,400.0,408.0
infant7,2057,377.48,9.525990226528599,8.0051004149268,0.0,102.46917677157886,366.0,408.0,370.0,377.0,380.0
infant7,2058,374.64,6.620191747639202,2.2677868380553634,0.0,11.77558821744422,364.0,386.0,368.0,374.0,380.0
infant7,2059,380.16,8.683458353651028,2.7255405754769875,0.0,15.504011401811313,364.0,392.0,372.0,383.0,387.5
infant7,2060,383.2,7.761758689832072,3.0639443699324596,0.0,12.182743981446162,366.0,394.0,376.5,386.0,389.5
infant7,2061,373.04,11.17752847713406,2.857142857142857,0.0,23.574791701747085,352.0,394.0,366.0,372.0,381.5
infant7,2062,359.44,8.806676502541022,2.2677868380553634,0.0,13.167028334900811,350.0,382.0,352.0,356.0,365.5
infant7,2063,356.44,4.870402070315203,2.040408122440814,0.0,16.35786340355082,350.0,368.0,352.0,354.0,361.5
infant7,2064,352.6,8.873257230439734,2.2677868380553634,0.0,26.298087827246828,336.0,368.0,344.5,352.0,361.5
infant7,2065,340.44,6.17156084514332,1.8952141659173714,0.0,10.76179596331645,332.0,354.0,336.0,338.0,344.0
infant7,2066,350.36,17.740487534427672,2.8996833043120627,0.0,147.13456282458517,332.0,382.0,336.0,340.0,368.5
infant7,2067,370.84,11.898139110201827,3.6589281356759136,0.0,3.5885266764507544,342.0,388.0,368.5,376.0,378.0
infant7,2068,377.28,4.19445698365773,2.9965967090575756,0.0,4.371270699306863,368.0,388.0,376.0,378.0,380.0
infant7,2069,376.0,3.475864303027554,2.138089935299395,0.0,13.293031411996823,370.0,382.0,372.0,376.0,378.0
infant7,2070,373.76,3.9721479307389185,2.1570955529345,0.0,18.984315846180277,366.0,380.0,370.5,374.0,377.5
infant7,2071,372.84,4.142167430272244,2.390457218668787,0.0,2.3707612736667985,366.0,380.0,370.0,374.0,376.0
infant7,2072,375.04,4.105546273528242,2.1189138534559038,0.0,8.279901363627975,366.0,382.0,374.0,376.0,378.0
infant7,2073,390.12,14.115615900303393,3.0237157840738176,0.0,5.742157473509368,372.0,414.0,378.0,381.0,402.0
infant7,2074,391.72,14.473113708119731,4.060762972443398,0.0,7.305288125448266,366.0,414.0,380.0,395.0,402.0
infant7,2075,391.12,12.682367640925406,3.3806170189140663,0.0,45.882504605442996,366.0,408.0,381.0,396.0,402.0
infant7,2076,396.12,6.507891598761037,2.3035022137995855,0.0,17.44657436868379,384.0,408.0,392.0,396.0,402.0
infant7,2077,391.56,3.3390698937132237,2.2314999074019015,0.0,4.086919414473369,384.0,398.0,390.0,392.0,394.0
infant7,2078,389.56,3.529236490245678,1.8294640678379568,0.0,18.91840351311886,382.0,398.0,386.0,390.0,392.0
infant7,2079,383.52,7.245660207098777,2.5071326821120348,0.0,9.349225055244277,368.0,394.0,378.0,386.0,388.0
infant7,2080,393.96,16.489897958867953,3.475864303027554,0.0,5.2670355543147735,368.0,424.0,378.0,395.0,406.0
infant7,2081,404.88,12.461598154788517,3.822596617217043,0.0,11.939188355446074,384.0,426.0,394.0,402.0,417.5
infant7,2082,409.44,13.492492243420987,3.6477558099439156,0.0,31.50130310594681,384.0,428.0,394.0,414.0,420.0
infant7,2083,413.32,6.6714132762137295,2.770102775666474,0.0,39.31411001473265,404.0,428.0,408.0,412.0,418.0
infant7,2084,408.68,4.6354446322629625,2.040408122440814,0.0,12.397475577954431,402.0,422.0,406.0,408.0,411.5
infant7,2085,403.76,5.184592558726289,2.3733211036908783,0.0,6.510156514318424,394.0,414.0,400.0,404.0,407.5
infant7,2086,398.96,5.914216700770565,2.799416848895061,0.0,4.227005793053241,388.0,412.0,394.0,399.0,402.0
infant7,2087,393.92,7.272649350231906,2.5071326821120348,0.0,5.465224323130692,384.0,412.0,390.0,392.0,396.0
infant7,2088,387.92,5.9926485575823545,3.0237157840738176,0.0,4.725272405246137,374.0,400.0,384.0,388.0,391.5
infant7,2089,388.16,11.964846468735324,3.8119040183218096,0.0,8.090496339406592,370.0,408.0,380.0,385.0,398.0
infant7,2090,391.08,10.737764750483905,3.7032803990902057,0.0,7.782141568276134,370.0,408.0,388.0,392.0,397.5
infant7,2091,389.6,5.480950312357394,2.799416848895061,0.0,3.9189810532463265,378.0,398.0,386.5,392.0,393.5
infant7,2092,376.96,13.40873915453223,2.8713930346059686,0.0,4.741004388526552,354.0,398.0,366.0,380.0,386.0
infant7,2093,355.04,14.039245284674859,2.5071326821120348,0.0,65.73386541958742,338.0,386.0,342.0,352.0,365.5
infant7,2094,342.36,3.2748889995210027,2.2314999074019015,0.0,9.129314671789492,336.0,350.0,340.0,342.0,344.0
infant7,2095,345.92,5.078325290398602,2.2131333406899527,0.0,21.267734534385585,336.0,354.0,342.0,347.0,350.0
infant7,2096,346.72,4.3847602498859155,1.4285714285714286,0.0,18.53509917867,340.0,354.0,342.5,348.0,350.0
infant7,2097,340.28,4.060963995337631,1.616244071283537,0.0,7.324899716617348,330.0,348.0,338.0,340.0,344.0
infant7,2098,336.16,4.215423575201827,1.6903085094570331,0.0,19.55597891302711,330.0,344.0,332.0,336.0,340.0
infant7,2099,332.84,4.678914927412037,2.0203050891044216,0.0,11.786460866489486,324.0,342.0,330.0,332.0,336.0
infant7,2100,329.08,3.901020274706794,2.5071326821120348,0.0,1.4485771187132457,324.0,338.0,326.0,328.0,331.5
infant7,2101,336.68,10.717980315377348,2.5714285714285716,0.0,56.4349333991793,324.0,352.0,328.0,332.0,348.0
infant7,2102,349.8,6.417450698633201,2.1946130708196026,0.0,7.560318131494079,332.0,360.0,348.0,350.0,353.5
infant7,2103,362.92,11.300785596676047,2.6649654437396615,0.0,8.539243242773471,348.0,380.0,352.5,358.0,374.0
infant7,2104,371.84,6.373926480240434,2.9692299558323607,0.0,2.009442493131435,350.0,380.0,368.5,374.0,376.0
infant7,2105,370.52,4.40426509424764,2.740475156178697,0.0,2.7981161265597687,362.0,378.0,368.0,370.0,374.0
infant7,2106,366.28,5.299364613434562,2.7847983842311326,0.0,4.420949819644528,356.0,378.0,362.5,367.0,370.0
infant7,2107,366.64,7.210423294206287,3.1558174334820746,0.0,1.5891818363795143,356.0,386.0,362.0,366.0,370.0
infant7,2108,370.48,6.214663371118869,2.9965967090575756,0.0,1.7903028764629803,360.0,386.0,366.0,370.0,375.5
infant7,2109,367.72,4.932358793245491,2.138089935299395,0.0,5.7471371722987445,358.0,376.0,364.0,368.0,370.0
infant7,2110,370.84,10.404786967388361,3.4166459266003995,0.0,1.0583727267840377,358.0,406.0,366.0,368.0,372.0
infant7,2111,385.0,12.442520907380958,4.050699108216522,0.0,1.089282711245058,366.0,408.0,372.5,388.0,394.0
infant7,2112,380.72,14.539236147580176,3.534090536243709,0.0,28.26328372264892,358.0,408.0,366.0,386.0,390.0
infant7,2113,372.12,7.692137517740874,2.9554515522253144,0.0,13.610643029752417,358.0,386.0,366.0,374.0,378.0
infant7,2114,373.6,7.537660547584525,2.1946130708196026,0.0,28.534372574137826,358.0,384.0,368.0,376.0,380.0
infant7,2115,372.88,8.854008662055572,2.3386722205349857,0.0,27.67009216492095,358.0,386.0,364.0,373.0,382.0
infant7,2116,380.76,9.56942409714505,3.368521749300456,0.0,4.549851266602542,360.0,394.0,374.5,383.0,388.0
infant7,2117,384.72,6.138004727989082,3.636549160387959,0.0,0.8937986073358375,368.0,394.0,380.0,385.0,390.0
infant7,2118,374.04,10.241890769316583,2.710523708715754,0.0,12.329538526455616,358.0,394.0,366.0,375.0,381.5
infant7,2119,372.32,9.825913261807852,2.6802375770419595,0.0,6.409109858193662,358.0,386.0,364.0,372.0,383.5
infant7,2120,382.92,14.246861451719456,4.160062793874582,0.0,6.295870149738828,358.0,430.0,374.0,382.0,384.0
infant7,2121,391.48,18.717273480146947,4.508495382302715,0.0,10.635489377741623,370.0,432.0,378.0,384.0,401.0
infant7,2122,383.4,18.918730595548393,3.428571428571429,0.0,51.69234655969419,360.0,432.0,372.0,378.0,389.5
infant7,2123,358.56,13.58294248425621,2.6186146828319083,0.0,162.2503609400923,338.0,378.0,346.0,359.0,372.0
infant7,2124,365.72,50.01878830673,18.975817048366093,2.0408163265306123,3.6320633595714242,334.0,552.0,338.5,346.0,358.0
infant7,2125,370.04,48.726626002963236,19.025224930955993,2.0408163265306123,1.8244296431042257,334.0,552.0,346.5,351.0,374.0
infant7,2126,358.16,7.947172517342767,2.5872528966106905,0.0,19.663517382380327,348.0,380.0,350.5,360.0,364.0
infant7,2127,359.84,5.250306113524648,2.2677868380553634,0.0,4.381344414807233,348.0,368.0,356.0,362.0,364.0
infant7,2128,354.72,5.852053538053535,2.2131333406899527,0.0,44.32717624511535,346.0,366.0,350.0,352.0,361.5
infant7,2129,363.24,13.849865541231948,2.7847983842311326,0.0,105.05555194270299,346.0,384.0,350.5,358.0,380.0
infant7,2130,377.32,6.228440365593549,2.842821248876057,0.0,8.55330686393825,356.0,384.0,376.0,380.0,382.0
infant7,2131,380.36,3.2997216951291697,2.602981022612657,0.0,6.082946183553882,374.0,388.0,378.0,380.0,382.0
infant7,2132,376.4,6.55276853781698,2.407471363764674,0.0,4.693959731948875,364.0,388.0,372.0,376.0,382.0
infant7,2133,367.36,7.300433311154362,2.9416086117105715,0.0,10.94944252887783,352.0,378.0,362.5,370.0,372.0
infant7,2134,370.92,14.491151416908012,4.140393356054125,0.0,2.6407086951538874,352.0,402.0,360.0,366.0,377.5
infant7,2135,383.28,13.283471392858795,4.435478484645721,0.0,3.901945077138601,358.0,404.0,376.5,388.0,393.5
infant7,2136,381.8,12.592514783450865,3.8332593899996397,0.0,2.264386014469585,352.0,404.0,378.0,385.0,390.0
infant7,2137,374.72,9.944827390997528,3.8332593899996397,0.0,2.4199072998021904,352.0,392.0,370.0,374.0,382.0
infant7,2138,388.6,15.806224555341403,4.823412290324038,0.0,3.680088273172956,366.0,414.0,374.0,382.0,404.0
infant7,2139,395.44,12.229372470425789,4.435478484645721,0.0,5.742212801531665,372.0,414.0,383.0,401.0,404.0
infant7,2140,373.92,16.472413550031618,3.010186786529354,0.0,18.436902828364744,352.0,410.0,360.0,372.0,385.0
infant7,2141,370.08,12.335182799370164,3.356382892705923,0.0,29.8391943699117,352.0,394.0,360.0,367.0,379.5
infant7,2142,382.32,6.619205205386852,2.9416086117105715,0.0,5.248387548680465,366.0,394.0,380.0,384.0,387.5
infant7,2143,378.76,6.4509451925707,2.0995626366712954,0.0,9.971390438418876,368.0,388.0,372.0,380.0,384.0
infant7,2144,377.04,5.034412192346688,2.4907993963089563,0.0,9.792529151835803,368.0,384.0,372.0,378.0,382.0
infant7,2145,378.92,3.056208134807789,2.356060357495806,0.0,7.053367105968605,374.0,384.0,376.0,378.0,382.0
infant7,2146,380.52,4.156332763484696,2.5555062599997598,0.0,4.449651001122252,374.0,388.0,376.0,380.0,384.0
infant7,2147,382.32,5.1007802524391765,3.854496446637726,0.0,2.2945453410970904,368.0,390.0,380.0,384.0,386.0
infant7,2148,381.2,4.898979485566356,3.534090536243709,0.0,1.919297836372375,368.0,390.0,378.0,382.0,384.0
infant7,2149,378.88,4.221615901088886,2.3035022137995855,0.0,1.7915652854339816,370.0,386.0,376.0,378.0,382.0
infant7,2150,377.52,5.0395982995084205,2.4743582965269675,0.0,5.938689451379516,368.0,386.0,374.0,378.0,381.5
infant7,2151,373.52,7.346358253708891,2.249716535431946,0.0,8.802552358924327,364.0,386.0,368.0,370.0,381.5
infant7,2152,380.76,17.265702702059894,4.060762972443398,0.0,5.220530917019871,364.0,418.0,368.0,370.0,395.5
infant7,2153,386.52,13.808072173292588,4.257046978786097,0.0,16.84119660717134,364.0,418.0,374.5,384.0,395.5
infant7,2154,392.36,15.787827912796669,3.219836477024184,0.0,28.094657812273102,372.0,424.0,380.0,388.0,406.0
infant7,2155,396.72,13.32029294278593,3.1298431857438063,0.0,5.635103250120769,370.0,424.0,388.0,396.0,406.0
infant7,2156,386.68,8.774824842719548,2.9277002188455996,0.0,9.302471184368143,368.0,398.0,382.0,388.0,394.0
infant7,2157,387.0,7.174216873994125,3.440455593940656,0.0,0.5413443812727018,368.0,398.0,384.0,388.0,392.0
infant7,2158,381.04,9.046275589479702,3.010186786529354,0.0,8.300460635237135,368.0,398.0,374.0,380.0,388.0
infant7,2159,381.4,9.100347604933134,2.7847983842311326,0.0,23.17300995432397,368.0,394.0,374.0,381.0,390.0
infant7,2160,388.64,3.3912251714189234,2.634155559226539,0.0,13.705735521993862,380.0,394.0,386.0,388.0,390.0
infant7,2161,387.96,3.4638659539506977,3.05059378629466,0.0,4.913509468096032,382.0,396.0,386.0,388.0,390.0
infant7,2162,382.56,8.806676502541022,3.077237032648288,0.0,22.602301761460676,364.0,396.0,376.5,384.0,388.0
infant7,2163,369.68,9.875634828470831,1.9378085666072196,0.0,70.09662602975745,358.0,390.0,362.0,366.0,375.5
infant7,2164,363.0,2.531435020952764,2.3733211036908783,0.0,0.6202708753862928,358.0,370.0,362.0,364.0,364.0
infant7,2165,376.48,18.846577126570097,3.5799897388976194,0.0,6.8900517542586694,360.0,416.0,364.0,366.0,392.0
infant7,2166,387.48,14.48889793135786,3.356382892705923,0.0,10.438588671139449,364.0,416.0,378.0,385.0,399.0
infant7,2167,383.56,5.485267838976154,2.5071326821120348,0.0,7.379729088679202,376.0,400.0,380.0,382.0,386.0
infant7,2168,379.44,5.869881617552575,2.5872528966106905,0.0,1.270344063103103,368.0,390.0,374.5,380.0,384.0
infant7,2169,372.68,7.246223506216241,2.1759351731039738,0.0,5.543521874982358,364.0,390.0,368.0,370.0,374.0
infant7,2170,375.08,8.419704779351148,2.3211538298959886,0.0,6.55460032391383,364.0,394.0,368.0,374.0,380.0
infant7,2171,380.6,5.703561365050608,2.7847983842311326,0.0,6.626702347580763,370.0,394.0,378.0,379.0,384.0
infant7,2172,375.8,5.439837932759934,3.05059378629466,0.0,12.563121382786111,366.0,390.0,372.0,374.0,378.0
infant7,2173,371.84,3.448513433054769,2.710523708715754,0.0,12.18983699591027,366.0,378.0,370.0,372.0,374.0
infant7,2174,376.56,8.562280832887025,3.116774889895918,0.0,1.543300230348076,366.0,404.0,370.0,374.0,380.0
infant7,2175,384.96,7.52942527009593,3.1815796359028696,0.0,3.2587149678610334,370.0,404.0,380.0,384.0,387.5
infant7,2176,385.36,5.634297305117025,2.8855728395320224,0.0,0.33311675353857373,374.0,402.0,382.0,385.0,388.0
infant7,2177,382.56,3.8974612354239846,2.8284271247461903,0.0,3.108921619183488,374.0,392.0,380.0,382.0,384.0
infant7,2178,392.64,12.957953983116756,3.3926691677251193,0.0,23.323706741717633,378.0,420.0,382.0,386.0,403.5
infant7,2179,395.24,13.111079595642202,3.7579846965616874,0.0,3.9491851641600833,374.0,420.0,384.0,394.0,406.0
infant7,2180,383.72,9.424328049451244,3.3441999744913216,0.0,45.371887294557425,372.0,414.0,376.0,382.0,388.0
infant7,2181,382.84,7.4185646887262715,3.5685702847990846,0.0,1.5290302979107198,372.0,396.0,376.0,382.0,388.0
infant7,2182,390.12,12.748173138428383,4.110712734268045,0.0,4.661871133599674,372.0,418.0,380.0,388.0,397.5
infant7,2183,394.6,12.163847404233143,3.948649988881501,0.0,7.796497152281897,372.0,418.0,388.0,392.0,404.0
infant7,2184,400.88,9.989055235095856,3.7252585172586565,0.0,2.9400227702423534,388.0,422.0,392.0,400.0,407.5
infant7,2185,393.48,16.540907854560498,3.6811710647786073,0.0,15.317498123833955,364.0,422.0,377.0,397.0,405.5
infant7,2186,378.52,9.033362200922824,2.8713930346059686,0.0,63.78365039439469,364.0,398.0,370.5,379.0,384.0
infant7,2187,386.76,13.967250324693584,3.0639443699324596,0.0,4.362213678137802,366.0,414.0,378.0,384.0,399.5
infant7,2188,395.84,16.526243816847114,10.21803128128438,2.0408163265306123,9.45451782565278,378.0,464.0,384.0,392.0,403.5
infant7,2189,397.36,15.946031430025057,11.284810090360857,2.0408163265306123,2.7604042572781,380.0,464.0,388.0,394.0,401.5
infant7,2190,394.36,9.290679990930563,3.7471077281725718,0.0,2.204975652759141,384.0,432.0,388.5,392.0,396.0
infant7,2191,391.8,5.2876444352347844,3.1298431857438063,0.0,10.288272954523244,380.0,404.0,388.0,392.0,396.0
infant7,2192,407.56,23.778879326848358,5.685642497752114,0.0,5.1880856969352065,378.0,456.0,392.5,398.0,419.5
infant7,2193,395.64,32.618237042413895,5.569596768462265,0.0,56.89677067371204,358.0,456.0,368.0,383.0,419.5
infant7,2194,360.84,11.808609795658526,2.3733211036908783,0.0,210.54380672330817,348.0,394.0,350.5,358.0,368.0
infant7,2195,353.32,12.425188373720896,4.3518703462079475,0.0,6.436461257519264,344.0,412.0,348.5,350.0,352.0
infant7,2196,370.6,26.370205822140274,7.085483867221283,0.0,4.083492968490255,344.0,448.0,350.0,365.0,383.0
infant7,2197,388.44,18.40270610091719,5.714285714285714,0.0,23.128381839389345,362.0,448.0,372.5,390.0,396.0
infant7,2198,403.08,18.14323959101965,5.48839220351387,0.0,5.592075459373051,372.0,448.0,390.5,396.0,414.0
infant7,2199,399.16,20.639134612454576,5.062870041905528,0.0,22.145620670117005,376.0,448.0,382.5,390.0,414.0
infant7,2200,381.6,4.2378277069118075,2.8855728395320224,0.0,17.55736607263251,374.0,390.0,378.0,382.0,385.5
infant7,2201,385.96,8.315120233033069,3.499271061118826,0.0,1.869725997382817,374.0,404.0,380.0,384.0,390.0
infant7,2202,387.44,7.897713438142739,3.282607226593159,0.0,9.314499887556735,372.0,404.0,382.0,387.0,391.5
infant7,2203,376.72,10.810123750919972,3.142857142857143,0.0,59.64997979565033,360.0,400.0,368.0,378.0,386.0
infant7,2204,381.52,13.753277902421098,3.319700011034929,0.0,7.067703160157666,360.0,400.0,368.0,390.0,392.0
infant7,2205,393.64,3.5153308550416935,3.2576440717118227,0.0,1.6373446561198515,388.0,402.0,392.0,392.0,396.0
infant7,2206,402.72,18.132212850536,5.174505793221381,0.0,7.1961598034998575,382.0,448.0,390.0,396.0,409.5
infant7,2207,401.28,19.35178101807243,5.166611805721464,0.0,10.690962148714062,382.0,448.0,386.0,393.0,409.5
infant7,2208,393.4,6.942915931555924,3.219836477024184,0.0,4.647732405900564,384.0,406.0,386.5,392.0,398.0
infant7,2209,396.52,5.581456177488496,2.8713930346059686,0.0,9.921927011841616,386.0,408.0,392.0,396.0,402.0
infant7,2210,391.68,7.911345508515099,2.710523708715754,0.0,10.96572010692367,378.0,408.0,384.0,392.0,398.0
infant7,2211,389.28,12.59582049243125,6.027149459922567,0.0,10.400288430124016,378.0,448.0,384.0,386.0,390.0
infant7,2212,404.28,23.626377510860912,12.209063210983713,2.0408163265306123,2.704277049637053,380.0,490.0,388.0,394.0,411.5
infant7,2213,408.76,18.83934224771477,6.688399948982643,0.0,5.777646833320737,392.0,490.0,400.0,404.0,410.0
infant7,2214,407.28,10.937745915602799,4.677344441069971,0.0,4.324622609628999,394.0,432.0,400.0,404.0,413.0
infant7,2215,402.8,13.564659966250536,4.746642207381757,0.0,53.666582801419146,386.0,432.0,392.5,396.0,413.0
infant7,2216,397.04,6.48061473526538,3.614031611621005,0.0,2.560212995461427,386.0,412.0,392.0,396.0,400.0
infant7,2217,400.48,5.693677123237097,3.2071349029490928,0.0,2.043152553351097,392.0,412.0,396.0,400.0,405.5
infant7,2218,398.08,5.9926485575823545,3.232488142567074,0.0,4.569473565659592,386.0,410.0,394.0,398.0,402.0
infant7,2219,395.24,6.538925830777419,3.7142857142857144,0.0,11.845573412803821,384.0,410.0,390.5,396.0,400.0
infant7,2220,394.72,9.33512130590269,4.553536414431208,0.0,3.125499200166542,380.0,428.0,386.5,396.0,400.0
infant7,2221,409.12,19.783150942771726,5.3452248382484875,0.0,33.82682560190429,380.0,448.0,394.5,402.0,425.5
infant7,2222,414.48,14.70004859078461,4.607004427599171,0.0,17.4428135999696,394.0,448.0,404.0,409.0,424.0
infant7,2223,400.24,8.904390111922664,3.989782869648269,0.0,0.6217686203132408,376.0,416.0,398.0,401.0,405.5
infant7,2224,388.08,9.535840020572868,3.232488142567074,0.0,48.98105015061049,374.0,404.0,380.0,386.0,398.0
infant7,2225,392.16,16.30244754380051,4.4077853201547175,0.0,2.7594460339441302,374.0,436.0,380.5,386.0,399.5
infant7,2226,402.32,15.017595122565599,5.062870041905528,0.0,13.287502936003632,380.0,436.0,390.0,399.0,413.5
infant7,2227,418.0,27.117281183324966,6.945854732081839,0.0,3.7306387570023354,386.0,482.0,398.0,412.0,429.0
infant7,2228,417.08,28.082124461758838,6.743099269260541,0.0,28.632142970742137,382.0,482.0,398.0,412.0,429.5
infant7,2229,388.04,17.311032226146825,3.270149469217028,0.0,6.110739231339457,362.0,432.0,376.5,386.0,397.0
infant7,2230,363.88,14.447145046686561,2.5071326821120348,0.0,103.65045920487282,346.0,390.0,352.0,361.0,376.0
infant7,2231,350.12,3.799248045901414,2.040408122440814,0.0,30.823127308076433,344.0,360.0,346.5,350.0,352.0
infant7,2232,348.8,3.452298849598449,2.407471363764674,0.0,6.817571767555569,344.0,360.0,346.0,348.0,352.0
infant7,2233,355.44,7.730564834024823,2.634155559226539,0.0,20.888372285226097,344.0,370.0,348.0,356.0,362.0
infant7,2234,364.48,16.963634573969802,4.633507068636244,0.0,60.31158790880921,350.0,432.0,356.0,360.0,365.5
infant7,2235,384.56,28.40534586075987,5.3375833406484015,0.0,9.300077126538502,350.0,440.0,356.0,383.0,406.5
infant7,2236,381.52,25.886912618115726,3.67006645104718,0.0,59.643615880615236,354.0,440.0,358.5,374.0,398.0
infant7,2237,381.52,22.39373090115779,3.958973274443148,0.0,10.46262687829172,354.0,414.0,358.5,374.0,402.0
infant7,2238,400.04,9.376392413603302,4.247448213519573,0.0,5.0989095854451785,372.0,414.0,394.5,401.0,408.0
infant7,2239,396.92,9.78303404379443,3.958973274443148,0.0,5.627635458381625,380.0,414.0,390.0,397.0,404.0
infant7,2240,379.96,18.615288866730936,3.534090536243709,0.0,134.2175357302488,356.0,412.0,362.5,380.0,397.5
infant7,2241,372.72,16.411842414201136,3.3926691677251193,0.0,53.57545079880909,356.0,408.0,360.0,365.0,379.5
infant7,2242,387.24,14.398922862208712,3.865071216705338,0.0,5.983487969954184,358.0,408.0,378.5,392.0,396.0
infant7,2243,390.12,7.1303891183856045,3.295017884191656,0.0,11.093232661002958,374.0,402.0,386.5,392.0,395.5
infant7,2244,389.68,11.523604878151415,3.499271061118826,0.0,8.478773356434745,374.0,416.0,380.0,387.0,396.0
infant7,2245,387.76,12.326444113765978,3.917516914514882,0.0,10.037164973444384,374.0,416.0,378.0,384.0,395.5
infant7,2246,385.16,7.678116265579409,3.440455593940656,0.0,16.860830281564322,374.0,402.0,376.5,387.0,390.0
infant7,2247,384.8,6.880911187881312,2.8284271247461903,0.0,0.8983176860613308,368.0,394.0,382.0,388.0,390.0
infant7,2248,366.92,17.422528226291334,2.3386722205349857,0.0,92.94437010946142,342.0,392.0,350.0,367.0,384.0
infant7,2249,346.92,6.7031518629641065,2.0,0.0,30.034982108896237,340.0,366.0,342.0,344.0,350.0
infant7,2250,347.8,12.637811745483699,3.0639443699324596,0.0,21.593760083674294,338.0,394.0,342.0,342.0,344.0
infant7,2251,369.56,21.537968372914218,3.917516914514882,0.0,10.024628053238736,338.0,406.0,344.5,372.0,390.0
infant7,2252,381.12,10.070445747384792,3.7142857142857144,0.0,112.86800610033592,366.0,406.0,372.0,380.0,389.5
infant7,2253,391.24,18.673958731181706,5.030519103331145,0.0,2.961275107087129,366.0,430.0,378.0,386.0,404.0
infant7,2254,404.6,13.032142367771984,5.876275371772324,0.0,3.89193511878993,384.0,430.0,394.0,403.0,415.0
infant7,2255,407.56,16.284661620114576,5.827450872677469,0.0,0.9215712829940875,384.0,446.0,393.0,406.0,419.5
infant7,2256,409.28,16.67338096047293,5.547567953985029,0.0,49.71395053593095,384.0,446.0,393.0,412.0,420.0
infant7,2257,397.92,15.370047734048802,4.20883424647321,0.0,35.10720187787544,378.0,424.0,384.0,395.0,413.5
infant7,2258,387.92,8.397861729788904,2.7255405754769875,0.0,3.399507786937705,378.0,414.0,384.0,386.0,388.0
infant7,2259,394.12,10.169261406366758,3.270149469217028,0.0,18.368335258100046,382.0,424.0,386.0,388.0,403.5
infant7,2260,405.8,13.493762731464534,4.2378277069118075,0.0,2.0009795858489134,388.0,442.0,396.0,404.0,411.5
infant7,2261,409.52,14.151137547121468,4.898979485566356,0.0,6.9945218613101225,386.0,442.0,400.5,406.0,417.5
infant7,2262,392.12,19.99350915080355,3.989782869648269,0.0,11.317543163217666,364.0,436.0,376.0,385.0,409.0
infant7,2263,390.12,21.492893937204418,4.389226141639205,0.0,11.019301281623095,364.0,438.0,376.0,382.0,405.0
infant7,2264,402.76,14.668528020415488,4.7979587496419045,0.0,4.217996427675967,378.0,438.0,396.0,400.0,408.0
infant7,2265,393.88,7.755551007412138,3.534090536243709,0.0,26.42442677703026,380.0,410.0,388.0,395.0,400.0
infant7,2266,398.96,13.433069155586725,3.510915922127002,0.0,5.315108380879836,380.0,424.0,388.0,394.0,411.5
infant7,2267,406.24,9.736445313713766,3.3319725113401715,0.0,5.394544891799713,388.0,424.0,398.0,407.0,415.5
infant7,2268,409.2,19.029515206110528,3.7904283318347427,0.0,277.08803265212975,384.0,450.0,396.0,404.0,419.5
infant7,2269,416.56,18.965231345807517,4.69476477861571,0.0,43.02769643447594,384.0,450.0,406.5,412.0,430.0
infant7,2270,412.64,11.009754487614655,4.444671196029727,0.0,5.040601184384419,400.0,450.0,408.0,409.0,412.0
infant7,2271,416.0,14.495601021675226,4.997958767010258,0.0,20.087377180732567,400.0,454.0,406.5,410.0,417.5
infant7,2272,412.0,16.99939974930688,4.323641700120445,0.0,19.89929131719516,390.0,454.0,400.0,406.0,416.0
infant7,2273,402.88,10.948189674227294,4.3985155195259,0.0,2.0122376536343944,384.0,428.0,394.5,400.0,409.5
infant7,2274,395.44,15.80513995444494,4.120630029101703,0.0,15.452713589004196,376.0,428.0,380.5,392.0,407.5
infant7,2275,389.08,14.1375747710901,3.854496446637726,0.0,8.509843314998395,372.0,420.0,378.0,383.0,400.0
infant7,2276,387.92,14.078265199249806,4.5175395145262565,0.0,18.152898608793585,372.0,420.0,376.5,383.0,399.5
infant7,2277,403.96,23.258932890046214,5.006118705124352,0.0,17.0480910575105,372.0,444.0,382.0,401.0,428.0
infant7,2278,411.84,17.625769631481084,5.054801717986895,0.0,30.590215037220435,382.0,444.0,398.0,412.0,428.0
infant7,2279,396.48,10.138308839370056,4.0,0.0,1.934051745204922,382.0,420.0,388.5,395.0,401.5
infant7,2280,398.28,11.043587113186124,3.822596617217043,0.0,8.077345716505446,380.0,420.0,390.5,396.0,406.0
infant7,2281,400.68,12.132667994017691,4.266624149448022,0.0,20.95650565011555,378.0,420.0,392.0,403.0,410.0
infant7,2282,386.2,16.424223027005457,3.636549160387959,0.0,198.08979041687482,364.0,412.0,368.5,385.0,402.0
infant7,2283,364.4,12.41460627565739,2.249716535431946,0.0,47.644590722059334,346.0,398.0,356.0,364.0,368.0
infant7,2284,348.88,7.950458849548706,1.3997084244475304,0.0,22.757342969928533,340.0,364.0,342.0,346.0,355.5
infant7,2285,341.0,2.5951288749407073,1.4568627181693672,0.0,4.698187079903909,336.0,346.0,340.0,340.0,342.0
infant7,2286,338.56,5.1908868339089205,8.637837975903414,0.0,0.1491301647506036,312.0,360.0,338.0,339.0,340.0
infant7,2287,340.36,7.2583800970087715,8.68026144626475,0.0,30.52954065279943,312.0,360.0,336.0,338.0,343.5
infant7,2288,352.68,12.01774198628759,2.634155559226539,0.0,8.274672141557101,334.0,372.0,342.5,352.0,365.5
infant7,2289,366.4,9.053131153002775,2.8855728395320224,0.0,4.87248027767063,348.0,388.0,364.0,366.0,370.0
infant7,2290,377.36,9.7766068150625,2.695423180587601,0.0,25.842751141069723,360.0,394.0,368.0,380.0,385.5
infant7,2291,381.08,7.264226014644419,3.1943828249996997,0.0,12.050372433630624,368.0,394.0,376.0,382.0,387.5
infant7,2292,380.44,8.332772770261789,3.499271061118826,0.0,7.84759518061235,368.0,396.0,374.0,380.0,386.0
infant7,2293,380.32,9.717310453462913,3.3441999744913216,0.0,1.9935274234693596,358.0,396.0,374.0,383.0,386.0
infant7,2294,383.76,17.04083930097437,5.150787536377128,0.0,4.615280905765162,354.0,422.0,372.0,384.0,388.0
infant7,2295,391.16,23.397505535978027,6.292204441584355,0.0,9.722956266050247,354.0,452.0,374.0,384.0,406.0
infant7,2296,398.8,22.09441706192138,5.8344508161891815,0.0,2.322323412684896,372.0,452.0,378.0,399.0,411.5
infant7,2297,387.2,20.97617696340303,4.16986271980755,0.0,82.637835105685,358.0,444.0,370.0,380.0,406.0
infant7,2298,362.12,8.205622761129053,2.080031396937291,0.0,37.21265301148656,352.0,378.0,356.0,359.0,370.0
infant7,2299,352.0,3.854496446637726,1.958758457257441,0.0,1.6466649934050142,342.0,360.0,350.0,352.0,356.0
infant7,2300,345.16,4.678914927412037,2.040408122440814,0.0,12.379691281136154,338.0,354.0,342.0,344.0,350.0
infant7,2301,349.0,12.779128391599311,2.5555062599997598,0.0,14.19351303550957,338.0,376.0,342.0,344.0,348.0
infant7,2302,374.64,21.884446065455638,4.060762972443398,0.0,5.446862376813559,342.0,410.0,349.5,376.0,395.5
infant7,2303,391.16,8.981522983438879,4.257046978786097,0.0,1.4582073591827616,374.0,410.0,384.0,390.0,399.5
infant7,2304,384.24,16.613935630754597,3.7252585172586565,0.0,8.278381161020494,350.0,412.0,377.0,386.0,395.5
infant7,2305,360.32,23.789416271329824,3.0237157840738176,0.0,124.40397469920461,340.0,412.0,340.5,349.0,375.5
infant7,2306,342.4,5.062870041905528,2.634155559226539,0.0,4.128495113629796,336.0,366.0,340.0,340.0,342.0
infant7,2307,350.96,12.429326742237736,3.05059378629466,0.0,6.803201205113501,336.0,378.0,340.0,347.0,359.5
infant7,2308,348.8,13.186263724816373,2.138089935299395,0.0,28.6417461281498,336.0,378.0,338.0,344.0,356.0
infant7,2309,344.68,8.167731431351907,2.1189138534559038,0.0,29.082377010965054,336.0,360.0,338.0,340.0,350.0
infant7,2310,355.4,7.475128829686359,2.407471363764674,0.0,3.5428331697741187,338.0,368.0,350.0,358.0,360.0
infant7,2311,362.0,5.728553615932406,2.6649654437396615,0.0,17.35162684986946,354.0,372.0,358.0,361.0,366.0
infant7,2312,373.68,11.156475194948905,3.0371845179241856,0.0,2.464686202646356,354.0,392.0,364.5,374.0,384.0
infant7,2313,380.32,13.045352601206146,4.050699108216522,0.0,17.840781549165698,358.0,410.0,370.0,382.0,387.5
infant7,2314,384.6,15.130722901110975,4.526565576501389,0.0,1.591240216165042,358.0,410.0,370.0,388.0,396.0
infant7,2315,394.68,8.326108432674477,4.69476477861571,0.0,5.566500267454493,382.0,424.0,388.5,394.0,398.0
infant7,2316,398.16,12.524848770931083,5.078968238466051,0.0,5.829686670859797,382.0,428.0,388.0,394.0,404.0
infant7,2317,394.32,12.30470293366379,4.553536414431208,0.0,13.109634047570616,378.0,428.0,386.0,390.0,396.0
infant7,2318,390.52,8.406120219391175,4.4077853201547175,0.0,2.1051513764132865,376.0,410.0,384.0,390.0,396.0
infant7,2319,390.56,7.949226634184778,3.6589281356759136,0.0,6.336531593963585,376.0,410.0,384.5,390.0,394.0
infant7,2320,395.96,11.317243480636087,3.8119040183218096,0.0,3.7973238143644155,380.0,424.0,388.0,392.0,402.0
infant7,2321,387.92,17.355631915423693,3.4641016151377544,0.0,30.902798755071206,364.0,424.0,374.5,382.0,402.0
infant7,2322,384.6,24.592183925062077,7.177060964045983,0.0,3.5121384233265758,358.0,454.0,368.5,378.0,389.0
infant7,2323,375.44,30.283126574084797,7.23934826246853,0.0,7.161697086628008,344.0,454.0,354.0,362.0,389.0
infant7,2324,352.64,7.130732566768684,2.1946130708196026,0.0,8.844839496283083,344.0,374.0,348.0,352.0,354.0
infant7,2325,344.88,5.6302390568016465,1.7612611437054218,0.0,58.961757379846354,336.0,356.0,340.0,344.0,350.0
infant7,2326,336.76,3.766446926345783,1.8294640678379568,0.0,54.33049868745686,328.0,344.0,334.0,337.0,340.0
infant7,2327,330.96,3.3133003461312516,2.1759351731039738,0.0,23.426356321231555,326.0,338.0,328.0,331.0,334.0
infant7,2328,328.52,1.50156381068239,1.958758457257441,0.0,2.2636759123334635,326.0,332.0,328.0,328.0,330.0
infant7,2329,332.32,4.127755727624731,1.7142857142857144,0.0,31.260204210933846,326.0,340.0,328.0,331.0,336.0
infant7,2330,340.44,6.276486733379249,2.3035022137995855,0.0,5.252659312347762,330.0,354.0,336.0,338.0,344.0
infant7,2331,343.84,5.011659874121302,2.4743582965269675,0.0,193.7909683668226,336.0,354.0,340.0,344.0,347.5
infant7,2332,338.84,6.5038763951404635,5.022398808927699,0.0,35.93613754482663,318.0,350.0,334.0,340.0,344.0
infant7,2333,329.92,6.796878034833946,4.997958767010258,0.0,6.781630168516694,318.0,346.0,326.0,328.0,334.0
infant7,2334,326.36,2.3452948989978437,2.3733211036908783,0.0,5.025289838219168,322.0,332.0,326.0,326.0,328.0
infant7,2335,329.88,8.145713784636953,13.385950600139974,2.0408163265306123,2.66525748409905,296.0,372.0,328.0,330.0,332.0
infant7,2336,331.36,8.69848684941167,13.361534801245625,2.0408163265306123,1.7599189704260114,296.0,372.0,328.0,330.0,333.5
infant7,2337,334.36,7.179221718946693,2.5555062599997598,0.0,9.426469351063377,324.0,358.0,330.0,332.0,339.5
infant7,2338,349.84,15.155466448292053,4.444671196029727,0.0,3.547454105026553,330.0,388.0,338.0,348.0,359.5
infant7,2339,369.76,13.447646027222362,4.323641700120445,0.0,10.03235919893655,348.0,394.0,360.0,368.0,380.0
infant7,2340,379.04,7.82711143841633,3.0237157840738176,0.0,4.09200170918978,366.0,394.0,374.5,380.0,384.0
infant7,2341,374.36,10.869842197003372,3.938299643454349,0.0,8.402968148164726,350.0,390.0,368.5,378.0,381.5
infant7,2342,360.36,13.971925202975822,3.5913728828504383,0.0,4.075325794880333,340.0,388.0,350.0,358.0,370.0
infant7,2343,346.92,9.251232681240321,2.4743582965269675,0.0,23.093902454817716,336.0,374.0,340.0,344.0,350.0
infant7,2344,336.12,6.146643351439541,2.1759351731039738,0.0,64.1816046844849,328.0,346.0,330.0,337.0,340.0
infant7,2345,330.88,3.456080120008558,1.8735538640862859,0.0,3.5705521188110247,326.0,342.0,328.0,330.0,332.0
infant7,2346,337.96,8.773708405439143,2.7255405754769875,0.0,22.459914338391563,326.0,356.0,330.0,336.0,346.0
infant7,2347,339.2,7.505100306607827,2.710523708715754,0.0,38.92871298307869,330.0,356.0,334.0,336.0,346.0
infant7,2348,331.44,2.886704214929163,2.1759351731039738,0.0,8.6569701946564,326.0,336.0,330.0,330.0,334.0
infant7,2349,332.12,5.861113636607338,2.0,0.0,33.71855228031835,326.0,346.0,328.0,330.0,334.0
infant7,2350,345.16,13.018605210722578,2.7255405754769875,0.0,4.391694973288896,326.0,370.0,334.0,344.0,356.0
infant7,2351,359.48,8.56008773557937,2.710523708715754,0.0,6.533245893275526,342.0,372.0,354.0,360.0,366.0
infant7,2352,365.96,6.85106873831688,2.634155559226539,0.0,0.5770634529410389,352.0,378.0,360.0,366.0,370.0
infant7,2353,379.24,12.89765047421824,3.428571428571429,0.0,5.647835849323685,360.0,400.0,366.5,377.0,392.0
infant7,2354,389.48,11.562147953824258,4.333071682315172,0.0,3.1793696515485053,368.0,416.0,382.0,390.0,395.5
infant7,2355,392.0,11.556427666375248,4.580348440537542,0.0,3.423647748684927,368.0,416.0,385.0,392.0,398.0
infant7,2356,384.64,12.165122444169342,3.5913728828504383,0.0,15.199088173105498,366.0,412.0,373.0,386.0,394.0
infant7,2357,372.2,7.647862179613813,2.9965967090575756,0.0,10.052724515057946,360.0,384.0,366.0,372.0,379.5
infant7,2358,372.84,6.929263588401802,3.1558174334820746,0.0,3.1914717958984027,360.0,384.0,368.5,374.0,377.5
infant7,2359,374.08,5.656276990013405,3.368521749300456,0.0,1.3085198436977448,368.0,398.0,370.0,372.0,376.0
infant7,2360,383.88,12.812047901431349,3.6811710647786073,0.0,7.633468503197818,368.0,404.0,372.0,386.0,396.0
infant7,2361,395.2,4.712120714991612,4.120630029101703,0.0,1.029784814979906,386.0,404.0,392.0,396.0,398.0
infant7,2362,392.16,5.373251970147489,3.6027200608338545,0.0,0.5846035063787238,380.0,402.0,388.5,392.0,396.0
infant7,2363,373.92,17.047161472975912,2.523360247522242,0.0,264.1175968467149,346.0,396.0,356.5,379.0,390.0
infant7,2364,347.28,13.93723540061819,2.2314999074019015,0.0,304.11350127355473,330.0,378.0,336.0,344.0,356.0
infant7,2365,338.48,5.932408396912261,2.080031396937291,0.0,17.15264483755041,330.0,350.0,334.0,338.0,342.0
infant7,2366,339.72,5.314746523800067,2.0995626366712954,0.0,26.545444155097286,330.0,350.0,336.0,340.0,344.0
infant7,2367,337.96,3.906875154056981,1.737932151513777,0.0,54.62149160891465,330.0,344.0,336.0,338.0,341.5
infant7,2368,333.48,5.478119742974532,1.5907898179514348,0.0,83.11377696098381,326.0,344.0,330.0,331.0,338.0
infant7,2369,335.4,7.253429871306345,2.1946130708196026,0.0,13.177985186504147,326.0,350.0,330.0,333.0,341.5
infant7,2370,346.36,7.269618073790088,2.4907993963089563,0.0,12.710176639131694,334.0,356.0,340.0,346.0,354.0
infant7,2371,344.08,9.097745852233768,2.2857142857142856,0.0,82.32869355379735,330.0,356.0,336.0,343.0,354.0
infant7,2372,335.44,4.747330076700257,2.040408122440814,0.0,1.6450792651927675,328.0,350.0,332.0,335.0,338.0
infant7,2373,330.4,4.314191105869,1.979486637221574,0.0,23.649240594030104,324.0,340.0,326.5,330.0,334.0
infant7,2374,333.88,9.582381792452571,2.356060357495806,0.0,58.707770056018745,324.0,352.0,326.0,328.0,343.5
infant7,2375,343.84,8.028927292570767,2.407471363764674,0.0,10.879639997489956,324.0,356.0,340.0,346.0,350.0
infant7,2376,369.76,31.27661968268806,6.0676458804558004,0.0,9.082173028901158,340.0,440.0,348.0,354.0,392.0
infant7,2377,387.8,22.205901035903196,6.350317363112248,0.0,7.147655852437917,352.0,440.0,374.0,385.0,398.0
infant7,2378,389.36,16.603122401204775,5.714285714285714,0.0,0.9050343361724177,370.0,430.0,378.0,384.0,392.0
infant7,2379,392.04,19.031617087877525,6.0877930721892906,0.0,8.262036713358265,368.0,430.0,376.0,386.0,404.0
infant7,2380,385.08,14.183692849788553,4.060762972443398,0.0,8.437154810538908,368.0,420.0,374.0,380.0,392.0
infant7,2381,389.56,14.143809491744985,4.3518703462079475,0.0,3.422779041445796,372.0,426.0,378.0,389.0,398.0
infant7,2382,387.88,14.20784491549852,4.140393356054125,0.0,5.851258196741483,372.0,426.0,376.0,384.0,392.0
infant7,2383,377.44,4.021168476744956,2.1189138534559038,0.0,2.7944879659904722,370.0,388.0,374.0,377.0,380.0
infant7,2384,382.44,8.094240834931806,3.245090483314442,0.0,2.9389044633698154,370.0,408.0,376.0,381.0,386.0
infant7,2385,396.48,9.676902860915359,4.080816244881628,0.0,3.729989815323763,380.0,412.0,386.0,402.0,405.5
infant7,2386,400.44,5.500129868596612,3.8332593899996397,0.0,2.805146263860201,390.0,412.0,396.0,402.0,404.0
infant7,2387,393.48,5.5374052716825,2.7847983842311326,0.0,3.6429702167631492,382.0,408.0,390.0,394.0,397.5
infant7,2388,393.84,5.697690187206369,2.6649654437396615,0.0,9.572495984794012,382.0,404.0,388.5,394.0,398.0
infant7,2389,394.88,6.3780234927028445,3.2576440717118227,0.0,5.8935961836965545,382.0,404.0,390.5,396.0,400.0
infant7,2390,395.72,8.806398415994162,3.989782869648269,0.0,1.4319094488344588,378.0,416.0,390.0,398.0,402.0
infant7,2391,378.48,22.510079375013046,3.5913728828504383,0.0,49.34995948032444,344.0,416.0,358.0,377.0,400.0
infant7,2392,350.2,10.623424252901831,2.2131333406899527,0.0,49.44256618816455,338.0,376.0,342.0,346.0,357.5
infant7,2393,347.76,6.215714121548411,2.5555062599997598,0.0,12.92792185820477,338.0,358.0,342.0,348.0,352.0
infant7,2394,349.8,5.2721834534988385,2.7847983842311326,0.0,7.861720544650952,340.0,358.0,346.5,352.0,353.5
infant7,2395,347.12,7.364115974211205,3.2071349029490928,0.0,5.820982134129523,336.0,362.0,340.0,348.0,352.0
infant7,2396,352.32,9.234893897935288,3.282607226593159,0.0,1.9133663428907375,336.0,366.0,346.0,353.0,361.5
infant7,2397,351.04,9.082299448119189,2.5071326821120348,0.0,68.22764766167083,336.0,366.0,344.0,351.0,359.5
infant7,2398,342.6,6.077727824623613,2.0995626366712954,0.0,20.820152645980514,336.0,360.0,338.0,342.0,344.0
infant7,2399,337.68,3.6446214215090227,2.424366106925306,0.0,6.282050961131577,328.0,344.0,336.0,338.0,340.0
infant7,2400,333.44,3.332952359181185,2.2314999074019015,0.0,2.0250824851794214,328.0,340.0,330.5,332.0,336.0
infant7,2401,337.44,7.741117358571932,2.138089935299395,0.0,11.586361900900826,330.0,352.0,332.0,332.0,346.0
infant7,2402,339.8,6.379175303361745,2.6649654437396615,0.0,36.094375499997035,330.0,352.0,334.5,338.0,346.0
infant7,2403,334.24,3.197958532487594,2.4907993963089563,0.0,15.577123846678505,330.0,344.0,332.0,334.0,336.0
infant7,2404,338.44,8.293493884746436,2.7847983842311326,0.0,19.184033612607106,330.0,358.0,332.0,334.0,342.0
infant7,2405,352.08,10.690144230714074,3.3319725113401715,0.0,0.8990788697094377,332.0,366.0,342.5,352.0,363.5
infant7,2406,366.48,9.210109795707085,3.896623341995959,0.0,2.0696231210819884,346.0,382.0,364.0,366.0,372.0
infant7,2407,378.88,7.430329462302956,3.7032803990902057,0.0,21.34785462909754,364.0,392.0,372.5,378.0,385.5
infant7,2408,388.08,5.59825045556782,2.982944716831586,0.0,6.259173024804159,378.0,400.0,386.0,388.0,392.0
infant7,2409,390.16,3.69975178428312,3.6027200608338545,0.0,1.467163445612621,384.0,400.0,388.0,390.0,392.0
infant7,2410,389.84,3.9349817830141305,3.368521749300456,0.0,0.536507386666066,384.0,398.0,386.0,390.0,392.0
infant7,2411,391.0,5.0990195135927845,2.5714285714285716,0.0,17.77681902419458,382.0,402.0,386.0,391.0,395.5
infant7,2412,392.16,4.621864629460844,2.356060357495806,0.0,17.1285151813013,382.0,402.0,390.0,394.0,396.0
infant7,2413,390.52,5.155698254339165,2.0995626366712954,0.0,18.62885512950566,380.0,398.0,386.5,393.0,394.0
infant7,2414,389.8,4.819179369552286,2.0995626366712954,0.0,14.734326478109137,380.0,396.0,386.5,392.0,394.0
infant7,2415,418.32,54.45891167866367,20.034663838009383,6.122448979591836,8.998210299792186,384.0,624.0,392.0,394.0,415.0
infant7,2416,489.32,90.61117649673494,29.597297173897484,12.244897959183673,6.384459106640987,388.0,662.0,410.0,451.0,576.0
infant7,2417,463.4,95.571535340534,21.813682281858732,6.122448979591836,15.35357844730551,366.0,662.0,398.5,410.0,559.5
infant7,2418,372.4,24.267219848669797,6.292204441584355,0.0,33.69969257224105,342.0,416.0,350.0,367.0,396.0
infant7,2419,399.36,112.45130646875835,37.008548378195336,8.16326530612245,13.322902335792032,340.0,790.0,346.0,352.0,371.5
infant7,2420,416.36,109.07005051051983,38.91172636853307,10.204081632653061,26.563674888235322,340.0,790.0,354.0,374.0,418.0
infant7,2421,363.24,34.125554492018956,8.34950811211569,0.0,311.6055668722871,336.0,500.0,340.0,348.0,375.5
infant7,2422,347.04,9.391615887566518,3.475864303027554,0.0,3.1126080934290394,336.0,370.0,340.0,344.0,350.0
infant7,2423,349.52,12.516503391237393,5.062870041905528,0.0,32.77873527193903,336.0,398.0,340.0,346.0,356.0
infant7,2424,368.56,35.83417591162529,9.835379701747717,0.0,2.9870838564322226,336.0,474.0,340.0,362.0,376.0
infant7,2425,369.2,34.26666137271989,7.840241562292711,0.0,33.26693802794055,338.0,474.0,346.5,359.0,373.5
infant7,2426,340.68,7.996019417848623,2.3386722205349857,0.0,19.983685893510877,330.0,358.0,334.0,340.0,345.5
infant7,2427,336.72,8.43471930747659,2.982944716831586,0.0,13.642075383006125,328.0,356.0,330.0,334.0,339.5
infant7,2428,340.8,8.533248298896046,2.8284271247461903,0.0,8.235325138430198,328.0,356.0,332.5,340.0,347.5
infant7,2429,339.44,4.625395735965272,1.9166296949998198,0.0,2.5346058261309246,332.0,350.0,336.5,338.0,341.5
infant7,2430,339.92,10.22170559672516,2.080031396937291,0.0,35.76395606708387,330.0,366.0,334.0,337.0,339.5
infant7,2431,353.56,13.975430335457455,2.8996833043120627,0.0,9.466915233350468,330.0,372.0,339.0,360.0,364.0
infant7,2432,368.6,8.351951989853408,3.0904725218262765,0.0,2.006093827207553,358.0,388.0,362.5,366.0,372.0
infant7,2433,381.0,14.050927778213488,3.948649988881501,0.0,3.783107692295455,364.0,416.0,368.0,380.0,390.0
infant7,2434,383.28,12.327238795712955,3.8119040183218096,0.0,8.135183047935524,364.0,416.0,374.5,381.0,390.0
infant7,2435,378.76,5.9231817153159385,3.0639443699324596,0.0,13.204445467235114,370.0,390.0,374.0,378.0,384.0
infant7,2436,380.56,10.349327100279101,3.843892584878203,0.0,2.225393646767841,364.0,404.0,372.5,378.0,386.0
infant7,2437,388.28,12.655627126270103,3.475864303027554,0.0,16.04466984962786,364.0,408.0,378.0,388.0,399.5
infant7,2438,394.08,6.206777072898063,2.9137254363387344,0.0,6.804367676900457,384.0,408.0,388.5,392.0,398.0
infant7,2439,403.88,12.318295667959317,3.865071216705338,0.0,4.8034209444925935,386.0,432.0,394.0,402.0,412.0
infant7,2440,406.6,10.200040015927907,3.368521749300456,0.0,3.4727909206408376,390.0,432.0,398.5,404.0,412.0
infant7,2441,393.24,6.796037260711539,2.523360247522242,0.0,32.283279243008195,382.0,406.0,388.0,392.0,398.0
infant7,2442,392.84,6.312798790665561,2.523360247522242,0.0,9.56170253414009,382.0,404.0,388.0,392.0,398.0
infant7,2443,406.88,51.27144250288391,26.237533482881087,4.081632653061225,41.22161774490017,384.0,710.0,392.0,396.0,402.0
infant7,2444,461.4,111.26819961200935,33.990394801701115,8.16326530612245,17.056461183581458,384.0,784.0,392.0,410.0,476.0
infant7,2445,462.48,99.04569961510141,20.978122715177857,4.081632653061225,38.48421955771992,396.0,784.0,412.0,425.0,441.0
infant7,2446,411.76,11.158523785036463,4.677344441069971,0.0,10.15443886223643,396.0,438.0,404.0,410.0,416.0
infant7,2447,399.28,8.327578965616084,2.857142857142857,0.0,38.509652673930695,384.0,416.0,394.0,399.0,404.0
infant7,2448,396.16,5.581894930971754,2.8713930346059686,0.0,21.105718151882567,384.0,410.0,394.0,397.0,399.5
infant7,2449,397.4,7.196938124462855,3.368521749300456,0.0,2.982064046887788,384.0,410.0,394.0,398.0,400.0
infant7,2450,386.24,14.145829413502707,3.270149469217028,0.0,6.644714942476625,360.0,410.0,374.5,388.0,394.0
infant7,2451,365.56,14.814719651999727,2.356060357495806,0.0,77.10793661014056,348.0,398.0,354.0,359.0,373.5
infant7,2452,354.64,3.6239565704475263,2.1759351731039738,0.0,4.75818175333824,348.0,364.0,352.0,354.0,358.0
infant7,2453,347.32,9.245936779946934,2.138089935299395,0.0,54.93425429255543,332.0,364.0,338.5,348.0,356.0
infant7,2454,333.84,6.588053504609069,2.3035022137995855,0.0,72.02641901211256,324.0,348.0,328.0,332.0,338.0
infant7,2455,326.44,2.7491000382685535,2.1946130708196026,0.0,11.014596968642943,322.0,334.0,324.0,326.0,328.0
infant7,2456,342.0,27.168409025550094,4.686062704816207,0.0,26.517525894015037,322.0,408.0,324.0,327.0,345.5
infant7,2457,378.68,34.879641451068586,8.935140440635365,0.0,0.7438061325792936,324.0,456.0,347.5,377.0,397.5
infant7,2458,394.6,22.124877493031068,8.275856204548708,0.0,4.520683070572547,370.0,456.0,378.5,389.0,403.5
infant7,2459,395.32,12.555899499633547,5.038626311013828,0.0,0.9113613669637388,372.0,422.0,386.0,396.0,405.5
infant7,2460,398.44,12.403357017603035,4.857142857142857,0.0,18.530981991923717,376.0,422.0,392.0,400.0,406.0
infant7,2461,395.44,9.161053321490039,3.625307868699863,0.0,1.4035037759415276,376.0,416.0,392.0,394.0,400.0
infant7,2462,395.68,4.451278192948673,3.142857142857143,0.0,0.7998747983161222,386.0,406.0,392.5,396.0,398.0
infant7,2463,394.44,11.380541933224338,3.6477558099439156,0.0,23.77604191277564,372.0,416.0,386.5,396.0,401.5
infant7,2464,389.36,12.600226755329217,3.1943828249996997,0.0,10.411382756426585,372.0,416.0,378.5,386.0,399.5
infant7,2465,384.32,12.258175114708434,3.0371845179241856,0.0,14.241692402378746,368.0,412.0,374.0,380.0,393.5
infant7,2466,401.6,26.557600088279433,6.174337938564088,0.0,3.5892534096042565,368.0,456.0,374.0,400.0,423.0
infant7,2467,422.24,29.67755972145298,8.03055389860297,0.0,11.241384901203903,382.0,482.0,396.5,420.0,440.0
infant7,2468,415.0,27.916054922731824,6.676183683170241,0.0,39.222162630331155,382.0,482.0,398.5,408.0,419.0
infant7,2469,402.52,7.248476264930811,3.67006645104718,0.0,21.344547923684427,392.0,422.0,398.0,400.0,407.5
infant7,2470,392.68,6.840575223455633,2.842821248876057,0.0,16.51607336155999,376.0,400.0,388.0,396.0,398.0
infant7,2471,397.84,11.737537898484815,3.499271061118826,0.0,4.889781199133413,376.0,420.0,388.0,398.0,408.0
infant7,2472,398.56,10.621810445628237,3.0371845179241856,0.0,26.745842728456868,382.0,420.0,388.0,398.0,408.0
infant7,2473,389.08,7.342468027488705,2.740475156178697,0.0,31.971303138274436,376.0,402.0,384.0,388.0,396.0
infant7,2474,377.6,13.39509505112119,2.457807219155036,0.0,16.807922818088336,358.0,402.0,364.5,377.0,385.5
infant7,2475,358.08,10.197718832550496,1.958758457257441,0.0,93.09229302280592,344.0,378.0,348.0,357.0,364.0
infant7,2476,347.24,3.543087550111499,2.1759351731039738,0.0,3.404886378323589,342.0,356.0,344.0,346.0,348.0
infant7,2477,352.52,9.344298709231579,2.710523708715754,0.0,7.916766445588028,342.0,370.0,344.5,349.0,358.0
infant7,2478,348.52,13.338971596990007,2.740475156178697,0.0,55.38831334942921,328.0,370.0,338.0,347.0,358.0
infant7,2479,332.44,6.45600495662759,2.649605284427344,0.0,24.54668880830683,320.0,346.0,328.0,330.0,337.5
infant7,2480,331.2,4.140393356054124,2.1946130708196026,0.0,13.139046300446882,320.0,338.0,328.0,332.0,334.0
infant7,2481,333.32,2.7585858548117272,1.6659862556700857,0.0,61.67761696407573,328.0,338.0,332.0,334.0,336.0
infant7,2482,336.64,6.265421789798483,2.3035022137995855,0.0,7.830278842550134,328.0,348.0,332.0,336.0,341.5
infant7,2483,336.68,6.082561222084671,2.602981022612657,0.0,20.957006260374218,330.0,348.0,332.0,336.0,341.5
infant7,2484,333.32,2.4779846979481746,2.424366106925306,0.0,4.528361992475819,330.0,340.0,332.0,333.0,336.0
infant7,2485,334.8,3.7471077281725713,2.356060357495806,0.0,5.365548735901767,328.0,342.0,332.0,334.0,337.5
infant7,2486,340.36,10.565171893672964,3.636549160387959,0.0,2.618859918634817,328.0,368.0,332.0,338.0,342.0
infant7,2487,335.96,13.102359968139096,3.440455593940656,0.0,34.25944466674555,320.0,368.0,326.0,331.0,342.0
infant7,2488,330.2,6.468132241526726,2.5555062599997598,0.0,40.873407007962776,320.0,344.0,324.5,328.0,336.0
infant7,2489,332.56,5.284401381347151,2.457807219155036,0.0,23.673975566353278,324.0,344.0,328.0,332.0,336.0
infant7,2490,338.64,13.207542681114811,3.1036515689143473,0.0,14.291270486283498,328.0,380.0,330.0,334.0,338.0
infant7,2491,360.0,18.043032461539365,3.7904283318347427,0.0,5.991094938375274,332.0,388.0,338.5,366.0,372.0
infant7,2492,385.08,12.753294892389373,3.1687247161169765,0.0,9.291808460667193,364.0,402.0,372.0,388.0,396.0
infant7,2493,390.08,11.043217513986784,3.010186786529354,0.0,4.1540331558335275,360.0,402.0,386.5,394.0,396.0
infant7,2494,384.08,14.245428912390077,3.3806170189140663,0.0,42.16186064889664,358.0,406.0,372.0,390.0,395.5
infant7,2495,381.84,13.135650197932685,3.142857142857143,0.0,7.286583770339308,358.0,406.0,372.0,382.0,392.0
infant7,2496,385.16,10.39693832484411,3.319700011034929,0.0,25.79818810314713,368.0,404.0,376.0,385.0,393.5
infant7,2497,387.68,8.584371180897794,3.2576440717118227,0.0,36.562368516309064,374.0,404.0,378.5,390.0,394.0
infant7,2498,387.24,6.387359966914247,2.5394841192330255,0.0,3.547023350823691,374.0,396.0,384.0,390.0,392.0
infant7,2499,388.56,4.121422381773019,2.649605284427344,0.0,24.004634264234724,380.0,396.0,386.0,390.0,392.0
infant7,2500,392.8,7.698396334461417,2.857142857142857,0.0,1.3680395468674267,380.0,406.0,388.0,392.0,397.5
infant7,2501,398.8,4.981598792617913,2.75532878885513,0.0,1.4706305054489575,390.0,408.0,394.0,399.0,403.5
infant7,2502,393.84,6.795436644077662,2.0203050891044216,0.0,21.737944358373515,382.0,408.0,388.0,394.0,399.5
infant7,2503,384.48,7.5653344747133096,2.040408122440814,0.0,14.282870289265274,368.0,396.0,380.0,386.0,390.0
infant7,2504,367.84,13.831876818658074,2.080031396937291,0.0,75.30116531222033,348.0,394.0,354.0,366.0,380.0
infant7,2505,349.8,6.776309271789384,2.080031396937291,0.0,19.254571554539762,338.0,364.0,344.0,350.0,354.0
infant7,2506,339.88,5.457217650945939,2.3733211036908783,0.0,68.77430960027489,330.0,350.0,336.0,340.0,344.0
infant7,2507,336.04,4.526385231650762,2.4411439272335804,0.0,11.788383305020778,326.0,344.0,332.0,336.0,339.5
infant7,2508,330.16,7.514231395784119,2.390457218668787,0.0,238.10756994928246,320.0,344.0,324.0,329.0,336.0
infant7,2509,321.88,3.034764557320279,2.138089935299395,0.0,6.968610164684347,318.0,330.0,320.0,322.0,324.0
infant7,2510,324.88,5.423456236664993,2.138089935299395,0.0,25.32736713418489,318.0,334.0,320.0,325.0,330.0
infant7,2511,330.36,2.126221137730178,2.2314999074019015,0.0,1.5041312341988438,326.0,334.0,330.0,330.0,332.0
infant7,2512,331.88,2.56856983950372,2.3035022137995855,0.0,8.28170973946553,326.0,336.0,330.0,332.0,334.0
infant7,2513,329.64,4.475602798301393,2.1759351731039738,0.0,56.11570777028775,320.0,336.0,326.0,330.0,334.0
infant7,2514,324.56,3.1826057864329877,2.2131333406899527,0.0,2.8557657783702926,318.0,332.0,324.0,324.0,325.5
infant7,2515,323.8,2.294625486315573,2.4907993963089563,0.0,23.96664864048059,318.0,328.0,322.0,324.0,326.0
infant7,2516,323.92,2.248264636903543,2.3035022137995855,0.0,2.077868975429659,320.0,328.0,322.0,324.0,326.0
infant7,2517,327.64,7.436149980373731,2.1759351731039738,0.0,35.65837844273204,320.0,348.0,322.0,324.0,330.0
infant7,2518,361.8,32.564535611487486,5.038626311013828,0.0,8.658080023559489,322.0,422.0,330.0,351.0,391.5
infant7,2519,388.56,20.599346135848336,6.10118757258932,0.0,4.843624616285849,354.0,428.0,372.5,388.0,400.0
infant7,2520,393.76,21.0989505493926,5.503245795502349,0.0,13.495219501066003,360.0,430.0,379.0,394.0,409.5
infant7,2521,395.68,12.056736621457055,4.5175395145262565,0.0,0.6734434010269751,382.0,430.0,388.0,392.0,398.0
infant7,2522,388.76,4.36853312138675,3.232488142567074,0.0,2.1361668892049326,380.0,396.0,384.5,390.0,392.0
infant7,2523,393.72,8.33002927696548,4.0,0.0,2.7344749562741097,380.0,414.0,388.0,393.0,396.0
infant7,2524,396.16,8.239675048080427,4.314191105869,0.0,2.06582008901845,380.0,414.0,390.5,396.0,401.5
infant7,2525,384.04,11.65132908245901,3.6027200608338545,0.0,20.271339210347772,364.0,410.0,376.0,384.0,391.5
infant7,2526,380.4,9.595917499283807,3.1815796359028696,0.0,14.927351814986785,364.0,396.0,372.0,381.0,388.0
infant7,2527,373.96,14.610535756844813,2.9965967090575756,0.0,52.93114590695098,354.0,396.0,358.5,375.0,388.0
infant7,2528,372.76,12.134551781535874,2.080031396937291,0.0,23.664296264943893,354.0,384.0,358.5,380.0,384.0
infant7,2529,381.48,3.150898802771381,1.6413036132965795,0.0,6.130789705632358,374.0,386.0,380.0,382.0,384.0
infant7,2530,378.36,4.3647942186807125,1.6413036132965795,0.0,5.486338227157474,370.0,386.0,376.0,378.0,382.0
infant7,2531,382.92,8.163732639684183,2.3035022137995855,0.0,53.814690548713735,370.0,396.0,376.0,382.0,390.0
infant7,2532,382.44,11.572592534051465,3.245090483314442,0.0,49.8466686586835,362.0,402.0,372.0,384.0,392.0
infant7,2533,388.72,15.726021591681757,3.356382892705923,0.0,18.327713219413567,362.0,410.0,372.0,397.0,402.0
infant7,2534,402.72,12.106736192074633,3.3806170189140663,0.0,1.6157602811004579,382.0,430.0,396.5,400.0,406.0
infant7,2535,497.24,175.7098210814916,46.898065753595546,14.285714285714285,19.965430720185687,382.0,1034.0,398.0,418.0,437.5
infant7,2536,587.32,244.52156033648188,77.71691172033883,32.6530612244898,2.562233384741362,368.0,1154.0,400.5,425.0,800.0
infant7,2537,470.04,226.30537071913812,60.82829631555582,16.3265306122449,110.88762779248897,350.0,1154.0,354.5,367.0,422.0
infant7,2538,386.32,61.77954221855883,26.852583199569384,10.204081632653061,1.9289847847113175,350.0,640.0,354.0,362.0,385.0
infant7,2539,383.44,63.19912166788266,26.881447968775028,10.204081632653061,3.3296759331595442,346.0,640.0,350.0,356.0,385.0
infant7,2540,347.04,4.449076950816395,2.1946130708196026,0.0,5.228555743856737,340.0,358.0,344.0,346.0,350.0
infant7,2541,341.8,3.1879876577744852,2.2677868380553634,0.0,8.444012678000053,336.0,350.0,340.0,342.0,344.0
infant7,2542,340.6,2.2587697572631282,2.457807219155036,0.0,1.2436727327191945,336.0,346.0,338.5,340.0,342.0
infant7,2543,342.8,3.1558174334820746,1.8294640678379568,0.0,8.51716162012616,338.0,348.0,340.0,342.0,344.0
infant7,2544,337.72,7.1372549459344174,1.9166296949998198,0.0,62.56600359693063,328.0,348.0,330.5,337.0,344.0
infant7,2545,328.56,3.5234491450212557,2.2314999074019015,0.0,4.853229077079734,322.0,336.0,326.0,328.0,330.0
infant7,2546,325.44,1.7161894191635665,2.0603150145508513,0.0,1.7919816976530512,322.0,330.0,324.0,326.0,326.0
infant7,2547,333.28,13.70094589316179,4.370588154508101,0.0,3.153919708751362,324.0,374.0,324.0,327.0,336.0
infant7,2548,336.08,12.648852492924215,4.580348440537542,0.0,3.65522374027402,324.0,374.0,328.0,330.0,340.0
infant7,2549,329.12,5.016869501176678,2.2131333406899527,0.0,4.038123092455935,322.0,340.0,324.0,328.0,333.5
infant7,2550,332.56,6.2078291581794405,1.737932151513777,0.0,56.352717849353354,322.0,340.0,324.5,334.0,338.0
infant7,2551,333.52,4.616916543251236,1.7842851423995423,0.0,21.339039672122443,326.0,340.0,330.0,333.0,338.0
infant7,2552,325.4,4.7680912195081815,2.249716535431946,0.0,38.45736480367769,318.0,334.0,320.5,326.0,330.0
infant7,2553,318.84,3.2598985836234546,2.2677868380553634,0.0,22.693731761015712,314.0,326.0,316.0,318.0,320.0
infant7,2554,315.96,1.4279998856685487,1.6413036132965795,0.0,0.3297152907888633,314.0,320.0,316.0,316.0,316.0
infant7,2555,318.08,4.7972781398435105,1.979486637221574,0.0,33.21198851420324,312.0,330.0,314.5,316.0,320.0
infant7,2556,335.32,16.930156646695053,4.130523512800274,0.0,7.342811279058132,312.0,370.0,320.5,329.0,350.0
infant7,2557,338.96,14.183865510372216,4.080816244881628,0.0,8.890534625376157,320.0,370.0,326.0,338.0,350.0
infant7,2558,321.52,8.45212206176288,1.8516401995451028,0.0,23.90717332440468,312.0,342.0,314.0,320.0,326.0
infant7,2559,314.36,2.447489342496235,2.0995626366712954,0.0,5.49837459813267,310.0,320.0,312.0,314.0,316.0
infant7,2560,314.48,1.9612574059120589,2.0995626366712954,0.0,3.2329372068899462,310.0,318.0,314.0,314.0,316.0
infant7,2561,326.24,14.64485700629043,3.487587318781058,0.0,4.956034239041122,312.0,364.0,316.0,318.0,338.0
infant7,2562,345.36,14.127350806726875,4.120630029101703,0.0,2.468197253867052,316.0,366.0,336.5,348.0,356.0
infant7,2563,358.08,8.475270148003109,2.9137254363387344,0.0,3.917298444207904,336.0,370.0,354.0,360.0,365.5
infant7,2564,367.04,6.064146893918418,3.295017884191656,0.0,2.449376448301354,354.0,374.0,364.0,368.0,372.0
infant7,2565,374.84,5.0157303576257135,3.010186786529354,0.0,1.3323315095639414,366.0,388.0,372.0,374.0,376.0
infant7,2566,378.92,4.085014925159455,2.9416086117105715,0.0,0.3504160443758821,372.0,388.0,376.0,378.0,382.0
infant7,2567,376.88,5.438487184607762,2.9137254363387344,0.0,14.481063224815202,366.0,386.0,374.0,378.0,380.0
infant7,2568,375.76,4.876264880384727,2.649605284427344,0.0,6.304767873088703,366.0,384.0,372.5,376.0,380.0
infant7,2569,381.12,7.093083725340754,2.5872528966106905,0.0,12.410950796914564,368.0,396.0,376.0,380.0,387.5
infant7,2570,376.92,10.143541224416083,2.710523708715754,0.0,5.555654923806295,364.0,396.0,368.0,374.0,387.5
infant7,2571,377.96,16.83771277307495,3.917516914514882,0.0,7.460815393563389,362.0,418.0,366.0,371.0,393.0
infant7,2572,379.4,19.429621820345158,4.228185310556784,0.0,9.092108614205213,352.0,418.0,364.0,378.0,396.0
infant7,2573,370.48,12.69137582802445,3.7252585172586565,0.0,4.3436891046096,352.0,396.0,360.5,367.0,378.0
infant7,2574,378.04,12.516046842810574,3.6589281356759136,0.0,9.459193310255806,360.0,402.0,368.0,376.0,389.5
infant7,2575,389.48,17.66264361843483,5.276052946462682,0.0,8.353839687663811,362.0,422.0,374.5,389.0,401.0
infant7,2576,378.36,22.980701753019307,5.062870041905528,0.0,32.307195824268604,352.0,422.0,360.5,368.0,396.0
infant7,2577,352.48,15.594661566951528,2.2677868380553634,0.0,121.47807283048398,334.0,396.0,340.0,351.0,360.0
infant7,2578,333.72,7.677265669707237,1.5907898179514348,0.0,89.27220048290715,324.0,350.0,326.0,333.0,339.5
infant7,2579,327.12,2.395914890655615,1.538618516324144,0.0,8.855748009544625,324.0,332.0,326.0,327.0,328.0
infant7,2580,327.72,1.8520810137876402,1.3997084244475304,0.0,0.6532534976696814,324.0,330.0,326.5,328.0,328.0
infant7,2581,327.4,1.9897697538834456,1.7142857142857144,0.0,3.7624941152825166,324.0,332.0,326.0,328.0,328.0
infant7,2582,323.28,3.6758450368172326,2.138089935299395,0.0,29.14729262685076,316.0,332.0,320.0,324.0,326.0
infant7,2583,318.84,2.2529798861390082,2.0603150145508513,0.0,6.6486978233887655,316.0,324.0,316.5,318.0,320.0
infant7,2584,322.44,5.544476935635671,1.8070158058105026,0.0,18.236895859164576,316.0,334.0,318.0,322.0,326.0
infant7,2585,329.8,3.3866484546084843,1.5649215928719031,0.0,7.835801441046359,324.0,336.0,326.0,330.0,332.0
infant7,2586,328.88,3.815328910313965,1.8735538640862859,0.0,15.264454868325867,322.0,336.0,326.0,328.0,332.0
infant7,2587,322.4,3.636549160387959,1.9378085666072196,0.0,19.80003211611132,318.0,328.0,320.0,322.0,326.0
infant7,2588,318.48,1.4879104647190329,1.8516401995451028,0.0,3.928152741100793,314.0,322.0,318.0,318.0,320.0
infant7,2589,325.52,10.073687689891393,2.4907993963089563,0.0,30.65933583872819,314.0,358.0,318.0,321.0,330.0
infant7,2590,338.28,9.629970224804033,2.8713930346059686,0.0,6.426631626557532,322.0,358.0,330.5,338.0,345.0
infant7,2591,338.2,7.7433315616386595,2.1946130708196026,0.0,3.956806010491061,328.0,358.0,334.0,336.0,340.0
infant7,2592,333.36,2.632295498578519,1.7612611437054218,0.0,6.594373250828123,328.0,338.0,332.0,334.0,336.0
infant7,2593,330.72,3.7418755528559773,1.8070158058105026,0.0,15.196394430262146,324.0,336.0,328.0,332.0,334.0
infant7,2594,325.0,3.708787138784906,1.7612611437054218,0.0,9.45123680333658,320.0,334.0,322.0,324.0,327.5
infant7,2595,324.4,2.740475156178697,1.6659862556700857,0.0,66.85868318296103,320.0,328.0,322.0,324.0,326.0
infant7,2596,328.6,5.115003939990902,1.6659862556700857,0.0,10.647016862604527,324.0,344.0,326.0,327.0,328.0
infant7,2597,340.92,12.203779943032371,2.5714285714285716,0.0,14.217324657516915,324.0,362.0,328.0,342.0,350.0
infant7,2598,343.84,10.473211697722247,2.5872528966106905,0.0,2.2793093963324256,324.0,362.0,334.5,344.0,351.5
infant7,2599,331.96,7.7353152515470445,1.8516401995451028,0.0,94.71059203639612,322.0,352.0,326.5,330.0,334.0
infant7,2600,330.08,3.767963776419323,1.7842851423995423,0.0,8.546431377518259,322.0,338.0,328.0,330.0,332.0
infant7,2601,328.68,4.6879785470011335,1.5118578920369088,0.0,18.244928693451858,322.0,338.0,324.0,330.0,332.0
infant7,2602,327.08,5.302444565230921,1.9166296949998198,0.0,16.626505117850684,322.0,342.0,324.0,326.0,328.0
infant7,2603,331.6,5.360475154083919,2.3211538298959886,0.0,5.945654214493721,324.0,342.0,326.0,332.0,335.5
infant7,2604,330.76,4.254937108338779,2.0603150145508513,0.0,4.1388977287211,324.0,340.0,328.0,330.0,334.0
infant7,2605,324.6,4.06578556307363,2.1759351731039738,0.0,23.547728727488025,318.0,334.0,320.5,324.0,328.0
infant7,2606,323.52,4.1710371636330645,2.2677868380553634,0.0,14.010368715245187,318.0,336.0,320.0,322.0,324.0
infant7,2607,343.04,20.212099831334616,2.5714285714285716,0.0,18.90555433788963,320.0,376.0,324.0,336.0,366.0
infant7,2608,357.08,11.2573604039893,3.0904725218262765,0.0,12.184366262985906,336.0,376.0,348.0,354.0,366.0
infant7,2609,354.56,6.440179994949438,2.5555062599997598,0.0,9.40509242021117,346.0,372.0,348.0,353.0,360.0
infant7,2610,349.88,9.801374330955339,1.9378085666072196,0.0,19.248112393133567,332.0,362.0,342.0,351.0,358.0
infant7,2611,339.48,9.2388708560017,2.138089935299395,0.0,112.29601343855354,330.0,360.0,332.0,336.0,344.0
infant7,2612,337.96,5.275898221233644,2.0603150145508513,0.0,14.038435168469046,330.0,348.0,332.5,338.0,342.0
infant7,2613,353.28,15.101074431297656,2.5394841192330255,0.0,28.819264162873008,336.0,382.0,340.5,346.0,370.0
infant7,2614,363.4,10.515294982615968,2.813959371941744,0.0,4.080464789855576,342.0,382.0,354.0,366.0,372.0
infant7,2615,351.24,12.02643347135036,2.1570955529345,0.0,62.269957452813614,336.0,374.0,340.0,348.0,359.5
infant7,2616,337.56,4.734415896132386,1.7842851423995423,0.0,7.013997990271994,330.0,348.0,334.0,338.0,340.0
infant7,2617,338.32,5.929655666776158,2.0603150145508513,0.0,7.727855028414823,330.0,350.0,334.0,338.0,343.5
infant7,2618,336.28,7.2507283237265066,2.2131333406899527,0.0,63.820472210595476,328.0,350.0,330.0,334.0,343.5
infant7,2619,328.4,2.8284271247461903,2.1946130708196026,0.0,8.28623338460679,322.0,334.0,326.5,328.0,330.0
infant7,2620,323.96,3.510683403439233,2.424366106925306,0.0,28.452794145279864,318.0,330.0,322.0,324.0,326.0
infant7,2621,323.88,7.232692218993829,3.05059378629466,0.0,1.8232676247761705,318.0,354.0,320.0,322.0,324.0
infant7,2622,333.08,11.946889271492648,3.0639443699324596,0.0,11.536216185342195,318.0,358.0,324.0,328.0,341.5
infant7,2623,331.16,11.422069579081882,2.2131333406899527,0.0,65.90880644626124,320.0,358.0,322.0,326.0,337.5
infant7,2624,321.2,2.356060357495806,1.9166296949998198,0.0,1.385618212001062,316.0,328.0,320.0,322.0,322.0
infant7,2625,319.8,1.4142135623730951,1.979486637221574,0.0,7.10801075464654,316.0,322.0,318.5,320.0,320.0
infant7,2626,319.92,1.6142225019229182,2.040408122440814,0.0,2.965529416293484,316.0,324.0,320.0,320.0,320.0
infant7,2627,320.56,2.4257126030618426,2.2857142857142856,0.0,18.752790477546004,316.0,326.0,320.0,320.0,322.0
infant7,2628,321.96,2.2311340577548155,1.6659862556700857,0.0,21.606481296823684,316.0,326.0,320.0,322.0,324.0
infant7,2629,326.92,9.05502453821938,1.9166296949998198,0.0,25.30915139165183,320.0,360.0,322.0,324.0,324.0
infant7,2630,343.0,14.614781446696146,2.9554515522253144,0.0,8.555124254988005,322.0,360.0,324.5,350.0,356.0
infant7,2631,357.36,5.60524535682463,2.9277002188455996,0.0,3.8544412686719203,348.0,374.0,354.0,356.0,360.0
infant7,2632,365.44,7.762179369959739,2.710523708715754,0.0,6.649666693233783,350.0,378.0,358.0,367.0,372.0
infant7,2633,368.96,15.195273164066919,4.0,0.0,35.95249197742951,346.0,406.0,358.5,371.0,374.0
infant7,2634,368.08,16.172337177907167,4.435478484645721,0.0,3.5748276500380696,346.0,406.0,356.0,365.0,378.0
infant7,2635,365.88,8.819366444920856,3.938299643454349,0.0,11.149036183217312,352.0,384.0,358.5,364.0,372.0
infant7,2636,369.56,9.49577779428138,4.2378277069118075,0.0,6.85877878770189,352.0,396.0,364.0,372.0,377.5
infant7,2637,380.4,10.613814640575262,5.495824017620384,0.0,0.9774347878570424,368.0,422.0,374.0,378.0,383.5
infant7,2638,377.32,12.464545637895657,4.712120714991612,0.0,5.395871723391677,358.0,422.0,370.5,376.0,380.0
infant7,2639,370.08,6.808877758230838,2.710523708715754,0.0,2.5146255230010954,354.0,380.0,366.0,372.0,375.5
infant7,2640,361.44,9.996244192654743,2.982944716831586,0.0,36.095304986644294,344.0,378.0,354.0,358.0,372.0
infant7,2641,358.92,7.093659140387279,2.8996833043120627,0.0,3.342643388094778,344.0,372.0,354.5,360.0,364.0
infant7,2642,360.88,6.95360719779486,2.9692299558323607,0.0,0.5080679175176375,342.0,372.0,356.5,362.0,366.0
infant7,2643,345.48,13.320599361400326,2.9137254363387344,0.0,37.19249744348478,326.0,368.0,334.0,343.0,356.0
infant7,2644,327.52,7.478513439535035,2.0603150145508513,0.0,173.8407739899633,316.0,344.0,322.0,326.0,334.0
infant7,2645,320.24,2.236615518946392,1.8070158058105026,0.0,4.583555789113803,316.0,326.0,320.0,320.0,322.0
infant7,2646,320.32,1.7778684784118908,1.8952141659173714,0.0,18.915293552781304,316.0,324.0,320.0,320.0,322.0
infant7,2647,319.84,2.09333246674448,1.9166296949998198,0.0,5.17907985968315,316.0,324.0,318.0,320.0,322.0
infant7,2648,318.96,1.9055236572037793,1.8070158058105026,0.0,2.628405139774476,316.0,324.0,318.0,318.0,320.0
infant7,2649,322.44,3.3876124877776292,1.3702375780893485,0.0,7.655098758744669,316.0,328.0,320.0,324.0,324.0
infant7,2650,327.6,2.857142857142857,1.7612611437054218,0.0,2.6676294297456886,324.0,332.0,324.5,328.0,330.0
infant7,2651,326.8,3.917516914514882,2.390457218668787,0.0,20.68123034329696,320.0,332.0,324.0,328.0,330.0
infant7,2652,319.84,4.568570535155814,2.2131333406899527,0.0,74.82639829373558,312.0,328.0,316.0,320.0,324.0
infant7,2653,317.36,2.5051783104894825,2.0203050891044216,0.0,14.930835869198367,312.0,322.0,316.0,318.0,320.0
infant7,2654,317.4,2.7774602993176543,2.0603150145508513,0.0,7.352599617758947,312.0,322.0,316.0,318.0,320.0
infant7,2655,316.48,2.7273370431501083,1.958758457257441,0.0,9.496117428994358,312.0,322.0,314.0,316.0,318.0
infant7,2656,318.92,2.947430565556297,1.6413036132965795,0.0,4.82010815560232,312.0,324.0,316.0,320.0,321.5
infant7,2657,320.72,1.19591140208322,1.5649215928719031,0.0,1.3745795870354118,318.0,324.0,320.0,320.0,322.0
infant7,2658,322.64,3.5786213284231256,1.6659862556700857,0.0,3.539637455257552,318.0,332.0,320.0,322.0,324.0
infant7,2659,328.12,4.649511714543094,1.6413036132965795,0.0,2.0749455478135097,320.0,336.0,324.0,330.0,332.0
infant7,2660,327.64,4.860335085450091,2.0,0.0,118.9117888177822,320.0,336.0,324.0,328.0,331.5
infant7,2661,322.44,3.163310072099303,2.1189138534559038,0.0,11.147098475042922,318.0,330.0,320.0,322.0,324.0
infant7,2662,322.92,2.8344815600539217,1.8294640678379568,0.0,4.8338263611609715,318.0,330.0,320.0,322.0,324.0
infant7,2663,326.88,3.33589017584604,1.958758457257441,0.0,7.495380825116223,322.0,334.0,324.0,326.0,330.0
infant7,2664,329.36,3.268651347674307,2.080031396937291,0.0,26.38258818884251,324.0,336.0,326.0,328.0,332.0
infant7,2665,329.0,2.9485382057928993,1.6659862556700857,0.0,10.292200009943665,326.0,336.0,326.0,328.0,330.0
infant7,2666,328.28,1.979898987322333,1.7842851423995423,0.0,15.634019067441892,324.0,332.0,326.0,328.0,330.0
infant7,2667,328.84,2.0239383712485526,2.2314999074019015,0.0,7.080763615694552,324.0,332.0,328.0,329.0,330.0
infant7,2668,326.36,3.869082051128839,2.3733211036908783,0.0,23.828184531207175,320.0,332.0,324.0,328.0,330.0
infant7,2669,320.48,3.693568596843957,2.457807219155036,0.0,12.143327161307074,316.0,328.0,318.0,320.0,323.5
infant7,2670,325.56,9.850225315976799,2.4907993963089563,0.0,13.773244910653933,316.0,344.0,318.0,320.0,333.5
infant7,2671,328.68,7.555076682170035,2.5394841192330255,0.0,36.442515878903606,320.0,344.0,322.5,326.0,333.5
infant7,2672,321.72,3.3076287825669475,2.2131333406899527,0.0,58.89869934841953,316.0,328.0,318.5,322.0,324.0
infant7,2673,319.64,2.4806187509883704,1.8735538640862859,0.0,19.42803652638991,316.0,326.0,318.0,320.0,321.5
infant7,2674,334.28,18.236585788586904,3.1298431857438063,0.0,14.597454071226434,316.0,370.0,320.0,322.0,355.5
infant7,2675,357.6,16.5615734242165,4.2185208743524,0.0,1.6589440697614621,322.0,394.0,350.5,358.0,365.5
infant7,2676,369.56,14.270220169060792,4.453844933748542,0.0,17.733678966321413,350.0,394.0,356.5,368.0,382.0
infant7,2677,359.4,18.86688060261869,3.475864303027554,0.0,15.390218382545,332.0,394.0,345.0,356.0,375.0
infant7,2678,336.48,12.749133624025804,2.249716535431946,0.0,39.179410478232825,320.0,366.0,328.0,332.0,344.0
infant7,2679,322.52,5.3270200729059445,1.979486637221574,0.0,38.79673882144078,314.0,332.0,318.0,322.0,327.5
infant7,2680,317.36,1.6383167070664517,1.5649215928719031,0.0,0.21269291265150514,314.0,322.0,316.0,318.0,318.0
infant7,2681,316.64,1.173865061952808,1.3401187885209798,0.0,4.83132541432718,314.0,318.0,316.0,316.0,318.0
infant7,2682,317.76,2.6384906012834732,1.8070158058105026,0.0,20.256296490733938,314.0,324.0,316.0,318.0,320.0
infant7,2683,319.56,2.5327245956777493,2.1189138534559038,0.0,2.3011278941228865,314.0,324.0,318.0,320.0,322.0
infant7,2684,320.08,1.8498758921415595,1.958758457257441,0.0,20.24321218866737,316.0,324.0,320.0,320.0,322.0
infant7,2685,316.48,4.031711035968602,2.0,0.0,14.065329902345121,310.0,324.0,314.0,316.0,320.0
infant7,2686,316.0,4.965184913423648,2.138089935299395,0.0,17.884768176631407,310.0,328.0,312.0,314.0,318.0
infant7,2687,323.8,6.518419740885618,2.3211538298959886,0.0,2.840078863192032,310.0,334.0,318.0,325.0,330.0
infant7,2688,323.96,5.8761364510906935,2.1946130708196026,0.0,860.2122288375881,314.0,334.0,318.0,324.0,330.0
infant7,2689,316.28,4.179834973795409,1.8735538640862859,0.0,28.611679121318065,312.0,328.0,314.0,315.0,318.0
infant7,2690,313.56,1.2961481396815722,1.8735538640862859,0.0,2.7907757923111416,312.0,316.0,312.0,314.0,314.0
infant7,2691,312.6,1.7261494247992246,1.8294640678379568,0.0,9.567603913765495,310.0,316.0,312.0,312.0,314.0
infant7,2692,311.68,1.420548902246406,2.0,0.0,0.08260548117911637,308.0,314.0,310.0,312.0,312.0
infant7,2693,314.16,2.88104289507555,2.0603150145508513,0.0,7.153024256618826,308.0,320.0,312.0,314.0,316.0
infant7,2694,315.28,2.2771267251624314,1.8294640678379568,0.0,4.4372254887720715,312.0,320.0,314.0,316.0,316.0
infant7,2695,316.6,3.6421567954234177,1.8735538640862859,0.0,10.745370337915158,312.0,328.0,314.0,316.0,318.0
infant7,2696,324.88,6.690352481486353,2.407471363764674,0.0,12.65418266419915,314.0,334.0,318.0,326.0,332.0
infant7,2697,340.88,16.75348273265799,3.5799897388976194,0.0,17.894043553317022,326.0,378.0,330.0,332.0,353.5
infant7,2698,346.48,14.788633252244365,3.440455593940656,0.0,4.757027930038055,326.0,378.0,334.0,344.0,353.5
infant7,2699,332.0,11.513966674062791,2.0603150145508513,0.0,157.56641725246146,316.0,352.0,322.0,329.0,342.0
infant7,2700,320.68,3.222624105049948,1.9378085666072196,0.0,4.440154442797223,314.0,328.0,318.0,320.0,322.0
infant7,2701,319.72,2.799708439630594,1.9166296949998198,0.0,5.473979642823321,314.0,326.0,318.0,320.0,322.0
infant7,2702,321.32,2.788021022964102,1.958758457257441,0.0,6.504243203830431,316.0,326.0,318.5,322.0,324.0
infant7,2703,322.96,1.5773912847819727,2.138089935299395,0.0,6.809782158111923,320.0,326.0,322.0,324.0,324.0
infant7,2704,325.28,4.421838199349281,2.3733211036908783,0.0,3.91888854065388,318.0,334.0,322.0,324.0,328.0
infant7,2705,326.64,3.968035549544507,2.1570955529345,0.0,9.897663035105273,318.0,334.0,324.0,326.0,328.0
infant7,2706,324.8,2.6186146828319083,1.7142857142857144,0.0,25.59317660345356,318.0,328.0,322.5,326.0,326.0
infant7,2707,326.12,3.946788929895144,2.0203050891044216,0.0,3.058120618525956,318.0,334.0,322.5,326.0,328.0
infant7,2708,329.52,3.3456642670410166,2.1946130708196026,0.0,5.398251671049407,324.0,336.0,326.5,330.0,332.0
infant7,2709,326.16,5.060289577904104,2.1189138534559038,0.0,63.097468384733205,318.0,336.0,322.0,325.0,330.0
infant7,2710,326.36,6.805639918029572,2.1946130708196026,0.0,2.628217832107229,318.0,340.0,322.0,324.0,332.5
infant7,2711,334.0,7.772268862134539,2.4743582965269675,0.0,2.801376747650033,320.0,348.0,328.0,336.0,339.5
infant7,2712,331.72,7.580964345527768,2.0995626366712954,0.0,43.32277475538313,322.0,348.0,326.0,328.0,336.0
infant7,2713,323.4,3.4106675389466634,1.538618516324144,0.0,101.13799464437734,318.0,328.0,320.0,324.0,326.0
infant7,2714,323.48,4.2148425782208845,1.8294640678379568,0.0,7.801170342144477,318.0,332.0,320.0,322.0,327.5
infant7,2715,332.44,9.127576516317161,2.3211538298959886,0.0,4.041575469878664,320.0,354.0,328.0,330.0,337.5
infant7,2716,341.04,11.308223484144047,2.9416086117105715,0.0,24.13813812970624,326.0,362.0,330.0,340.0,350.0
infant7,2717,345.16,10.404786967388361,2.9137254363387344,0.0,5.2619033924162615,326.0,362.0,336.0,348.0,352.0
infant7,2718,336.6,11.59345346587056,2.457807219155036,0.0,67.40488626252946,320.0,354.0,326.0,332.0,349.5
infant7,2719,324.44,3.9235552391021224,2.4743582965269675,0.0,52.511237566273515,318.0,332.0,322.0,324.0,327.5
infant7,2720,323.24,2.646214084232762,2.0995626366712954,0.0,11.12564377313174,318.0,328.0,322.0,324.0,326.0
infant7,2721,322.12,3.21755389406681,1.8294640678379568,0.0,12.849745184151965,316.0,326.0,320.0,322.0,324.0
infant7,2722,317.96,3.4164069919571762,1.5907898179514348,0.0,26.764858925647754,314.0,326.0,316.0,316.0,320.0
infant7,2723,319.16,3.8985083489635857,1.3093073414159542,0.0,15.360148523538182,314.0,326.0,316.0,320.0,322.0
infant7,2724,331.76,12.326444113765978,2.0203050891044216,0.0,22.35192890918599,320.0,354.0,322.0,324.0,346.0
infant7,2725,344.32,9.666774571295479,2.3733211036908783,0.0,2.1536162069706695,322.0,356.0,338.5,348.0,352.0
infant7,2726,341.24,9.492338478790057,2.3733211036908783,0.0,150.50802932741226,328.0,356.0,332.0,342.0,350.0
infant7,2727,341.96,9.726798663738135,2.3733211036908783,0.0,17.827135733059745,328.0,354.0,332.0,343.0,352.0
infant7,2728,338.56,11.492961466276048,2.0603150145508513,0.0,320.9542535277869,324.0,354.0,326.5,338.0,351.5
infant7,2729,324.12,4.684494614781658,1.5907898179514348,0.0,17.554029676920287,318.0,336.0,320.0,324.0,326.0
infant7,2730,324.52,4.96206013832224,1.7842851423995423,0.0,145.18737442884543,318.0,336.0,320.0,323.0,328.0
infant7,2731,331.36,5.546684981654744,2.523360247522242,0.0,1.312956108760287,322.0,342.0,328.0,330.0,336.0
infant7,2732,334.24,4.774763590685803,2.6802375770419595,0.0,15.455929185733341,324.0,342.0,330.5,334.0,338.0
infant7,2733,349.4,21.404748662530995,6.006798869036754,0.0,3.875107520421207,330.0,412.0,334.0,340.0,369.5
infant7,2734,364.24,18.61156103290728,6.724915597679897,0.0,1.313568141594386,340.0,412.0,349.0,360.0,375.5
infant7,2735,356.6,13.99854219815297,4.544563920167676,0.0,3.0991138420972906,338.0,408.0,348.0,354.0,360.0
infant7,2736,349.96,6.0270140168398205,4.050699108216522,0.0,2.229011535229086,338.0,360.0,346.0,349.0,356.0
infant7,2737,347.64,7.087672540461807,3.989782869648269,0.0,52.96976506824263,334.0,360.0,342.0,347.0,354.0
infant7,2738,346.28,8.33002927696548,3.487587318781058,0.0,11.32272924753155,334.0,364.0,340.0,346.0,354.0
infant7,2739,353.68,10.608891149812568,6.324555320336759,0.0,1.0156173225971405,334.0,374.0,346.5,356.0,360.0
infant7,2740,354.2,11.614558070958768,6.331005658902954,0.0,4.069335133257153,334.0,376.0,344.5,355.0,363.5
infant7,2741,346.8,8.989790127172727,3.282607226593159,0.0,5.555445124415534,336.0,376.0,342.0,345.0,348.0
infant7,2742,352.36,14.499486268168823,4.228185310556784,0.0,8.563907631815754,336.0,388.0,342.0,346.0,363.5
infant7,2743,365.88,16.395171016279804,5.006118705124352,0.0,0.7935792919192259,336.0,394.0,354.5,367.0,380.0
infant7,2744,359.0,17.03417932587662,4.426266681379905,0.0,71.98111499459787,336.0,394.0,343.0,358.0,371.5
infant7,2745,352.68,10.78631029573683,3.7688302737922625,0.0,9.135822429974569,336.0,374.0,342.5,352.0,362.0
infant7,2746,348.96,11.988021232097669,3.2071349029490928,0.0,22.635460985895683,334.0,374.0,338.5,344.0,362.0
infant7,2747,346.68,9.894215997444245,2.8996833043120627,0.0,27.183032817688428,334.0,370.0,338.5,344.0,351.5
infant7,2748,348.4,11.335333957072784,2.9692299558323607,0.0,22.300824269545313,330.0,370.0,340.0,349.0,356.0
infant7,2749,337.72,9.134013580109931,2.0203050891044216,0.0,41.81705579733031,330.0,364.0,332.0,334.0,339.5
infant7,2750,342.28,13.938699614339047,3.907084094622098,0.0,8.125922148544278,326.0,372.0,332.0,334.0,355.5
infant7,2751,349.96,10.625268303935306,4.633507068636244,0.0,10.82691091281507,326.0,372.0,346.0,350.0,355.5
infant7,2752,348.08,6.272193249834168,6.207303137828695,0.0,14.943383042198061,328.0,362.0,344.0,350.0,351.5
infant7,2753,352.76,12.52517464948094,6.246631745450127,0.0,6.2662500049934025,328.0,384.0,344.0,350.0,357.5
infant7,2754,354.56,11.464514906476257,3.8332593899996397,0.0,7.089790981539712,340.0,384.0,346.5,350.0,361.0
infant7,2755,364.36,15.116904985033496,3.865071216705338,0.0,17.79238777662354,344.0,390.0,350.0,364.0,378.0
infant7,2756,360.64,18.394497846378087,3.8119040183218096,0.0,65.20107798125245,336.0,390.0,344.0,358.0,378.0
infant7,2757,349.84,11.751439338677294,3.7252585172586565,0.0,11.338190652173148,336.0,388.0,344.0,348.0,352.0
infant7,2758,350.24,13.159244442053438,4.090806018078958,0.0,4.483217944648145,334.0,388.0,340.0,348.0,355.0
infant7,2759,345.92,8.378397879094079,2.9554515522253144,0.0,92.14781046488181,334.0,368.0,340.0,346.0,351.5
infant7,2760,347.2,7.068181072487418,6.577636818983621,0.0,6.379096575558382,338.0,372.0,342.0,347.0,352.0
infant7,2761,356.44,14.491602071967229,7.033447785766383,0.0,3.134802405733302,338.0,386.0,344.0,354.0,371.0
infant7,2762,366.12,11.251557715285834,9.19627253681776,0.0,6.983034364975516,344.0,394.0,362.0,366.0,374.0
infant7,2763,359.8,10.44519223453195,9.021516230769683,0.0,12.653823330409194,342.0,394.0,352.5,360.0,366.0
infant7,2764,348.08,7.227611455172363,2.8713930346059686,0.0,3.3191209696182606,338.0,366.0,342.0,346.0,354.0
infant7,2765,341.2,5.656854249492381,6.369570517030843,0.0,0.2603123616639838,326.0,360.0,338.0,341.0,342.0
infant7,2766,342.88,6.738981937282545,6.70668262531743,0.0,3.4210629703335624,326.0,360.0,338.0,342.0,347.5
infant7,2767,347.6,4.763809143009447,2.9554515522253144,0.0,4.8659420101193085,336.0,356.0,344.0,348.0,351.5
infant7,2768,345.48,4.6565293197962845,2.1946130708196026,0.0,5.024320616323692,338.0,356.0,342.0,344.0,348.0
infant7,2769,351.0,15.291721116142472,3.958973274443148,0.0,3.933098079146543,338.0,394.0,342.0,346.0,351.5
infant7,2770,354.32,16.39492206104546,4.140393356054125,0.0,6.968261395759851,336.0,394.0,344.0,348.0,363.0
infant7,2771,349.36,9.826577870910159,5.221619109284876,0.0,12.86626059345817,336.0,380.0,342.0,350.0,352.0
infant7,2772,348.08,5.656276990013405,8.666143364630344,0.0,1.3132516186465013,324.0,362.0,346.0,348.0,350.0
infant7,2773,348.8,5.728553615932406,7.273098320775918,0.0,1.9112345995421602,324.0,362.0,346.0,348.0,353.5
infant7,2774,359.6,15.0590673749765,14.991153854108463,4.081632653061225,3.9546319808448365,342.0,416.0,350.0,355.0,368.0
infant7,2775,366.12,13.34264300837655,15.148247019213215,4.081632653061225,1.3190027882498498,342.0,416.0,358.0,368.0,372.0
infant7,2776,354.84,11.822427666023902,8.035634920242991,0.0,185.4851584447451,322.0,376.0,346.0,351.0,365.5
infant7,2777,344.04,5.591392802279925,8.64728340024089,0.0,2.4678513097497783,322.0,362.0,342.0,344.0,347.5
infant7,2778,347.48,6.722608823050401,5.540205551332948,0.0,5.509758213637551,328.0,362.0,342.0,347.0,351.5
infant7,2779,362.52,12.518133785408581,5.656854249492381,0.0,30.199026647153456,342.0,386.0,352.0,359.0,372.0
infant7,2780,366.28,10.053002394451976,5.166611805721464,0.0,4.916130417127896,348.0,386.0,360.0,364.0,373.5
infant7,2781,351.32,10.298484136522427,5.299210568854688,0.0,37.461382065270385,328.0,374.0,342.0,349.0,361.5
infant7,2782,352.6,13.439205515876269,5.518059404522276,0.0,11.11363437303689,328.0,384.0,342.0,348.0,361.5
infant7,2783,354.8,11.52813771533258,3.6027200608338545,0.0,30.165048660334847,342.0,384.0,346.0,348.0,361.5
infant7,2784,353.96,13.251045395803029,3.8119040183218096,0.0,7.367619265088239,342.0,390.0,346.0,348.0,355.5
infant7,2785,354.24,14.13428311530774,3.958973274443148,0.0,14.785149026721735,336.0,390.0,344.0,348.0,363.5
infant7,2786,343.8,6.895724792084098,3.077237032648288,0.0,34.898632482006334,336.0,366.0,340.0,342.0,344.0
infant7,2787,341.04,2.5311125246114403,2.634155559226539,0.0,3.332421230603413,336.0,346.0,340.0,340.0,342.0
infant7,2788,343.64,6.912750715090165,3.010186786529354,0.0,6.733103659491719,336.0,362.0,340.0,342.0,346.0
infant7,2789,359.68,17.526004003381107,4.080816244881628,0.0,4.659376960100813,336.0,386.0,342.0,358.0,378.0
infant7,2790,366.76,12.100868580732676,7.412069583470198,0.0,18.560377034424004,334.0,386.0,358.0,364.0,378.0
infant7,2791,354.6,10.608044694706841,6.928203230275509,0.0,12.478064359644092,334.0,376.0,346.0,355.0,362.0
infant7,2792,341.52,11.157938511962445,2.649605284427344,0.0,37.612356544733075,330.0,366.0,334.0,337.0,346.0
infant7,2793,351.2,19.302109433205185,3.865071216705338,0.0,32.954014509875385,330.0,382.0,334.0,344.0,372.0
infant7,2794,366.68,14.788909247631953,4.755233422026639,0.0,12.198148958634972,346.0,404.0,354.0,367.0,376.0
infant7,2795,363.68,19.907377362912165,5.3528554271986275,0.0,15.654221923476475,340.0,404.0,348.0,359.0,377.5
infant7,2796,353.4,18.003401039236778,4.435478484645721,0.0,123.55406271748569,338.0,402.0,342.0,346.0,359.5
infant7,2797,341.32,3.395314899284913,2.4743582965269675,0.0,11.363898701867358,334.0,350.0,340.0,340.0,343.5
infant7,2798,346.04,8.518790754465526,3.1298431857438063,0.0,28.249925640702497,334.0,364.0,340.0,342.0,352.0
infant7,2799,349.12,7.093083725340754,5.405967979549858,0.0,5.264821496401101,336.0,364.0,344.0,350.0,353.5
infant7,2800,343.0,6.752172741769414,9.672177645606148,0.0,9.209435929199854,318.0,362.0,340.0,342.0,346.0
infant7,2801,342.24,5.6804713802677345,8.637837975903414,0.0,1.9514421194153155,318.0,362.0,340.0,342.0,344.0
infant7,2802,341.0,3.5283111529224196,2.4907993963089563,0.0,13.940018741182532,334.0,348.0,338.0,340.0,344.0
infant7,2803,337.28,2.6422006906735755,3.219836477024184,0.0,0.7464000883894053,330.0,342.0,336.0,338.0,339.5
infant7,2804,333.88,4.089009660052175,3.5456210417116734,0.0,2.078056254890513,326.0,342.0,330.0,334.0,336.0
infant7,2805,332.76,4.963376072877849,6.8452277432633934,0.0,16.54583765500147,316.0,350.0,330.0,332.0,334.0
infant7,2806,329.8,6.340668863192042,7.159979477795239,0.0,17.79572864076869,314.0,350.0,326.0,330.0,334.0
infant7,2807,322.88,3.9208495539219297,3.5799897388976194,0.0,1.246452377748661,314.0,330.0,320.0,322.0,326.0
infant7,2808,320.68,4.705359514773054,6.246631745450127,0.0,13.829113506886916,308.0,340.0,318.0,320.0,322.0
infant7,2809,323.32,6.852498427134263,8.141603913585719,0.0,5.5447826595000045,294.0,340.0,320.0,324.0,326.0
infant7,2810,329.6,8.221425468536092,12.25244665279518,2.0408163265306123,0.7673739292885585,294.0,362.0,326.0,328.0,332.0
infant7,2811,336.24,6.189391846423316,5.649634266652911,0.0,4.592461540687206,320.0,362.0,332.0,337.0,340.0
infant7,2812,338.32,6.17248668177864,6.420630015498352,0.0,21.9778440856917,320.0,350.0,334.0,338.0,342.0
infant7,2813,336.76,6.4255866086534175,6.464976285134148,0.0,5.73452576540987,320.0,350.0,332.0,334.0,340.0
infant7,2814,342.08,7.989380707015573,3.1687247161169765,0.0,10.163560454824195,332.0,358.0,334.0,342.0,346.0
infant7,2815,347.48,4.5680344542823015,2.6649654437396615,0.0,1.3312966049497625,338.0,358.0,344.0,346.0,350.0
infant7,2816,338.44,9.339754836619818,2.4743582965269675,0.0,11.04688956024853,322.0,352.0,330.0,342.0,346.0
infant7,2817,325.48,7.019622642337431,4.160062793874582,0.0,15.273055076328458,310.0,342.0,320.0,324.0,330.0
infant7,2818,320.2,3.7742413753208304,5.778213833187624,0.0,6.483525870651884,306.0,330.0,318.0,320.0,322.0
infant7,2819,328.48,11.446842537644724,4.940461847368738,0.0,37.69202355074992,306.0,354.0,320.0,324.0,337.0
infant7,2820,338.0,8.407965125464091,6.483888981662981,0.0,36.02370629917432,318.0,354.0,332.5,338.0,344.0
infant7,2821,336.96,5.543740724861669,6.337449432233953,0.0,1.200471880683274,318.0,350.0,334.0,336.0,340.0
infant7,2822,332.52,5.448235063405621,3.319700011034929,0.0,11.817576686450568,316.0,340.0,330.0,334.0,336.0
infant7,2823,323.56,7.9620528580439425,3.1036515689143473,0.0,26.110929448551257,312.0,340.0,316.5,320.0,330.0
infant7,2824,314.8,3.0237157840738176,2.0203050891044216,0.0,19.307946882002224,308.0,320.0,312.0,316.0,317.5
infant7,2825,317.28,5.402342651336453,2.0995626366712954,0.0,16.644812999910073,308.0,328.0,312.0,316.0,321.5
infant7,2826,322.28,2.587568396020023,2.1946130708196026,0.0,14.654539649723656,316.0,328.0,320.0,322.0,324.0
infant7,2827,319.24,4.018122213478453,2.080031396937291,0.0,9.151650936371666,312.0,328.0,316.0,320.0,322.0
infant7,2828,317.16,2.5900910077778017,1.7612611437054218,0.0,4.234683968193384,312.0,322.0,316.0,317.0,318.0
infant7,2829,319.44,2.4257126030618426,2.3211538298959886,0.0,0.5382251245313114,316.0,324.0,318.0,320.0,322.0
infant7,2830,318.84,4.482892652140161,6.350317363112248,0.0,3.5452603937610636,296.0,330.0,318.0,320.0,320.0
infant7,2831,324.2,8.381222939355787,6.207303137828695,0.0,30.472131488289698,296.0,336.0,318.0,323.0,332.0
infant7,2832,330.68,2.6683328128252666,1.958758457257441,0.0,0.4032119114437909,322.0,336.0,328.5,332.0,332.0
infant7,2833,328.0,3.475864303027554,1.979486637221574,0.0,1.1430813232848855,318.0,332.0,326.0,328.0,331.5
infant7,2834,321.48,5.949584104826838,5.613395058396715,0.0,18.13941047380617,300.0,332.0,318.0,320.0,326.0
infant7,2835,315.16,4.142167430272244,5.76406885766629,0.0,1.389215403780294,300.0,330.0,312.0,316.0,318.0
infant7,2836,312.64,4.129337546317638,6.65781725584631,0.0,0.23992517694658064,294.0,330.0,312.0,312.0,314.0
infant7,2837,313.0,4.6467017049401695,6.546536707079771,0.0,1.5234360337358415,294.0,330.0,312.0,312.0,314.0
infant7,2838,318.52,5.908278522720541,3.475864303027554,0.0,24.776088375405557,310.0,336.0,314.0,320.0,322.0
infant7,2839,322.24,4.033330522290582,4.4077853201547175,0.0,15.596105656548337,312.0,336.0,320.0,322.0,324.0
infant7,2840,331.2,17.10471948239516,4.526565576501389,0.0,7.847532436639527,312.0,372.0,322.0,324.0,331.0
infant7,2841,342.6,14.224153071879003,5.436085025840128,0.0,6.190942460851912,322.0,372.0,329.0,342.0,350.0
infant7,2842,342.84,4.833387285647739,4.686062704816207,0.0,2.0420415803484526,328.0,356.0,340.0,342.0,346.0
infant7,2843,335.72,6.951846032911411,2.4411439272335804,0.0,28.311561449949018,324.0,348.0,330.0,337.0,340.0
infant7,2844,328.96,3.7955935783807124,2.5555062599997598,0.0,4.848897040407205,322.0,338.0,326.0,329.0,330.0
infant7,2845,324.36,4.601508182218131,2.3386722205349857,0.0,12.222142321824043,318.0,336.0,320.0,323.0,328.0
infant7,2846,318.6,3.2134919654862837,3.7142857142857144,0.0,5.496520877870963,312.0,326.0,316.0,318.0,320.0
infant7,2847,317.16,2.743154745759647,3.5456210417116734,0.0,0.38119917002420817,312.0,326.0,316.0,316.0,318.0
infant7,2848,328.76,16.998871511163944,2.9416086117105715,0.0,9.264026208042422,314.0,366.0,318.0,322.0,329.5
infant7,2849,356.04,41.92411025183675,52.50461592924522,4.081632653061225,3.0333854531954803,318.0,604.0,330.5,354.0,366.0
infant7,2850,355.8,40.057611572558336,52.46106427919779,4.081632653061225,0.20985365325761035,332.0,604.0,338.0,342.0,364.5
infant7,2851,336.04,4.597958730762589,3.4166459266003995,0.0,7.126893451517682,324.0,344.0,332.0,336.0,339.5
infant7,2852,334.04,3.1941272641508567,3.440455593940656,0.0,1.7292301701260502,324.0,340.0,332.0,334.0,336.0
infant7,2853,336.6,4.145319465299117,2.4411439272335804,0.0,4.809543138063854,328.0,346.0,334.0,336.0,338.0
infant7,2854,332.0,7.194101892579527,2.2314999074019015,0.0,70.0247672592997,324.0,346.0,326.0,328.0,338.0
infant7,2855,328.28,5.030681375523679,6.833291853200799,0.0,3.1181252655118854,314.0,350.0,326.0,327.0,330.0
infant7,2856,331.12,6.049590979595907,6.898683695799792,0.0,3.243586602405713,314.0,350.0,326.5,330.0,334.0
infant7,2857,335.16,5.614703728531335,2.1759351731039738,0.0,5.2743379389862435,324.0,342.0,330.0,338.0,340.0
infant7,2858,342.64,9.410719029546108,2.8996833043120627,0.0,1.984211165915368,334.0,370.0,338.0,340.0,342.0
infant7,2859,346.92,9.899165085387509,7.439552323595164,0.0,4.298001665336757,324.0,370.0,340.0,345.0,354.0
infant7,2860,344.6,8.322578093502576,7.390009803644322,0.0,1.3997867184706978,324.0,364.0,338.5,344.0,347.5
infant7,2861,351.04,12.277339338166467,3.625307868699863,0.0,7.90814944242865,334.0,372.0,340.0,352.0,361.5
infant7,2862,367.56,15.852843690052094,4.772369453854305,0.0,1.3744652618610906,346.0,404.0,356.0,364.0,372.0
infant7,2863,372.68,15.26158308850517,4.898979485566356,0.0,5.5854063486167,352.0,404.0,358.0,372.0,385.5
infant7,2864,363.64,10.89234893428054,3.843892584878203,0.0,2.5545905681709864,350.0,388.0,354.5,360.0,372.0
infant7,2865,355.44,8.562280832887023,9.553287712743137,0.0,2.554631810123082,330.0,384.0,352.0,358.0,360.0
infant7,2866,354.44,12.798533079208408,12.155455649247227,0.0,18.79751201133966,324.0,384.0,346.5,352.0,362.0
infant7,2867,356.4,11.442848225429021,7.871415607974806,0.0,5.05145814275379,324.0,378.0,350.0,356.0,364.0
infant7,2868,350.08,9.888851690418965,3.3073819722257785,0.0,14.833819726829358,334.0,370.0,342.5,348.0,358.0
infant7,2869,340.24,5.215987980454413,4.772369453854305,0.0,22.20429889534947,328.0,350.0,336.0,342.0,344.0
infant7,2870,334.48,7.120651197003527,8.870956969291441,0.0,5.282530387286536,308.0,352.0,332.0,332.0,337.5
infant7,2871,330.8,10.38051549976283,15.690891677423979,2.0408163265306123,2.41943870869112,286.0,360.0,328.0,332.0,335.5
infant7,2872,336.28,10.932146940774894,13.7261853136735,2.0408163265306123,4.789003703605738,286.0,360.0,334.5,340.0,342.0
infant7,2873,337.96,8.146515468942184,7.505100306607827,0.0,10.467916529641315,312.0,348.0,334.5,340.0,344.0
infant7,2874,328.72,9.050966799187808,7.730142433410676,0.0,9.172677922504134,312.0,348.0,322.0,326.0,333.5
infant7,2875,323.56,2.0717733703180916,2.770102775666474,0.0,1.685973301983907,318.0,328.0,322.0,324.0,325.5
infant7,2876,325.76,5.90592922409336,9.536182439016363,2.0408163265306123,18.119875261499878,298.0,350.0,324.0,326.0,328.0
infant7,2877,329.68,6.038786200513329,9.591663046625438,2.0408163265306123,0.435399300839014,298.0,350.0,328.0,330.0,332.0
infant7,2878,331.08,2.2208657991781453,2.8855728395320224,0.0,2.458595386981032,326.0,336.0,330.0,332.0,332.0
infant7,2879,326.0,11.102490987271684,16.99939974930688,4.081632653061225,6.108558145244955,272.0,366.0,320.5,328.0,331.5
infant7,2880,317.8,15.092909539493931,25.330468867773146,8.16326530612245,0.7436303046013845,268.0,366.0,314.0,318.0,326.0
infant7,2881,312.28,10.834638330609012,18.96290686405156,4.081632653061225,1.3603612675069525,268.0,350.0,310.0,312.0,314.0
infant7,2882,320.56,17.152568677749056,3.6589281356759136,0.0,22.46808172560485,308.0,364.0,310.0,312.0,321.0
infant7,2883,334.64,16.103948051864265,4.361239292135356,0.0,5.793368853370991,312.0,364.0,322.0,333.0,350.0
infant7,2884,336.96,13.038342200868128,4.030495994190253,0.0,24.964055662384293,320.0,364.0,324.5,333.0,350.0
infant7,2885,335.32,12.92117388993266,3.6811710647786073,0.0,21.808113230164167,320.0,364.0,324.0,329.0,345.5
infant7,2886,342.04,11.749007773998168,3.356382892705923,0.0,8.167425957001802,324.0,364.0,330.5,344.0,350.0
infant7,2887,347.92,6.820856370915096,3.1036515689143473,0.0,1.3279709085788753,330.0,364.0,344.0,347.0,350.0
infant7,2888,347.72,7.623915111847262,2.695423180587601,0.0,2.1790857570449442,336.0,372.0,342.0,347.0,350.0
infant7,2889,359.12,13.541530977865456,3.0904725218262765,0.0,13.36723845777192,336.0,378.0,346.5,364.0,371.5
infant7,2890,361.08,11.394305774448599,2.424366106925306,0.0,4.690418485739456,338.0,378.0,355.0,362.0,370.0
infant7,2891,343.68,10.964581196576844,2.4411439272335804,0.0,41.18646823422712,330.0,362.0,334.0,340.0,354.0
infant7,2892,334.28,4.2187143800461495,2.6802375770419595,0.0,11.046463795016507,328.0,344.0,330.5,334.0,336.0
infant7,2893,340.48,10.883876860301394,3.1558174334820746,0.0,4.108676688374814,328.0,370.0,332.5,338.0,342.0
infant7,2894,344.04,9.61707664861345,3.0904725218262765,0.0,4.330407338611323,334.0,370.0,338.0,340.0,348.0
infant7,2895,341.92,17.997550853788244,29.517203562032243,6.122448979591836,1.2663069188932026,252.0,420.0,336.0,341.0,348.0
infant7,2896,343.12,17.60871769253827,29.52135166420455,6.122448979591836,5.169715497620925,252.0,420.0,340.0,344.0,348.0
infant7,2897,342.64,23.34633651285419,39.9141936802293,6.122448979591836,1.312186572995904,226.0,454.0,340.0,343.0,346.0
infant7,2898,342.76,23.214668128718333,39.9172613677597,6.122448979591836,0.10825465599558909,226.0,454.0,342.0,344.0,344.0
infant7,2899,342.2,4.681705602335411,2.857142857142857,0.0,14.300781939041034,332.0,352.0,338.0,342.0,344.0
infant7,2900,340.8,6.0609152673132645,2.695423180587601,0.0,18.03462684516701,332.0,352.0,336.0,338.0,346.0
infant7,2901,344.24,9.281449570107515,2.695423180587601,0.0,20.311992681370487,332.0,364.0,336.0,342.0,351.5
infant7,2902,352.76,9.492338478790057,2.8284271247461903,0.0,0.8116751105392174,334.0,368.0,348.5,354.0,360.0
infant7,2903,349.88,18.40323840179954,21.150577740939138,4.081632653061225,2.7651672286544176,236.0,368.0,344.5,352.0,358.0
infant7,2904,341.56,16.538341352562462,21.185285613619,4.081632653061225,0.5751063411433537,236.0,360.0,340.0,342.0,346.0
infant7,2905,339.6,3.2576440717118227,2.842821248876057,0.0,9.518786481886833,334.0,346.0,338.0,339.0,342.0
infant7,2906,339.4,3.238795442501324,2.457807219155036,0.0,5.66167853656663,334.0,348.0,336.5,338.0,342.0
infant7,2907,336.52,5.740084618589819,2.2677868380553634,0.0,34.387278167254394,326.0,348.0,332.0,337.0,340.0
infant7,2908,342.12,12.371197622390683,2.1946130708196026,0.0,5.313140160466683,326.0,366.0,332.0,338.0,355.0
infant7,2909,358.84,10.537319490307596,2.602981022612657,0.0,1.7546884911071627,336.0,372.0,356.0,362.0,366.0
infant7,2910,359.96,8.939616026087338,2.5714285714285716,0.0,5.059584097317634,338.0,372.0,358.0,362.0,366.0
infant7,2911,345.12,10.729779273839053,2.6186146828319083,0.0,66.25836896424576,334.0,368.0,336.0,340.0,357.5
infant7,2912,337.64,5.185379760953495,2.857142857142857,0.0,11.830357986203603,332.0,350.0,334.0,336.0,338.0
infant7,2913,339.56,6.051344933996416,2.602981022612657,0.0,59.11355941309722,332.0,350.0,334.5,338.0,344.0
infant7,2914,345.08,23.21579335763673,6.356741560367711,0.0,11.704504005437764,328.0,420.0,332.5,337.0,344.0
infant7,2915,352.88,24.777079599286672,7.188426071662357,0.0,2.2386695992014345,328.0,420.0,334.0,344.0,364.0
infant7,2916,351.92,15.075104494171974,13.06498670305563,2.0408163265306123,2.5450324080639075,318.0,394.0,342.0,346.0,362.0
infant7,2917,340.92,13.892943444462025,15.301060387423867,2.0408163265306123,2.2116040538708766,314.0,392.0,332.0,338.0,343.5
infant7,2918,332.92,5.955069868847648,8.829449794492824,0.0,24.62319620485222,314.0,362.0,330.0,332.0,334.0
infant7,2919,332.28,1.616749068662298,2.1189138534559038,0.0,34.938247674047695,328.0,334.0,332.0,332.0,334.0
infant7,2920,335.2,3.2071349029490928,2.4907993963089563,0.0,9.633829144993477,330.0,342.0,332.0,334.0,338.0
infant7,2921,339.48,6.0986448812629765,8.994329279255538,0.0,5.599093954094995,316.0,362.0,336.0,338.0,342.0
infant7,2922,333.16,12.854539418955056,16.70634732119282,4.081632653061225,15.450047184184834,304.0,372.0,324.0,332.0,342.0
infant7,2923,321.56,17.738646843452706,29.79932885150268,12.244897959183673,3.4279453472964194,266.0,372.0,318.0,320.0,328.0
infant7,2924,323.52,26.012744129423506,30.30188247671509,12.244897959183673,1.4862161646317387,254.0,370.0,314.0,318.0,328.5
infant7,2925,338.36,22.665950368834064,15.383532143967775,4.081632653061225,2.125060237584773,254.0,370.0,316.0,344.0,353.0
infant7,2926,350.12,5.290113999003138,2.040408122440814,0.0,16.30941595401079,340.0,360.0,346.0,350.0,354.0
infant7,2927,350.44,4.734415896132386,2.080031396937291,0.0,54.33486796141766,342.0,358.0,346.0,352.0,354.0
infant7,2928,356.48,11.018055682397334,2.770102775666474,0.0,3.7098556150739608,342.0,382.0,348.0,354.0,362.0
infant7,2929,360.12,8.402234882482647,3.8332593899996397,0.0,9.441090770145163,348.0,382.0,354.5,358.0,362.0
infant7,2930,351.92,5.375074750310787,3.3806170189140663,0.0,16.980868039851906,342.0,362.0,348.0,352.0,356.0
infant7,2931,360.08,16.338061234368023,3.1558174334820746,0.0,10.77267472795552,342.0,398.0,348.0,354.0,366.0
infant7,2932,367.2,12.694205652298892,3.3441999744913216,0.0,7.0723038248654335,350.0,398.0,358.0,364.0,374.0
infant7,2933,357.16,7.908559042104255,2.3211538298959886,0.0,61.59555241593521,344.0,374.0,350.5,357.0,362.0
infant7,2934,356.2,6.197431989566817,2.0995626366712954,0.0,10.499183235415572,344.0,366.0,352.0,356.0,362.0
infant7,2935,354.72,7.019041157844154,1.9166296949998198,0.0,8.595003744224062,344.0,366.0,348.0,355.0,362.0
infant7,2936,357.24,9.552347718690704,1.979486637221574,0.0,55.504377600393106,344.0,374.0,348.0,356.0,365.5
infant7,2937,363.36,6.874264339118887,3.404678653660853,0.0,1.2118419664533713,342.0,374.0,360.0,364.0,368.0
infant7,2938,380.48,27.57271647621161,6.013590051385482,0.0,20.61709886329058,342.0,434.0,362.5,369.0,396.5
infant7,2939,377.6,29.675799251654364,5.714285714285714,0.0,9.826621447051165,344.0,434.0,356.0,364.0,396.5
infant7,2940,361.84,8.73968196311093,2.842821248876057,0.0,14.314189688775,344.0,372.0,356.0,364.0,370.0
infant7,2941,368.8,2.770102775666474,1.5649215928719031,0.0,3.1500941347446862,360.0,372.0,368.0,370.0,370.0
infant7,2942,366.68,8.52951657840141,2.2314999074019015,0.0,32.89564395353494,352.0,386.0,360.5,368.0,371.5
infant7,2943,368.72,10.503721400784872,2.7255405754769875,0.0,55.877467469853634,352.0,386.0,360.5,368.0,378.0
infant7,2944,366.08,10.10928044028892,3.4166459266003995,0.0,5.305414761370782,344.0,386.0,358.5,366.0,372.0
infant7,2945,362.6,7.208271892310207,3.557114170853924,0.0,7.507700536426143,344.0,374.0,358.0,362.0,368.0
infant7,2946,368.52,6.4877907311679355,2.857142857142857,0.0,2.44775756255609,358.0,384.0,364.0,368.0,372.0
infant7,2947,372.4,5.540205551332948,2.2131333406899527,0.0,5.197287725449973,362.0,384.0,368.0,373.0,376.0
infant7,2948,368.76,7.158725231406462,2.138089935299395,0.0,24.49201659752724,354.0,378.0,364.0,370.0,374.0
infant7,2949,371.8,10.499757042864548,2.523360247522242,0.0,30.71272208696094,354.0,390.0,364.0,372.0,380.0
infant7,2950,374.4,7.999999999999998,2.0603150145508513,0.0,36.405417620876136,360.0,390.0,368.5,372.0,380.0
infant7,2951,360.8,8.64728340024089,2.3035022137995855,0.0,41.5151533975011,348.0,374.0,354.0,359.0,369.5
infant7,2952,362.24,10.831850238617442,2.4907993963089563,0.0,35.75865194643523,348.0,380.0,354.0,357.0,372.0
infant7,2953,368.56,7.762179369959739,2.2131333406899527,0.0,1.5394925834933029,356.0,380.0,360.5,370.0,374.0
infant7,2954,366.16,7.169550123933289,1.9378085666072196,0.0,18.77314134086699,356.0,384.0,360.0,365.0,372.0
infant7,2955,370.36,9.140088866624652,2.2857142857142856,0.0,25.975273772491533,360.0,386.0,362.0,368.0,380.0
infant7,2956,369.92,7.958668743154554,2.3035022137995855,0.0,32.68512028548218,360.0,386.0,364.0,367.0,374.0
infant7,2957,364.72,5.091168824543142,2.0203050891044216,0.0,10.983162835234106,356.0,376.0,360.5,366.0,368.0
infant7,2958,367.96,6.608467048771135,1.958758457257441,0.0,16.99507836050218,356.0,376.0,362.0,370.0,374.0
infant7,2959,374.0,2.6802375770419595,2.138089935299395,0.0,1.9787642837957131,368.0,380.0,372.0,374.0,376.0
infant7,2960,369.4,8.611809641772306,2.3035022137995855,0.0,29.502658042486058,354.0,380.0,360.5,374.0,376.0
infant7,2961,373.12,13.444731917242926,2.523360247522242,0.0,36.65423778976477,354.0,396.0,360.5,373.0,384.0
infant7,2962,381.0,7.442295015789203,2.695423180587601,0.0,12.169217185924177,364.0,396.0,376.0,380.0,384.0
infant7,2963,372.2,9.82499935088537,2.5071326821120348,0.0,12.613379256826184,354.0,384.0,363.0,376.0,380.0
infant7,2964,369.8,9.64047589645885,2.407471363764674,0.0,25.238338923651934,354.0,382.0,360.0,374.0,378.0
infant7,2965,374.28,5.2839379254491625,2.080031396937291,0.0,13.683258246468705,358.0,382.0,374.0,375.0,376.0
infant7,2966,368.4,8.010197582214962,1.7842851423995423,0.0,42.088569015872984,354.0,376.0,358.5,374.0,374.0
infant7,2967,366.64,8.763933512541323,2.4411439272335804,0.0,56.58046496256335,354.0,384.0,358.0,368.0,373.5
infant7,2968,373.84,6.58805350460907,2.6186146828319083,0.0,0.5612507061196513,356.0,384.0,372.0,376.0,378.0
infant7,2969,374.0,5.360475154083919,2.1759351731039738,0.0,1.8246797360755975,362.0,380.0,372.0,376.0,378.0
infant7,2970,377.36,8.773243181308,2.2314999074019015,0.0,40.49724973989176,362.0,392.0,370.5,377.0,384.0
infant7,2971,380.08,7.113769344427346,2.1946130708196026,0.0,6.966825521163168,362.0,392.0,374.5,382.0,384.0
infant7,2972,372.28,9.527703965654204,2.3211538298959886,0.0,34.64374923844069,358.0,392.0,364.0,372.0,381.5
infant7,2973,481.6,189.62949912599439,64.24697245308728,16.3265306122449,6.331595327210205,358.0,928.0,364.0,386.0,505.5
infant7,2974,486.64,186.69780886966694,64.52463538392581,16.3265306122449,36.647384847243636,366.0,928.0,372.5,388.0,505.5
infant7,2975,399.24,28.427896617978067,7.079720967636495,0.0,27.74705579613105,366.0,460.0,372.5,394.0,420.0
infant7,2976,416.96,17.460111975702837,6.910506641398757,0.0,32.88838771180916,392.0,460.0,402.5,415.0,424.0
infant7,2977,407.84,10.597188691500463,5.7214241127145105,0.0,7.270629297499469,382.0,430.0,402.0,410.0,413.5
infant7,2978,400.6,8.302937763840221,5.006118705124352,0.0,1.384957209351841,382.0,414.0,396.5,402.0,404.0
infant7,2979,395.16,7.022878065759835,3.625307868699863,0.0,4.430600069828018,380.0,408.0,392.0,395.0,401.5
infant7,2980,382.96,14.781345110148337,3.907084094622098,0.0,37.74778552432343,356.0,412.0,372.0,388.0,393.5
infant7,2981,383.28,15.353042642009006,4.140393356054125,0.0,2.7761095826046667,356.0,412.0,372.0,387.0,392.0
infant7,2982,386.32,13.182301059545324,3.368521749300456,0.0,16.27311866415867,358.0,408.0,380.0,388.0,395.5
infant7,2983,368.68,16.706884808365682,2.7847983842311326,0.0,73.49511215381756,350.0,404.0,356.0,363.0,379.0
infant7,2984,372.12,17.470254603707623,3.2071349029490928,0.0,18.442582431444542,350.0,406.0,356.0,371.0,387.5
infant7,2985,386.84,7.352245249179438,2.8855728395320224,0.0,3.8196054782216478,372.0,406.0,382.0,388.0,388.0
infant7,2986,383.08,5.513767555225848,2.2131333406899527,0.0,6.452620780145526,370.0,390.0,380.0,386.0,388.0
infant7,2987,385.12,6.835202996254024,2.5714285714285716,0.0,18.420544557586503,370.0,394.0,380.5,386.0,390.0
infant7,2988,386.68,4.268728243438147,2.249716535431946,0.0,31.41370783491202,380.0,394.0,382.5,386.0,390.0
infant7,2989,385.16,3.3341767640419957,2.040408122440814,0.0,1.7886818642341955,380.0,392.0,382.0,384.0,387.5
infant7,2990,382.84,5.925937452747671,1.8070158058105026,0.0,16.609958730714435,372.0,392.0,380.0,384.0,387.5
infant7,2991,379.36,8.09575348499421,2.4411439272335804,0.0,4.746239445017092,368.0,398.0,372.0,380.0,384.0
infant7,2992,384.68,8.709460022157002,2.857142857142857,0.0,2.6664801343030904,368.0,398.0,377.0,388.0,390.0
infant7,2993,385.08,7.463762797814573,2.6802375770419595,0.0,13.3334907917052,364.0,392.0,384.5,388.0,390.0
infant7,2994,384.52,10.13226811443801,3.077237032648288,0.0,7.189699320753131,364.0,400.0,376.5,388.0,392.0
infant7,2995,386.6,7.496938150515387,2.5714285714285716,0.0,14.912226057449553,366.0,400.0,384.0,386.0,392.0
infant7,2996,384.84,2.1030589965231936,2.1759351731039738,0.0,1.5941488812422506,380.0,390.0,384.0,384.0,386.0
infant7,2997,386.44,2.8937652895527664,2.2677868380553634,0.0,9.784121178123504,380.0,392.0,384.5,386.0,388.0
infant7,2998,387.4,6.157789160643516,2.3733211036908783,0.0,9.662927059718074,374.0,398.0,386.0,388.0,390.0
infant7,2999,385.8,6.895724792084098,2.5555062599997598,0.0,17.34908868867352,374.0,398.0,380.5,387.0,392.0
infant7,3000,384.64,4.3787986424384036,2.390457218668787,0.0,12.083993883118794,376.0,394.0,382.0,384.0,388.0
infant7,3001,373.6,11.146519544646377,2.3035022137995855,0.0,110.8387782746126,360.0,390.0,362.0,375.0,384.0
infant7,3002,371.8,12.069526477362528,2.5394841192330255,0.0,19.34981025324381,360.0,396.0,362.0,366.0,385.5
infant7,3003,385.24,9.620471370351614,2.5714285714285716,0.0,1.6808116754770792,360.0,396.0,384.0,388.0,392.0
infant7,3004,391.16,3.026144580222195,2.457807219155036,0.0,2.5392156323765094,384.0,398.0,390.0,392.0,394.0
infant7,3005,389.52,9.067186859827055,4.199125273342591,0.0,8.147132601953013,368.0,412.0,388.0,390.0,394.0
infant7,3006,390.64,12.278669076317444,4.2185208743524,0.0,2.7944291373116474,368.0,412.0,380.0,389.0,403.5
infant7,3007,391.8,9.091372900969896,2.424366106925306,0.0,11.725391498709078,376.0,408.0,386.5,392.0,398.0
infant7,3008,388.84,3.9608286084235105,2.1570955529345,0.0,24.53092924379082,378.0,396.0,386.0,388.0,392.0
infant7,3009,390.32,3.5076592578794985,2.457807219155036,0.0,1.8881245230700578,384.0,400.0,388.0,390.0,392.0
infant7,3010,393.48,9.087421223306198,3.614031611621005,0.0,0.9981815574000653,380.0,420.0,388.5,392.0,396.0
infant7,3011,393.12,9.009382864094341,3.8332593899996397,0.0,6.49691151113173,380.0,420.0,388.5,392.0,395.5
infant7,3012,391.4,4.467570220317683,3.010186786529354,0.0,5.027576205721554,382.0,402.0,390.0,392.0,394.0
infant7,3013,386.32,7.277137809185528,2.6802375770419595,0.0,2.0915123226514805,374.0,402.0,382.0,386.0,392.0
infant7,3014,376.92,9.207007091983623,2.5071326821120348,0.0,8.710181894556175,358.0,388.0,372.5,378.0,384.0
infant7,3015,363.68,11.982027357331344,2.2677868380553634,0.0,82.16412845748053,352.0,388.0,354.0,358.0,371.5
infant7,3016,394.6,50.601685863663654,8.086269541762803,0.0,48.04773780363197,352.0,502.0,354.0,366.0,424.0
infant7,3017,414.24,37.21013686771772,8.191583535332258,0.0,84.04861614778392,368.0,502.0,392.5,400.0,424.0
infant7,3018,381.2,14.382529084175108,2.9277002188455996,0.0,61.378935310859795,364.0,404.0,368.0,377.0,397.5
infant7,3019,373.76,7.609231772213625,2.8996833043120627,0.0,4.882003060202144,364.0,390.0,368.0,372.0,379.5
infant7,3020,375.84,8.27920926915421,3.295017884191656,0.0,0.5033026840385665,360.0,390.0,370.0,376.0,382.0
infant7,3021,384.08,13.6842528298115,3.625307868699863,0.0,90.56980659719069,360.0,406.0,372.0,386.0,396.0
infant7,3022,393.16,6.22162128617384,2.8713930346059686,0.0,24.26888922505305,382.0,406.0,388.0,393.0,398.0
infant7,3023,387.92,6.324039009031735,2.770102775666474,0.0,26.055388478603426,378.0,400.0,382.5,387.0,392.0
infant7,3024,391.6,9.467452300446224,3.614031611621005,0.0,9.67751322668064,378.0,410.0,382.5,389.0,398.0
infant7,3025,395.24,6.867729922304333,3.614031611621005,0.0,5.919011630700094,386.0,410.0,390.0,394.0,399.5
infant7,3026,391.08,4.261072012284884,3.1687247161169765,0.0,0.4420003379207131,382.0,400.0,388.0,392.0,394.0
infant7,3027,391.68,7.880329424379078,3.4166459266003995,0.0,1.1833877165837097,378.0,414.0,386.0,392.0,395.5
infant7,3028,387.04,11.250324258365504,3.356382892705923,0.0,12.282503454455725,368.0,414.0,380.5,386.0,395.5
infant7,3029,385.84,9.203725953578335,3.270149469217028,0.0,3.4420057023320036,368.0,404.0,382.0,386.0,392.0
infant7,3030,397.72,9.389616496917416,3.557114170853924,0.0,11.149295250262108,382.0,416.0,390.5,398.0,405.5
infant7,3031,400.96,6.739950947559648,3.3806170189140663,0.0,2.2388314623815013,390.0,416.0,396.0,399.0,407.5
infant7,3032,390.04,9.514671806837939,3.219836477024184,0.0,7.162011292725519,372.0,410.0,384.0,390.0,396.0
infant7,3033,386.84,6.286883008231,2.813959371941744,0.0,7.897210533284751,372.0,394.0,384.0,390.0,392.0
infant7,3034,385.48,6.734740878005445,2.523360247522242,0.0,18.852604194667755,370.0,394.0,380.0,388.0,392.0
infant7,3035,382.08,8.009789928198963,3.440455593940656,0.0,1.9795641633580474,368.0,402.0,378.0,380.0,386.0
infant7,3036,387.88,10.13710098235835,3.958973274443148,0.0,7.9254855260718875,368.0,406.0,380.0,387.0,396.0
infant7,3037,385.8,9.22507673769311,3.4166459266003995,0.0,36.10589720884152,372.0,406.0,378.0,384.0,391.5
infant7,3038,380.96,10.295550852039865,3.7579846965616874,0.0,6.441148828208942,364.0,406.0,374.5,380.0,386.0
infant7,3039,381.16,10.759637350690188,4.090806018078958,0.0,3.685917131091624,364.0,406.0,374.0,380.0,386.0
infant7,3040,374.96,9.18063623245432,3.0639443699324596,0.0,0.8596340676039276,360.0,394.0,366.5,376.0,382.0
infant7,3041,359.0,12.25078089972477,1.958758457257441,0.0,40.529015745156805,340.0,382.0,348.0,359.0,366.0
infant7,3042,350.32,5.036357608349875,2.2131333406899527,0.0,13.262516595450185,340.0,358.0,348.0,350.0,354.0
infant7,3043,354.28,9.389616496917416,2.8713930346059686,0.0,9.302221020770293,342.0,388.0,350.0,350.0,355.5
infant7,3044,368.76,15.069309261961978,2.813959371941744,0.0,5.850347065314401,348.0,388.0,350.0,378.0,380.0
infant7,3045,378.24,6.793033646497637,2.7255405754769875,0.0,1.8411193712375666,362.0,388.0,376.5,380.0,382.0
infant7,3046,382.2,10.963762202485654,4.59813626840888,0.0,2.5185851839059628,362.0,408.0,376.5,382.0,389.5
infant7,3047,383.68,8.846629705309086,4.314191105869,0.0,19.360176951084348,370.0,408.0,378.0,380.0,390.0
infant7,3048,381.32,7.78916044308777,3.6922422809485957,0.0,1.605630990344188,370.0,404.0,376.0,380.0,384.0
infant7,3049,380.8,7.61309291112813,3.499271061118826,0.0,3.240537096857782,372.0,404.0,376.0,379.0,382.0
infant7,3050,379.36,4.48926156374911,1.8516401995451028,0.0,4.832734565761884,372.0,388.0,376.0,380.0,382.0
infant7,3051,376.08,7.2501653746093035,2.2314999074019015,0.0,1.1453032026056016,364.0,388.0,370.0,376.0,382.0
infant7,3052,377.76,13.514255511896183,3.7361990944634345,0.0,5.61285907648012,364.0,408.0,368.5,371.0,380.0
infant7,3053,378.8,16.664761795905928,4.2185208743524,0.0,57.148272139962735,356.0,408.0,368.0,372.0,395.5
infant7,3054,370.72,14.250012531322811,3.282607226593159,0.0,49.293209291447596,356.0,404.0,358.5,364.0,381.5
infant7,3055,373.56,13.366360455888307,3.5456210417116734,0.0,42.488755579059145,356.0,402.0,362.0,370.0,384.0
infant7,3056,382.44,11.04565664015702,3.7688302737922625,0.0,48.1552506556039,362.0,402.0,372.0,384.0,391.5
infant7,3057,381.68,7.7128040905221695,3.077237032648288,0.0,3.9701842559656924,370.0,398.0,378.0,380.0,387.5
infant7,3058,379.68,5.719426259223373,2.9965967090575756,0.0,10.745359030206016,370.0,392.0,376.0,378.0,384.0
infant7,3059,378.92,6.236299268911697,3.3319725113401715,0.0,2.268431143800927,370.0,392.0,374.0,378.0,383.5
infant7,3060,384.68,11.303674677930616,3.440455593940656,0.0,20.131088479493407,370.0,410.0,376.0,382.0,395.5
infant7,3061,388.84,10.1747185690408,3.404678653660853,0.0,30.21052736623328,372.0,410.0,378.5,389.0,398.0
infant7,3062,387.6,8.369039151929604,2.5555062599997598,0.0,5.476508100530532,372.0,404.0,380.5,388.0,394.0
infant7,3063,386.04,6.6331265137142355,2.138089935299395,0.0,1.6108194881760092,376.0,404.0,382.0,385.0,390.0
infant7,3064,388.16,8.887872957816494,2.7255405754769875,0.0,6.80381996016159,376.0,404.0,380.5,384.0,398.0
infant7,3065,390.28,8.880246365400234,2.813959371941744,0.0,7.533662498598687,378.0,404.0,380.5,393.0,398.0
infant7,3066,379.36,8.641995234472942,2.5872528966106905,0.0,1.122435085016762,366.0,402.0,374.0,378.0,382.0
infant7,3067,384.24,16.018560663002333,3.917516914514882,0.0,9.434096292109304,366.0,414.0,372.0,377.0,402.0
infant7,3068,396.56,13.444003291051214,4.370588154508101,0.0,5.154831135286951,366.0,416.0,388.0,399.0,406.0
infant7,3069,402.6,8.592830423898608,4.050699108216522,0.0,2.8804669407701127,384.0,416.0,398.0,404.0,409.5
infant7,3070,395.88,13.11431683780932,3.6811710647786073,0.0,11.93069609763782,372.0,412.0,384.5,402.0,407.5
infant7,3071,388.4,7.65586343255672,3.404678653660853,0.0,5.7109942636431725,372.0,404.0,384.5,390.0,394.0
infant7,3072,383.52,9.869019759854988,3.428571428571429,0.0,148.17641083289195,366.0,396.0,374.0,387.0,392.0
infant7,3073,377.12,6.416305758911177,2.7255405754769875,0.0,2.078958146339561,366.0,390.0,372.0,376.0,381.5
infant7,3074,383.24,6.3489031673645355,1.737932151513777,0.0,9.755736341553758,372.0,392.0,378.0,385.0,388.0
infant7,3075,387.04,3.963918901948486,2.0,0.0,5.669126258367214,380.0,396.0,384.0,387.0,390.0
infant7,3076,389.28,4.6556526976156976,2.3386722205349857,0.0,40.50544857677781,380.0,396.0,386.0,388.0,394.0
infant7,3077,389.36,4.069598586231967,2.249716535431946,0.0,7.6562393687705965,380.0,396.0,386.0,388.0,392.0
infant7,3078,381.56,6.19795884768131,2.7255405754769875,0.0,20.42414988770708,372.0,392.0,376.0,380.0,387.5
infant7,3079,374.32,5.350719959186114,3.1815796359028696,0.0,7.6810182754408265,362.0,384.0,372.0,376.0,378.0
infant7,3080,376.0,9.337219793353253,3.499271061118826,0.0,1.5440951436471941,362.0,400.0,368.5,374.0,380.0
infant7,3081,377.04,10.135731903739847,3.896623341995959,0.0,3.190627961776091,364.0,404.0,368.5,376.0,382.0
infant7,3082,384.48,13.300667468290484,3.475864303027554,0.0,4.518443313374207,364.0,412.0,372.5,386.0,393.5
infant7,3083,389.44,8.76952049977183,2.813959371941744,0.0,4.04044246167961,376.0,412.0,384.0,388.0,393.5
infant7,3084,385.28,5.753579187722,2.8855728395320224,0.0,2.504247732795275,376.0,394.0,380.0,386.0,390.0
infant7,3085,387.56,5.179078792879786,2.9137254363387344,0.0,0.48020305530363616,376.0,398.0,384.0,388.0,390.0
infant7,3086,383.08,7.7217952866532,3.1943828249996997,0.0,7.636645822074148,368.0,398.0,378.0,384.0,388.0
infant7,3087,385.24,9.954098735327726,3.05059378629466,0.0,8.515039630812943,368.0,402.0,378.0,385.0,394.0
infant7,3088,388.28,8.151724495154259,2.6802375770419595,0.0,15.6704367086194,374.0,402.0,380.5,390.0,394.0
infant7,3089,387.32,6.982310008960107,2.356060357495806,0.0,15.947605811581523,374.0,398.0,384.0,388.0,392.0
infant7,3090,390.8,4.389226141639204,2.0603150145508513,0.0,2.4009620641537435,384.0,398.0,388.0,392.0,394.0
infant7,3091,385.0,8.487686158578828,2.1946130708196026,0.0,9.664316216261541,366.0,398.0,382.0,387.0,392.0
infant7,3092,368.64,13.287649628623612,2.2131333406899527,0.0,31.948595565725615,350.0,392.0,358.0,366.0,381.0
infant7,3093,356.6,4.085814184592883,1.979486637221574,0.0,4.874503242239602,348.0,366.0,354.0,357.0,359.5
infant7,3094,368.76,16.317712924979432,4.080816244881628,0.0,4.03988016190068,348.0,414.0,356.5,362.0,376.0
infant7,3095,382.48,9.744155757610377,4.314191105869,0.0,3.704241331096472,364.0,414.0,376.0,384.0,386.0
infant7,3096,383.16,3.0261445802221947,2.602981022612657,0.0,0.7471545369387298,376.0,390.0,382.0,384.0,385.5
infant7,3097,382.96,3.136096624917084,2.9692299558323607,0.0,6.301614539267227,376.0,390.0,380.5,382.0,384.0
infant7,3098,381.24,5.669683070723529,2.9554515522253144,0.0,1.817541529913004,370.0,390.0,378.5,382.0,384.0
infant7,3099,378.04,6.608467048771135,2.3733211036908783,0.0,4.831403037659507,370.0,392.0,372.0,376.0,384.0
infant7,3100,380.2,6.262945776223707,2.813959371941744,0.0,8.491591410747047,370.0,392.0,374.0,380.0,386.0
infant7,3101,383.2,3.7032803990902052,2.799416848895061,0.0,4.244545764650156,376.0,390.0,380.0,382.0,386.0
infant7,3102,376.88,7.184563952229353,2.4907993963089563,0.0,7.2111760887838,362.0,388.0,374.0,377.0,382.0
infant7,3103,382.44,12.843103445914036,3.3441999744913216,0.0,4.580251426795325,362.0,408.0,374.0,378.0,391.5
infant7,3104,391.28,5.477374613175661,3.1687247161169765,0.0,8.371111780784052,378.0,408.0,388.0,390.0,392.0
infant7,3105,390.52,2.41796001047265,2.080031396937291,0.0,5.06722309053258,386.0,396.0,388.0,390.0,392.0
infant7,3106,386.88,6.823249569954007,1.9166296949998198,0.0,21.624952079393903,374.0,396.0,378.0,390.0,392.0
infant7,3107,383.08,15.90897577482855,3.7142857142857144,0.0,13.164619860267042,364.0,426.0,372.5,378.0,389.5
infant7,3108,391.68,17.310419181663335,4.304719763805532,0.0,2.3102508735296503,364.0,426.0,372.5,397.0,402.0
infant7,3109,395.16,5.701270893048178,2.9692299558323607,0.0,5.569276826306951,388.0,408.0,390.0,394.0,399.5
infant7,3110,387.44,6.402040491044991,2.457807219155036,0.0,2.020791046599706,374.0,400.0,384.5,388.0,390.0
infant7,3111,391.88,11.083431281854542,2.7255405754769875,0.0,8.984903312944946,374.0,408.0,382.5,390.0,402.0
infant7,3112,397.72,6.916528561853755,2.9554515522253144,0.0,8.714248859612766,378.0,408.0,392.5,398.0,403.5
infant7,3113,391.56,4.870402070315204,2.5872528966106905,0.0,16.33603885953383,384.0,404.0,388.0,390.0,395.5
infant7,3114,386.16,2.88104289507555,2.424366106925306,0.0,9.618866598823391,380.0,390.0,384.0,386.0,388.0
infant7,3115,389.52,6.081890146582889,2.3035022137995855,0.0,9.300453813156214,380.0,398.0,384.0,388.0,396.0
infant7,3116,390.72,5.233487150562428,2.3386722205349857,0.0,10.726060775434398,380.0,398.0,386.0,390.0,396.0
infant7,3117,386.0,3.7471077281725718,2.695423180587601,0.0,3.077784942194806,378.0,392.0,384.0,386.0,389.5
infant7,3118,381.08,8.677533741607386,2.7255405754769875,0.0,2.302488486413184,362.0,392.0,378.0,384.0,387.5
infant7,3119,383.76,16.944760191846434,4.607004427599171,0.0,18.229699852042586,362.0,432.0,370.0,384.0,390.0
infant7,3120,399.44,17.979761865349992,5.451081150953975,0.0,0.6566087904955266,362.0,436.0,384.5,402.0,410.0
infant7,3121,396.48,14.40838757991543,3.7904283318347427,0.0,10.184197626521325,378.0,436.0,384.0,395.0,404.0
infant7,3122,388.04,5.7639272326129465,2.138089935299395,0.0,18.047891418754737,378.0,400.0,384.0,388.0,392.0
infant7,3123,392.68,6.055660195896337,2.5872528966106905,0.0,1.334922387030213,384.0,406.0,388.0,392.0,396.0
infant7,3124,398.52,8.386675535074207,2.9277002188455996,0.0,5.57064959878174,384.0,414.0,392.5,398.0,404.0
infant7,3125,402.92,5.424208773298326,2.799416848895061,0.0,4.167405881901585,394.0,414.0,398.0,402.0,406.0
infant7,3126,399.52,4.669658904643281,3.0237157840738176,0.0,2.833705846005208,386.0,410.0,396.0,400.0,403.5
infant7,3127,394.2,14.321384039831015,4.16986271980755,0.0,32.7739173322265,372.0,430.0,382.5,395.0,398.0
infant7,3128,401.92,17.644840837005738,4.257046978786097,0.0,3.136674760688169,372.0,430.0,382.5,407.0,414.0
infant7,3129,407.8,6.48074069840786,3.1815796359028696,0.0,1.452802109222237,398.0,424.0,402.0,407.0,411.5
infant7,3130,400.04,7.0507200384942585,3.1036515689143473,0.0,3.2099024853592217,386.0,410.0,398.0,402.0,406.0
infant7,3131,408.28,16.398158184281996,4.060762972443398,0.0,93.88864183108225,386.0,444.0,398.0,405.0,417.0
infant7,3132,416.0,10.720950308167838,3.8119040183218096,0.0,21.168945723389044,404.0,444.0,410.0,412.0,417.5
infant7,3133,407.8,7.082603003566023,2.695423180587601,0.0,2.2886050437720082,392.0,416.0,401.0,410.0,414.0
infant7,3134,402.36,11.722575464043901,3.5799897388976194,0.0,2.7288813202006996,378.0,416.0,396.0,405.0,412.0
infant7,3135,402.68,13.196227042729497,3.625307868699863,0.0,4.418918422145074,378.0,422.0,388.0,410.0,412.0
infant7,3136,403.4,9.2604050689382,2.5714285714285716,0.0,8.67833028394719,386.0,422.0,397.0,404.0,409.5
infant7,3137,403.24,4.8804482898811745,2.3035022137995855,0.0,0.8255036789451251,388.0,410.0,402.0,404.0,406.0
infant7,3138,403.64,3.4920317458874446,2.634155559226539,0.0,2.2035486971542664,398.0,410.0,400.0,404.0,406.0
infant7,3139,402.24,5.200313962264437,2.710523708715754,0.0,3.9283083190537895,390.0,410.0,400.0,402.0,406.0
infant7,3140,400.72,6.0979755757504455,2.3733211036908783,0.0,6.33493373417462,390.0,410.0,396.0,402.0,406.0
infant7,3141,404.48,6.934798380012831,2.8855728395320224,0.0,2.5661912269666445,390.0,418.0,400.0,405.0,408.0
infant7,3142,407.72,3.896832832243254,2.9277002188455996,0.0,1.3224480210824052,400.0,418.0,406.0,408.0,410.0
infant7,3143,403.6,5.190257749881415,2.2857142857142856,0.0,4.269908948800785,388.0,410.0,402.0,406.0,406.0
infant7,3144,402.36,10.211558077362481,2.5555062599997598,0.0,10.232583760440594,382.0,418.0,396.0,403.0,411.5
infant7,3145,404.96,10.553962405133893,2.695423180587601,0.0,27.593739094195296,382.0,418.0,400.0,405.0,414.0
infant7,3146,401.32,7.511732320109629,2.813959371941744,0.0,1.7935409015690382,390.0,418.0,396.0,400.0,404.0
infant7,3147,399.28,6.599443390258339,2.9277002188455996,0.0,20.20104413000864,386.0,412.0,394.0,400.0,404.0
infant7,3148,399.44,7.373864492314761,2.5394841192330255,0.0,14.85994536517708,386.0,412.0,394.0,400.0,404.0
infant7,3149,396.68,5.104779673032332,2.0995626366712954,0.0,1.1570727445473727,386.0,406.0,392.5,398.0,400.0
infant7,3150,395.36,4.265476024347777,2.1759351731039738,0.0,17.186314760623777,388.0,404.0,392.0,396.0,398.0
infant7,3151,394.88,7.241152236646162,2.356060357495806,0.0,4.024896930638317,382.0,406.0,390.0,394.0,401.5
infant7,3152,398.92,7.572344958020949,1.958758457257441,0.0,55.14371471065041,382.0,408.0,398.0,402.0,404.0
infant7,3153,399.4,4.503966505838413,2.040408122440814,0.0,2.4171864476320963,390.0,408.0,398.0,400.0,402.0
infant7,3154,398.72,4.476879379611633,2.2314999074019015,0.0,4.803370266739308,390.0,408.0,396.0,398.0,402.0
infant7,3155,400.4,2.9965967090575756,2.1189138534559038,0.0,5.389142448620709,394.0,408.0,398.0,400.0,402.0
infant7,3156,396.72,4.638085460046406,2.1759351731039738,0.0,20.189427872597303,386.0,402.0,394.5,398.0,400.0
infant7,3157,391.56,6.966860329958027,2.602981022612657,0.0,2.154317474439251,378.0,406.0,386.0,392.0,396.0
infant7,3158,399.04,11.663583654840796,2.8284271247461903,0.0,9.326965588250623,378.0,416.0,386.5,404.0,407.5
infant7,3159,403.88,5.847169208694241,2.4411439272335804,0.0,34.23159286229171,396.0,416.0,398.5,402.0,407.5
infant7,3160,399.76,1.790678813256274,1.737932151513777,0.0,0.3987090063950537,396.0,404.0,398.0,400.0,400.0
infant7,3161,398.2,2.920721185751553,2.1946130708196026,0.0,13.341507529852858,392.0,402.0,396.0,398.0,400.0
infant7,3162,397.08,2.3633252257040245,2.6649654437396615,0.0,3.7693781319892987,392.0,402.0,396.0,398.0,398.0
infant7,3163,400.32,3.0334193005684567,2.5555062599997598,0.0,8.737809673016267,396.0,406.0,398.0,400.0,402.0
infant7,3164,399.36,3.884873858693379,2.2131333406899527,0.0,9.372268604585182,392.0,406.0,396.0,400.0,402.0
infant7,3165,395.16,4.042428043861253,2.040408122440814,0.0,7.812820127529074,388.0,402.0,392.5,396.0,398.0
infant7,3166,391.92,4.462268115509631,2.3386722205349857,0.0,6.762628606535552,386.0,402.0,388.0,391.0,393.5
infant7,3167,387.88,2.6313649751893147,1.9166296949998198,0.0,7.240078374021402,384.0,392.0,386.0,388.0,390.0
infant7,3168,388.56,2.9427184433334244,1.8516401995451028,0.0,4.864689055149259,384.0,394.0,386.0,388.0,392.0
infant7,3169,497.52,185.14663135482866,26.753599795930572,10.204081632653061,56.21384447010016,388.0,926.0,390.0,392.0,492.5
infant7,3170,532.0,188.2924343045321,42.3252710733029,18.367346938775512,6.321002821809312,390.0,926.0,404.0,412.0,667.5
infant7,3171,438.52,89.6285395509757,33.024418918399746,8.16326530612245,62.052686697057524,398.0,904.0,404.5,410.0,427.5
infant7,3172,412.32,12.164585601537887,4.915614438310072,0.0,5.7332116658480485,398.0,446.0,404.0,408.0,415.5
infant7,3173,411.88,6.8022805299519415,3.5799897388976194,0.0,5.626595184577884,400.0,424.0,408.0,412.0,416.0
infant7,3174,411.48,7.8434686204510315,3.319700011034929,0.0,17.501481321450218,396.0,424.0,408.0,412.0,418.0
infant7,3175,409.96,7.108373906304925,2.982944716831586,0.0,34.65279697473205,396.0,424.0,406.0,412.0,415.5
infant7,3176,406.56,8.44709828211766,3.0237157840738176,0.0,10.006828741445332,392.0,424.0,400.5,408.0,412.0
infant7,3177,397.64,4.976516280061213,2.390457218668787,0.0,12.07057732165274,392.0,410.0,394.0,396.0,400.0
infant7,3178,394.08,6.539799659915947,2.249716535431946,0.0,12.179854857609923,380.0,404.0,392.0,395.0,398.0
infant7,3179,399.4,10.23200261683999,2.8996833043120627,0.0,6.092388357018032,380.0,414.0,394.0,400.0,407.5
infant7,3180,406.08,7.8658133977461775,2.9965967090575756,0.0,27.908303405333253,392.0,418.0,400.0,408.0,413.5
infant7,3181,405.36,6.595483921841164,2.5071326821120348,0.0,4.015400686684621,394.0,418.0,402.0,405.0,408.0
infant7,3182,401.6,4.0203563655629395,1.958758457257441,0.0,2.9471320109486543,394.0,410.0,400.0,402.0,404.0
infant7,3183,396.64,4.089608533733231,1.979486637221574,0.0,4.362706301241893,388.0,402.0,394.0,396.0,400.0
infant7,3184,395.52,3.649098295106195,2.2131333406899527,0.0,6.862897294097049,388.0,402.0,394.0,394.0,398.0
infant7,3185,401.36,6.5582476504702045,2.3386722205349857,0.0,2.827907023623423,390.0,416.0,396.5,400.0,404.0
infant7,3186,404.6,7.01310726207633,2.9692299558323607,0.0,13.608788547808217,392.0,416.0,400.0,404.0,410.0
infant7,3187,402.36,5.7950013646526894,2.770102775666474,0.0,8.411678925921997,392.0,416.0,400.0,402.0,404.0
infant7,3188,399.8,2.747912008810192,2.1759351731039738,0.0,3.1836566213334088,394.0,404.0,398.0,400.0,402.0
infant7,3189,393.72,5.510805711675629,2.4411439272335804,0.0,19.51484084659558,382.0,402.0,390.0,395.0,398.0
infant7,3190,396.64,9.809949135485684,2.799416848895061,0.0,12.410517459927712,382.0,416.0,388.5,394.0,405.5
infant7,3191,397.84,9.150354069206104,2.6649654437396615,0.0,13.285213512273474,382.0,416.0,390.0,398.0,405.5
infant7,3192,396.12,7.9324700839431515,2.2857142857142856,0.0,3.729108767557127,384.0,416.0,390.5,396.0,398.0
infant7,3193,400.4,6.904597699196897,2.3386722205349857,0.0,19.03609888225497,390.0,416.0,396.0,398.0,404.0
infant7,3194,399.96,4.526385231650762,2.407471363764674,0.0,5.199759314605481,390.0,412.0,396.0,400.0,402.0
infant7,3195,397.88,3.6232807323344574,2.5714285714285716,0.0,3.2702138035373673,388.0,404.0,396.0,398.0,400.0
infant7,3196,396.28,3.747325576940418,2.424366106925306,0.0,2.168748372978778,388.0,402.0,394.0,398.0,398.0
infant7,3197,384.84,12.223029451800885,2.5394841192330255,0.0,71.04373178858138,368.0,402.0,372.0,386.0,398.0
infant7,3198,380.32,8.411459627271862,2.5714285714285716,0.0,11.03499999649103,368.0,398.0,372.0,380.0,387.5
infant7,3199,392.08,6.298169478150791,2.457807219155036,0.0,4.31787866599047,380.0,402.0,388.0,394.0,398.0
infant7,3200,399.12,3.185682254803738,2.356060357495806,0.0,7.4969321019251165,392.0,408.0,396.5,399.0,401.5
infant7,3201,398.52,3.807832958092397,2.3211538298959886,0.0,2.9016035140239547,390.0,408.0,396.0,398.0,400.0
infant7,3202,391.52,5.338500897886474,2.5872528966106905,0.0,3.219045647961548,382.0,400.0,388.0,392.0,396.0
infant7,3203,387.04,3.5968239958528496,2.6802375770419595,0.0,1.6745877453115858,380.0,394.0,384.0,388.0,390.0
infant7,3204,407.12,28.694477887295488,5.299210568854688,0.0,2.7674332039376552,380.0,494.0,386.0,394.0,416.0
infant7,3205,418.08,34.551257397598455,9.441549509633317,0.0,14.400647575806493,378.0,518.0,391.0,410.0,431.5
infant7,3206,399.4,30.05640955107647,7.835033829029764,0.0,4.472618884189642,368.0,518.0,382.0,391.0,407.0
infant7,3207,409.52,34.358399145430724,7.356796108333562,0.0,127.15586106793548,368.0,494.0,384.5,400.0,424.5
infant7,3208,405.2,36.34303683693222,7.34013290209436,0.0,12.803426074401445,370.0,494.0,378.0,388.0,424.5
infant7,3209,377.56,9.374651013912626,2.9692299558323607,0.0,5.439193338161511,364.0,408.0,370.5,376.0,382.0
infant7,3210,374.92,7.496502585900185,2.2677868380553634,0.0,1.6556526168956396,364.0,392.0,368.0,374.0,378.0
infant7,3211,379.08,7.430878762547096,3.0371845179241856,0.0,8.254757396412135,364.0,392.0,374.0,380.0,384.0
infant7,3212,378.44,4.853612162133288,3.0237157840738176,0.0,30.34030473527464,370.0,392.0,376.0,378.0,380.0
infant7,3213,374.56,3.2836018053848326,2.356060357495806,0.0,1.5644964985573417,368.0,382.0,372.0,374.0,376.0
infant7,3214,374.08,6.974706489325905,2.6649654437396615,0.0,5.05338452093822,360.0,388.0,370.0,374.0,378.0
infant7,3215,373.56,6.776791125538964,3.487587318781058,0.0,5.601733145586725,360.0,388.0,370.0,373.0,377.5
infant7,3216,374.2,2.864276807966203,3.2071349029490928,0.0,1.0262026017357941,368.0,380.0,372.0,374.0,376.0
infant7,3217,377.36,6.147041764050378,2.710523708715754,0.0,2.5023568476492737,368.0,392.0,374.0,376.0,379.5
infant7,3218,374.96,8.164032616999307,2.740475156178697,0.0,13.798642233309387,362.0,392.0,368.5,372.0,381.5
infant7,3219,375.68,6.991073024995257,3.0639443699324596,0.0,20.282067917434063,362.0,388.0,370.0,376.0,380.0
infant7,3220,370.44,11.294137905143899,3.1943828249996997,0.0,11.331492446783464,356.0,388.0,358.5,373.0,380.0
infant7,3221,360.56,3.6820579871056025,2.407471363764674,0.0,3.8434425632972595,356.0,370.0,358.0,360.0,362.0
infant7,3222,368.76,8.532195927599107,2.080031396937291,0.0,37.86060637005598,356.0,386.0,360.0,368.0,376.0
infant7,3223,376.72,4.3847602498859155,2.523360247522242,0.0,7.9687383284508675,368.0,386.0,374.0,376.0,380.0
infant7,3224,374.4,5.924697529522206,3.1815796359028696,0.0,4.987979890050112,360.0,384.0,370.5,376.0,379.5
infant7,3225,377.28,7.348580315480074,3.8332593899996397,0.0,3.779011626902147,360.0,386.0,374.0,378.0,384.0
infant7,3226,377.32,7.335794268586081,3.3806170189140663,0.0,18.81418749494653,360.0,386.0,372.0,379.0,384.0
infant7,3227,371.76,5.475585887950854,2.424366106925306,0.0,4.502634811276193,360.0,384.0,368.0,372.0,376.0
infant7,3228,377.2,6.77329690921697,2.3386722205349857,0.0,7.656547502902301,364.0,388.0,374.0,378.0,384.0
infant7,3229,380.12,4.452195055961332,2.5555062599997598,0.0,1.1392068899841608,372.0,388.0,376.0,382.0,384.0
infant7,3230,380.88,6.143322241529034,3.295017884191656,0.0,9.370278042323665,372.0,396.0,376.0,380.0,386.0
infant7,3231,379.36,6.595483921841164,3.7361990944634345,0.0,7.480207337745877,372.0,396.0,374.0,377.0,385.5
infant7,3232,372.44,3.43546925173139,2.9416086117105715,0.0,1.054020425891289,366.0,380.0,370.0,372.0,374.0
infant7,3233,370.52,4.691459892013077,2.040408122440814,0.0,3.759999146360967,360.0,380.0,366.5,370.0,374.0
infant7,3234,369.88,7.596024739081272,2.3211538298959886,0.0,30.369002449539906,358.0,382.0,364.0,371.0,376.0
infant7,3235,372.96,8.845522330881453,2.6649654437396615,0.0,17.248049532177948,358.0,392.0,366.5,374.0,380.0
infant7,3236,379.24,7.170119402415692,3.4641016151377544,0.0,3.9981960984990197,366.0,396.0,376.0,378.0,383.5
infant7,3237,376.2,7.507819053411951,3.368521749300456,0.0,6.322706029658279,364.0,396.0,372.0,374.0,379.5
infant7,3238,367.2,6.540298938434056,2.9137254363387344,0.0,75.63303925350296,356.0,378.0,362.0,368.0,372.0
infant7,3239,372.08,10.165648437914095,3.1298431857438063,0.0,44.23263397633806,356.0,386.0,362.0,376.0,380.0
infant7,3240,386.16,14.216058755175862,4.4077853201547175,0.0,6.668048033548016,362.0,422.0,378.0,382.0,392.0
infant7,3241,379.44,18.326026991852938,4.571428571428571,0.0,181.8339883388836,358.0,422.0,366.0,372.0,392.0
infant7,3242,368.48,6.670801438862852,3.1298431857438063,0.0,13.066355471129047,358.0,380.0,362.0,368.0,374.0
infant7,3243,370.44,5.45542231665535,2.9277002188455996,0.0,6.613014116911032,360.0,380.0,368.0,370.0,374.0
infant7,3244,371.52,2.8445436490636897,2.813959371941744,0.0,1.430554212952453,366.0,378.0,370.0,372.0,374.0
infant7,3245,367.44,5.82801117755571,2.249716535431946,0.0,100.29386992107838,358.0,378.0,362.0,368.0,372.0
infant7,3246,367.92,6.564717069614016,2.3211538298959886,0.0,24.201622014371008,358.0,380.0,362.0,368.0,372.0
infant7,3247,372.0,4.607004427599171,2.1946130708196026,0.0,59.14336238457071,364.0,380.0,368.0,372.0,376.0
infant7,3248,367.88,5.06947648547014,2.1946130708196026,0.0,12.74711590295521,360.0,378.0,364.0,366.0,372.0
infant7,3249,370.08,5.97901090721295,2.3035022137995855,0.0,22.731504595179928,360.0,378.0,364.0,373.0,376.0
infant7,3250,378.0,5.656854249492381,2.9965967090575756,0.0,1.1454822340357271,370.0,394.0,374.0,376.0,381.5
infant7,3251,376.56,7.2623153670021745,3.05059378629466,0.0,3.310755597676617,364.0,394.0,372.0,376.0,381.5
infant7,3252,368.24,6.332810576349049,2.2131333406899527,0.0,7.072602002292535,354.0,380.0,364.0,368.0,374.0
infant7,3253,355.6,9.553287712743137,1.7842851423995423,0.0,36.986874311117994,340.0,368.0,346.5,355.0,365.5
infant7,3254,347.04,5.114844342994342,2.2314999074019015,0.0,93.00303645763309,340.0,358.0,342.0,346.0,350.0
infant7,3255,352.96,8.253533566087352,2.249716535431946,0.0,8.626774625875397,340.0,368.0,346.5,352.0,360.0
infant7,3256,356.64,5.691956372543519,1.9378085666072196,0.0,10.80694639455636,346.0,368.0,352.5,356.0,361.5
infant7,3257,355.04,3.7740250802190554,2.9692299558323607,0.0,0.6313328502088023,346.0,362.0,354.0,356.0,358.0
infant7,3258,361.52,11.425428139166833,4.060762972443398,0.0,3.4706352082031153,352.0,406.0,356.0,358.0,362.0
infant7,3259,371.96,12.945663524193446,4.266624149448022,0.0,3.434557366579178,354.0,406.0,362.0,370.0,378.0
infant7,3260,371.36,9.002856689486318,3.1815796359028696,0.0,4.265180614791963,362.0,398.0,366.0,368.0,372.0
infant7,3261,365.04,5.6023318760119505,2.3035022137995855,0.0,6.315784335523343,356.0,374.0,362.0,366.0,368.0
infant7,3262,362.32,7.265911462972494,3.0237157840738176,0.0,29.28204776547107,352.0,374.0,356.0,360.0,369.5
infant7,3263,365.24,7.633331848022907,3.116774889895918,0.0,31.4893521920702,352.0,378.0,360.0,366.0,372.0
infant7,3264,368.28,5.613540481255469,2.2314999074019015,0.0,6.731829624104816,360.0,380.0,364.0,366.0,373.5
infant7,3265,378.4,15.086147179936098,3.3441999744913216,0.0,7.516533105297,360.0,412.0,364.5,376.0,387.5
infant7,3266,383.52,11.032863709511375,3.6027200608338545,0.0,6.281712818549944,370.0,412.0,376.0,380.0,387.5
infant7,3267,377.68,3.55389984124942,3.077237032648288,0.0,11.29088366192693,370.0,384.0,376.0,378.0,380.0
infant7,3268,377.84,3.472104578505901,3.232488142567074,0.0,2.1110125390730565,370.0,384.0,376.0,378.0,380.0
infant7,3269,377.2,5.785273351804739,2.9137254363387344,0.0,2.6828013536360853,366.0,388.0,372.5,377.0,381.5
infant7,3270,377.04,8.032993190077827,2.770102775666474,0.0,19.773080145245068,366.0,392.0,370.0,375.0,386.0
infant7,3271,377.28,7.425933597596895,2.5394841192330255,0.0,36.01711407770695,368.0,392.0,372.0,374.0,383.5
infant7,3272,377.76,8.016717227272071,2.8284271247461903,0.0,5.578630171228995,364.0,394.0,372.5,376.0,384.0
infant7,3273,376.44,7.9517935340502435,3.1298431857438063,0.0,14.011376656963794,364.0,394.0,370.5,375.0,383.5
infant7,3274,373.28,5.682195608985624,2.8713930346059686,0.0,2.501271094980039,364.0,386.0,368.5,373.0,377.5
infant7,3275,378.16,8.636325749355429,3.116774889895918,0.0,17.563986723675963,364.0,396.0,370.5,378.0,386.0
infant7,3276,378.4,7.76175868983207,3.142857142857143,0.0,9.116177290500817,368.0,396.0,372.0,376.0,386.0
infant7,3277,371.44,2.139616597354178,2.5071326821120348,0.0,6.650533043445924,368.0,376.0,370.0,372.0,373.5
infant7,3278,370.68,3.513472612091685,2.4743582965269675,0.0,1.9874274784986456,362.0,378.0,368.0,372.0,372.0
infant7,3279,372.44,9.640814598489536,3.5456210417116734,0.0,16.551494555306967,360.0,396.0,364.0,371.0,377.5
infant7,3280,378.52,9.871087445005175,3.6027200608338545,0.0,2.269553766478138,360.0,396.0,376.0,382.0,384.0
infant7,3281,380.8,2.8284271247461903,2.5555062599997598,0.0,1.146210454934539,376.0,388.0,378.5,380.0,383.5
infant7,3282,376.68,4.474143402224997,1.8070158058105026,0.0,11.2397188987663,366.0,382.0,374.5,378.0,380.0
infant7,3283,377.4,9.162924406185471,3.2071349029490928,0.0,5.381423457064945,364.0,400.0,370.0,377.0,380.0
infant7,3284,371.68,20.151912858007666,7.417574277569812,0.0,48.88154275531908,346.0,436.0,354.5,369.0,386.0
infant7,3285,366.36,19.207524035956244,7.317856271351827,0.0,1.7076903546606064,346.0,436.0,354.0,360.0,371.5
infant7,3286,363.88,20.35765914132285,7.177060964045983,0.0,107.57771024148815,344.0,432.0,348.0,359.0,371.0
infant7,3287,363.44,21.518060757779967,7.6930925816207205,0.0,1.9486706682193566,344.0,432.0,348.0,354.0,371.5
infant7,3288,365.88,20.573055491221957,5.436085025840128,0.0,16.3300155718538,342.0,410.0,348.0,359.0,383.5
infant7,3289,365.2,17.08084020301157,5.283783431116266,0.0,2.0169282989689736,342.0,410.0,348.5,366.0,372.0
infant7,3290,362.2,7.764387566686396,2.710523708715754,0.0,72.33535867817959,350.0,380.0,356.0,361.0,368.0
infant7,3291,375.6,23.425086848879577,5.959043889889774,0.0,3.046305344393675,350.0,438.0,356.0,374.0,387.0
infant7,3292,380.24,20.14899602502136,6.127888739864919,0.0,6.1734879265534515,356.0,438.0,366.0,377.0,387.0
infant7,3293,370.04,6.791230840321259,3.1558174334820746,0.0,10.047704677449712,356.0,378.0,366.0,372.0,376.0
infant7,3294,371.96,10.40007849263943,3.1815796359028696,0.0,40.97188317460064,356.0,400.0,364.5,372.0,376.0
infant7,3295,376.08,12.222161203723175,3.3073819722257785,0.0,3.9991628019282848,356.0,400.0,364.5,379.0,384.0
infant7,3296,382.76,4.761923809485715,2.813959371941744,0.0,1.1949494517328656,374.0,394.0,380.0,383.0,386.0
infant7,3297,376.4,8.320125587749164,2.8996833043120627,0.0,15.7178565261267,364.0,394.0,368.5,376.0,384.0
infant7,3298,370.48,3.802469659340372,2.8996833043120627,0.0,5.5676713421981585,364.0,382.0,368.0,370.0,374.0
infant7,3299,373.64,5.906620291275385,3.219836477024184,0.0,4.521838290321808,366.0,388.0,370.0,372.0,376.0
infant7,3300,378.52,5.824788688468117,2.9137254363387344,0.0,3.0947368820104617,366.0,388.0,376.5,380.0,382.0
infant7,3301,378.6,3.5050983275386565,2.138089935299395,0.0,20.356075963758684,372.0,384.0,376.0,380.0,381.5
infant7,3302,374.84,3.877512352116538,3.010186786529354,0.0,5.855588653840562,366.0,380.0,372.0,376.0,378.0
infant7,3303,376.04,4.361052110466473,3.5456210417116734,0.0,1.912066196738958,366.0,384.0,374.0,376.0,379.5
infant7,3304,378.52,3.7647126350479656,3.0904725218262765,0.0,2.3509977291979074,372.0,386.0,376.0,378.0,381.5
infant7,3305,373.76,6.523302031008154,2.5071326821120348,0.0,14.132527329188571,362.0,386.0,368.0,374.0,379.5
infant7,3306,413.32,85.75200122612715,22.546097902125876,6.122448979591836,46.89024091088709,362.0,662.0,366.0,372.0,425.0
infant7,3307,422.64,82.53082541000752,22.751541773278234,6.122448979591836,31.875306937683042,362.0,662.0,368.0,387.0,433.5
infant7,3308,369.52,23.96105684017212,3.4166459266003995,0.0,61.23909050043564,342.0,432.0,352.0,364.0,379.5
infant7,3309,352.04,7.312164871092611,2.770102775666474,0.0,4.090966484437094,338.0,364.0,346.0,353.0,358.0
infant7,3310,356.76,10.20516075926533,3.636549160387959,0.0,5.515633985716256,338.0,388.0,352.0,356.0,361.5
infant7,3311,368.84,11.471988956246642,3.5913728828504383,0.0,5.4926701648033305,352.0,388.0,356.5,370.0,376.0
infant7,3312,371.88,7.08444689126131,3.0904725218262765,0.0,7.104462725195635,360.0,388.0,368.0,372.0,375.5
infant7,3313,368.0,4.0203563655629395,3.05059378629466,0.0,7.49199246777634,360.0,374.0,366.0,368.0,372.0
infant7,3314,370.96,3.481496276966358,2.634155559226539,0.0,15.310440637969174,364.0,378.0,368.0,371.0,374.0
infant7,3315,371.36,4.507408866952004,2.9277002188455996,0.0,1.038305999929617,360.0,378.0,368.5,372.0,374.0
infant7,3316,373.0,6.104531605491856,3.356382892705923,0.0,2.5415960105944264,360.0,384.0,370.0,372.0,376.0
infant7,3317,375.88,5.30552272905992,2.9692299558323607,0.0,8.28505543965233,368.0,384.0,370.5,376.0,380.0
infant7,3318,375.56,5.983514768059977,3.0237157840738176,0.0,76.62036253106378,366.0,388.0,370.0,376.0,380.0
infant7,3319,373.04,7.047824964816725,2.9965967090575756,0.0,13.388864279242094,364.0,388.0,366.0,373.0,380.0
infant7,3320,365.4,7.551185877944291,2.457807219155036,0.0,6.0401357812091545,354.0,382.0,360.0,366.0,366.0
infant7,3321,361.6,3.614031611621005,1.9378085666072196,0.0,2.0103796024248326,354.0,370.0,360.0,362.0,364.0
infant7,3322,358.28,6.311764202419065,1.8952141659173714,0.0,23.984048234887933,346.0,366.0,352.5,360.0,364.0
infant7,3323,370.2,26.230532139598896,4.453844933748542,0.0,20.087271590851298,346.0,428.0,350.5,359.0,377.5
infant7,3324,385.52,20.422316724802872,4.848732213850612,0.0,7.614451220159391,346.0,428.0,376.0,382.0,395.0
infant7,3325,388.88,10.452301767787702,5.569596768462265,0.0,1.8245477419220033,374.0,430.0,382.0,386.0,392.0
infant7,3326,392.0,8.759834123860509,5.613395058396715,0.0,1.1366611131132887,382.0,430.0,386.0,390.0,396.0
infant7,3327,385.28,6.648737796432815,3.3073819722257785,0.0,4.940849170620602,376.0,396.0,378.5,385.0,391.5
infant7,3328,374.84,6.2738849728904995,2.8284271247461903,0.0,9.516062960870924,366.0,388.0,368.5,376.0,378.0
infant7,3329,374.04,7.444927049710441,2.813959371941744,0.0,15.572886754350682,366.0,396.0,368.0,370.0,378.0
infant7,3330,379.92,7.8761847181415,2.813959371941744,0.0,8.111687796043427,368.0,396.0,372.0,378.0,386.0
infant7,3331,373.0,10.279760181432012,2.649605284427344,0.0,29.0346726111894,360.0,392.0,366.0,369.0,384.0
infant7,3332,365.4,2.9485382057928993,2.4411439272335804,0.0,0.9746208114462378,360.0,372.0,364.0,366.0,366.0
infant7,3333,364.84,3.6160639329728315,2.5071326821120348,0.0,4.135058349372689,356.0,372.0,364.0,366.0,367.5
infant7,3334,367.72,6.797478524108354,2.695423180587601,0.0,1.7492570348486918,356.0,386.0,364.0,366.0,370.0
infant7,3335,370.52,7.926293108949453,3.010186786529354,0.0,19.389191293609638,354.0,386.0,366.0,370.0,376.0
infant7,3336,360.72,10.627342478873318,2.6186146828319083,0.0,409.8826328236069,350.0,382.0,352.5,354.0,369.5
infant7,3337,356.12,8.90228129441538,2.9692299558323607,0.0,11.967797058815226,350.0,392.0,352.0,354.0,355.5
infant7,3338,373.04,16.087718728196084,3.499271061118826,0.0,5.971997996733234,350.0,400.0,354.5,380.0,386.0
infant7,3339,385.88,6.693402173264447,2.8996833043120627,0.0,7.8226534997200305,374.0,400.0,380.0,386.0,392.0
infant7,3340,385.24,5.358799743774492,2.2677868380553634,0.0,3.756457055556514,374.0,396.0,384.0,386.0,388.0
infant7,3341,375.88,11.178769966288048,2.0995626366712954,0.0,66.75882291465788,356.0,388.0,364.0,382.0,386.0
infant7,3342,370.28,9.78136503974861,2.813959371941744,0.0,27.179622284507207,356.0,388.0,362.0,368.0,380.0
infant7,3343,376.68,7.862180203418159,3.1815796359028696,0.0,4.7901913983720865,360.0,388.0,372.0,379.0,383.5
infant7,3344,379.48,3.807832958092397,3.010186786529354,0.0,0.7427149333027702,370.0,386.0,378.0,380.0,382.0
infant7,3345,377.48,6.4877907311679355,2.9965967090575756,0.0,15.769963966086065,364.0,392.0,372.5,379.0,382.0
infant7,3346,379.12,7.773949171063939,3.142857142857143,0.0,39.547788794422566,364.0,392.0,374.5,380.0,385.5
infant7,3347,383.08,5.439237641659811,3.282607226593159,0.0,2.427753557733085,372.0,392.0,380.0,384.0,388.0
infant7,3348,376.0,8.998866141727785,3.0639443699324596,0.0,17.42109765218675,364.0,392.0,368.0,377.0,384.0
infant7,3349,370.32,4.735622709737294,2.4907993963089563,0.0,4.157856347648198,364.0,382.0,366.5,369.0,374.0
infant7,3350,378.56,7.8873704265045115,2.356060357495806,0.0,4.311510746297215,366.0,392.0,372.0,379.0,386.0
infant7,3351,379.76,7.841699107843859,3.142857142857143,0.0,85.4827118556526,364.0,392.0,374.5,380.0,386.0
infant7,3352,383.84,12.066753109774181,3.499271061118826,0.0,11.117607671792294,364.0,406.0,374.5,383.0,394.0
infant7,3353,382.4,12.453996981544782,2.9137254363387344,0.0,42.745456633602736,366.0,406.0,372.0,376.0,394.0
infant7,3354,363.8,9.001133715441922,2.1759351731039738,0.0,33.973110471817,348.0,376.0,354.5,366.0,372.0
infant7,3355,349.4,7.785386624822121,2.040408122440814,0.0,85.70517567079104,338.0,366.0,342.0,348.0,354.0
infant7,3356,363.16,35.786418584458,13.85051387833237,2.0408163265306123,2.4425390601727464,338.0,494.0,340.5,344.0,389.5
infant7,3357,381.96,30.929782226382205,14.05818811444862,2.0408163265306123,0.782728275424739,338.0,494.0,364.0,384.0,397.0
infant7,3358,380.96,13.739500629608793,4.2378277069118075,0.0,3.203852062802348,364.0,416.0,370.0,376.0,392.0
infant7,3359,385.52,15.239904654477042,4.228185310556784,0.0,15.797062530499968,368.0,418.0,374.0,378.0,395.5
infant7,3360,384.92,12.924963979739015,3.428571428571429,0.0,65.90149283256325,372.0,418.0,376.0,379.0,390.0
infant7,3361,380.36,5.041703631730457,2.813959371941744,0.0,5.485518674400522,372.0,392.0,376.5,380.0,382.0
infant7,3362,379.08,3.663610352688524,2.9416086117105715,0.0,1.876053457703279,372.0,388.0,376.0,380.0,382.0
infant7,3363,376.68,3.80354292410513,2.8713930346059686,0.0,6.72308905582221,370.0,384.0,374.0,376.0,379.5
infant7,3364,368.08,10.205720684688442,2.407471363764674,0.0,100.02836140817621,350.0,382.0,358.5,372.0,376.0
infant7,3365,363.44,15.226400274067487,4.228185310556784,0.0,21.1016298582397,348.0,418.0,354.0,360.0,367.5
infant7,3366,389.92,29.33538644639241,5.48839220351387,0.0,3.0287598585194146,348.0,442.0,362.0,392.0,414.0
infant7,3367,395.2,21.42285638074914,4.304719763805532,0.0,19.764222063462867,372.0,442.0,376.0,386.0,412.0
infant7,3368,376.96,6.824206614571935,3.9692697112713726,0.0,6.1528629831621755,362.0,392.0,372.0,376.0,382.0
infant7,3369,386.88,13.3043494499248,4.444671196029727,0.0,20.488080896025412,362.0,412.0,376.5,386.0,397.5
infant7,3370,385.52,13.077851661554838,2.799416848895061,0.0,116.80713196842609,368.0,412.0,374.0,381.0,397.5
infant7,3371,375.36,3.1928491530740555,1.8516401995451028,0.0,1.132948891055812,368.0,380.0,372.5,376.0,378.0
infant7,3372,376.56,3.258646269573315,2.6649654437396615,0.0,1.69626267825705,370.0,382.0,374.0,376.0,380.0
infant7,3373,379.08,7.539934498714027,3.219836477024184,0.0,6.009633190355833,368.0,396.0,374.0,378.0,383.5
infant7,3374,380.4,7.602362683228611,3.3806170189140663,0.0,13.04026511181223,368.0,396.0,374.5,381.0,384.0
infant7,3375,387.76,17.982485810320203,4.7207747548166585,0.0,3.032341588093981,370.0,444.0,378.0,382.0,385.5
infant7,3376,399.04,19.06911168377183,5.252793231671496,0.0,10.920462357173026,376.0,444.0,384.0,392.0,409.5
infant7,3377,392.52,15.133743888464366,4.060762972443398,0.0,3.254495684817541,372.0,440.0,384.0,390.0,396.0
infant7,3378,375.92,10.713028497667535,2.9965967090575756,0.0,8.26921796357914,360.0,396.0,364.5,376.0,384.0
infant7,3379,376.76,13.278123791732455,2.7847983842311326,0.0,19.25835522819073,360.0,400.0,362.5,376.0,390.0
infant7,3380,390.04,11.310028058934142,3.3073819722257785,0.0,5.156178199235079,362.0,406.0,386.5,393.0,398.0
infant7,3381,382.4,14.245658128363326,3.219836477024184,0.0,95.83836005786418,362.0,406.0,370.0,378.0,397.5
infant7,3382,376.84,10.333934588608185,3.5913728828504383,0.0,7.375136765283895,362.0,394.0,368.0,372.0,388.0
infant7,3383,380.0,8.241260058203405,3.4641016151377544,0.0,23.781217376043106,362.0,394.0,374.0,378.0,388.0
infant7,3384,385.36,10.249459916084778,3.0237157840738176,0.0,15.905596918095537,372.0,402.0,374.5,383.0,396.0
infant7,3385,388.16,7.895645919732971,2.710523708715754,0.0,21.646837919171436,374.0,402.0,382.0,388.0,396.0
infant7,3386,383.08,12.924963979739017,3.5225222874108435,0.0,8.902247305236976,372.0,426.0,376.0,380.0,384.0
infant7,3387,392.32,20.385509058932936,4.304719763805532,0.0,19.10209198580037,372.0,432.0,376.0,382.0,411.0
infant7,3388,388.96,18.228660993958197,3.295017884191656,0.0,112.56590778763632,372.0,432.0,376.0,382.0,395.5
infant7,3389,379.32,8.046903321230129,2.523360247522242,0.0,27.67688473019622,368.0,396.0,372.5,377.0,383.5
infant7,3390,386.8,9.655282999266172,2.5872528966106905,0.0,25.106522521653005,368.0,396.0,378.5,392.0,394.0
infant7,3391,390.76,6.153014857509667,2.5071326821120348,0.0,1.627891317716885,378.0,402.0,388.0,392.0,394.0
infant7,3392,386.6,8.293100156399996,2.424366106925306,0.0,6.463789937791352,372.0,402.0,380.0,388.0,392.0
infant7,3393,390.92,10.707312016199252,3.295017884191656,0.0,12.767775917445524,372.0,408.0,382.5,392.0,399.5
infant7,3394,396.56,7.13759806394623,3.1815796359028696,0.0,1.2493048627603314,372.0,408.0,392.0,398.0,402.0
infant7,3395,392.88,5.255279172762705,2.0203050891044216,0.0,0.8031433468536634,382.0,404.0,390.0,392.0,395.5
infant7,3396,391.12,8.153226480407392,3.05059378629466,0.0,1.583042746883655,380.0,414.0,386.0,390.0,393.5
infant7,3397,397.56,11.016055073743734,3.6477558099439156,0.0,3.818219795450971,380.0,418.0,388.0,398.0,407.5
infant7,3398,386.64,18.654495546158106,2.9692299558323607,0.0,31.10592761073175,356.0,418.0,370.0,386.0,403.5
infant7,3399,360.64,12.158410207568677,2.2857142857142856,0.0,76.57583400065634,346.0,386.0,350.0,356.0,369.5
infant7,3400,362.56,13.462207115037387,2.9554515522253144,0.0,16.651820223080104,346.0,386.0,350.0,356.0,374.0
infant7,3401,379.52,9.41175990396036,3.534090536243709,0.0,0.18100718896262938,356.0,400.0,374.0,380.0,386.0
infant7,3402,385.64,6.029722300438732,3.368521749300456,0.0,2.6774534918565456,374.0,400.0,382.0,386.0,390.0
infant7,3403,384.56,4.4819820688291605,3.077237032648288,0.0,6.793678015942375,374.0,392.0,382.0,384.0,388.0
infant7,3404,379.84,5.108456374543317,2.7255405754769875,0.0,16.95673761979712,368.0,388.0,376.0,381.0,384.0
infant7,3405,376.88,4.123798526324277,2.3035022137995855,0.0,2.24382045101588,368.0,386.0,374.0,376.0,380.0
infant7,3406,374.28,3.4288095155429024,2.3386722205349857,0.0,1.24239237225296,368.0,382.0,372.0,374.0,376.0
infant7,3407,373.36,3.0623453730226884,2.5872528966106905,0.0,5.729229952264463,368.0,380.0,372.0,374.0,376.0
infant7,3408,373.92,3.6131279907513685,2.3733211036908783,0.0,1.5360911617436026,364.0,380.0,372.0,374.0,376.0
infant7,3409,390.24,22.42316586360942,5.917804336345137,0.0,2.9814650433300067,364.0,446.0,374.0,376.0,405.5
infant7,3410,434.76,54.18922251458027,18.51640199545103,4.081632653061225,1.2455444467575545,372.0,624.0,400.0,416.0,449.0
infant7,3411,451.44,53.80090280708255,43.74695324668161,12.244897959183673,6.998966259613135,340.0,624.0,414.5,442.0,464.0
infant7,3412,416.24,38.622484727560085,38.07511373212542,6.122448979591836,39.64301158851346,340.0,536.0,392.5,406.0,440.0
infant7,3413,397.56,11.621865388225798,3.6027200608338545,0.0,9.638077047438065,374.0,414.0,392.0,402.0,406.0
infant7,3414,397.2,9.284615319583954,3.7471077281725718,0.0,5.730878105834028,380.0,414.0,388.0,400.0,404.0
infant7,3415,389.2,7.194101892579527,3.1943828249996997,0.0,3.5476684868685475,378.0,404.0,384.0,388.0,395.5
infant7,3416,398.32,23.551454740804513,11.545827057815286,2.0408163265306123,2.9154780784997807,378.0,498.0,384.0,391.0,398.0
infant7,3417,413.44,24.904847491430832,12.104982951037062,2.0408163265306123,1.698767596346275,382.0,498.0,392.0,413.0,429.5
infant7,3418,411.8,27.30104281479941,6.922309394048981,0.0,82.64806127832799,384.0,482.0,388.5,399.0,429.5
infant7,3419,420.16,29.722086888029782,8.8109393972053,0.0,18.929781626054805,384.0,482.0,388.5,423.0,438.0
infant7,3420,415.16,23.60245576984198,6.963461489687966,0.0,40.82885501058424,384.0,478.0,398.0,405.0,431.5
infant7,3421,394.08,6.1406640603472855,2.3386722205349857,0.0,1.7065854297170135,384.0,404.0,388.0,394.0,400.0
infant7,3422,397.24,6.6134062976005685,3.0904725218262765,0.0,3.1424092656012315,384.0,408.0,391.0,398.0,402.0
infant7,3423,399.2,4.314191105868999,3.0371845179241856,0.0,10.422535793589349,392.0,408.0,396.0,399.0,402.0
infant7,3424,396.88,4.592096137797586,2.407471363764674,0.0,1.063660301558535,388.0,406.0,394.0,396.0,400.0
infant7,3425,400.24,9.719662377608282,3.1815796359028696,0.0,2.3653472021301574,384.0,416.0,392.0,401.0,408.0
infant7,3426,403.04,9.98970899047043,3.1815796359028696,0.0,2.3649777806353334,384.0,418.0,396.0,403.0,412.0
infant7,3427,396.2,9.4609832513134,2.407471363764674,0.0,8.541139407628217,380.0,418.0,390.5,395.0,399.5
infant7,3428,388.24,5.864316164876572,2.649605284427344,0.0,7.450486971047814,378.0,398.0,384.0,390.0,392.0
infant7,3429,402.84,23.04951192541829,5.841442371503106,0.0,3.3383347144216975,378.0,460.0,388.0,395.0,411.5
infant7,3430,410.2,18.460105909882575,5.9521904731427595,0.0,33.70459799307534,386.0,460.0,400.0,404.0,411.5
infant7,3431,402.96,3.6419326558007294,2.9692299558323607,0.0,1.6290645549722658,390.0,410.0,402.0,404.0,404.0
infant7,3432,401.4,3.2134919654862837,2.4411439272335804,0.0,3.370417130633323,394.0,408.0,400.0,402.0,404.0
infant7,3433,397.48,5.4631978375531025,3.0237157840738176,0.0,6.014595001686303,386.0,408.0,394.0,398.0,400.0
infant7,3434,395.96,6.20059246675473,2.8713930346059686,0.0,7.220613606124276,386.0,408.0,392.0,394.0,400.0
infant7,3435,389.32,9.446822163012905,3.010186786529354,0.0,63.71532725831592,374.0,406.0,380.0,391.0,397.5
infant7,3436,387.12,7.700092763819704,2.982944716831586,0.0,2.851307928932845,374.0,400.0,380.0,388.0,393.5
infant7,3437,392.56,5.361084264381219,2.9692299558323607,0.0,2.268578579720003,382.0,406.0,388.5,392.0,396.0
infant7,3438,392.44,6.655241911302638,3.282607226593159,0.0,2.4265446856160606,382.0,406.0,386.0,392.0,398.0
infant7,3439,403.36,16.774324403196495,4.160062793874582,0.0,10.058290495872901,384.0,440.0,390.0,400.0,415.0
infant7,3440,406.84,17.16232228232674,4.323641700120445,0.0,22.732913088998096,380.0,440.0,392.5,408.0,418.0
infant7,3441,400.8,11.335333957072784,3.219836477024184,0.0,11.650157446265803,380.0,420.0,394.5,402.0,409.5
infant7,3442,399.08,6.454993321105004,3.142857142857143,0.0,4.318115538980444,384.0,414.0,396.0,398.0,402.0
infant7,3443,395.6,3.9589732744431476,3.319700011034929,0.0,7.553564690745496,384.0,402.0,392.5,396.0,398.0
infant7,3444,395.16,2.713232878516185,2.8855728395320224,0.0,1.7548987028303,390.0,402.0,394.0,395.0,396.0
infant7,3445,394.72,2.878775249785143,2.5555062599997598,0.0,1.328080514725815,388.0,402.0,392.0,394.0,396.0
infant7,3446,392.56,4.219294843879939,2.5394841192330255,0.0,6.496966237616104,384.0,402.0,390.0,392.0,396.0
infant7,3447,389.56,7.817197159376974,2.5555062599997598,0.0,18.500409385949744,378.0,410.0,384.0,389.0,392.0
infant7,3448,397.0,11.126361416354717,2.457807219155036,0.0,10.32362032686994,378.0,412.0,384.0,400.0,406.0
infant7,3449,403.56,3.4116247849770036,2.2677868380553634,0.0,2.314726470655056,398.0,412.0,400.5,403.0,406.0
infant7,3450,400.44,3.709667458554907,2.649605284427344,0.0,19.16635980071792,392.0,406.0,398.0,402.0,404.0
infant7,3451,400.88,7.2072525830525995,2.982944716831586,0.0,3.314688898353078,392.0,418.0,396.0,398.0,404.0
infant7,3452,403.36,6.718114409898791,2.5555062599997598,0.0,13.828026906493193,392.0,418.0,400.0,402.0,407.5
infant7,3453,398.16,6.462955664273687,2.6186146828319083,0.0,14.427781769431549,386.0,412.0,394.0,400.0,402.0
infant7,3454,391.8,4.005098791107481,2.4907993963089563,0.0,6.37216241959742,384.0,400.0,388.0,392.0,394.0
infant7,3455,388.72,3.828144965587252,2.0,0.0,6.2099541802635185,380.0,394.0,386.0,389.0,392.0
infant7,3456,375.88,12.837508818032463,2.2857142857142856,0.0,46.05367660406626,352.0,392.0,364.5,379.0,387.5
infant7,3457,356.56,10.134120986216086,2.2314999074019015,0.0,44.94262075139784,344.0,378.0,348.0,353.0,363.5
infant7,3458,345.92,3.4983377977174785,1.9166296949998198,0.0,3.767541479842675,340.0,354.0,344.0,344.0,348.0
infant7,3459,355.04,13.113258596565851,2.523360247522242,0.0,37.04864791450696,340.0,378.0,344.0,348.0,365.5
infant7,3460,366.96,6.555757712398581,3.142857142857143,0.0,2.171389932955251,348.0,378.0,362.0,368.0,371.5
infant7,3461,369.92,5.854842753949023,2.634155559226539,0.0,42.64089067256871,360.0,380.0,364.5,370.0,374.0
infant7,3462,376.08,7.803296006908142,2.5394841192330255,0.0,5.137329411848931,362.0,390.0,370.0,376.0,380.0
infant7,3463,384.12,7.953025351707233,2.8996833043120627,0.0,3.4862769399053235,370.0,398.0,380.0,386.0,390.0
infant7,3464,388.44,4.0464648214238075,2.842821248876057,0.0,2.734027720953966,380.0,398.0,386.0,388.0,392.0
infant7,3465,386.84,2.9717032840045228,2.799416848895061,0.0,4.740376673211302,382.0,394.0,384.0,386.0,388.0
infant7,3466,387.0,2.5951288749407073,2.3733211036908783,0.0,2.2207021264793583,382.0,394.0,386.0,387.0,388.0
infant7,3467,387.8,2.3647064796066926,2.2677868380553634,0.0,2.280780821583956,384.0,394.0,386.0,388.0,390.0
infant7,3468,387.28,3.1235772271351885,2.1759351731039738,0.0,1.0397392934741485,380.0,394.0,386.0,386.0,389.5
infant7,3469,390.52,4.532152707407961,2.0,0.0,1.0834232103133177,380.0,398.0,386.5,392.0,394.0
infant7,3470,399.56,7.186040890049917,2.5394841192330255,0.0,38.19585517436241,388.0,416.0,394.0,399.0,405.5
infant7,3471,404.0,5.237229365663817,2.695423180587601,0.0,9.64701024921683,396.0,416.0,400.0,404.0,408.0
infant7,3472,400.2,4.699109772399579,2.4743582965269675,0.0,3.488026820687307,394.0,412.0,398.0,398.0,402.0
infant7,3473,394.52,4.136645589689051,2.356060357495806,0.0,17.336819073929814,388.0,402.0,390.0,395.0,398.0
infant7,3474,391.08,2.7467234654981865,2.457807219155036,0.0,2.504057280664386,386.0,396.0,390.0,391.0,392.0
infant7,3475,393.0,3.5970509462897633,2.6802375770419595,0.0,1.8677405803326885,386.0,400.0,390.5,393.0,396.0
infant7,3476,385.2,12.434317226850826,2.356060357495806,0.0,13.48696106914073,362.0,400.0,374.5,391.0,396.0
infant7,3477,375.2,15.643998653718654,4.481253468959463,0.0,12.10064991832151,354.0,412.0,362.0,371.0,388.0
infant7,3478,392.0,22.828553549072204,5.390846361175202,0.0,1.9679647929893826,354.0,426.0,366.5,400.0,408.0
infant7,3479,411.84,7.382715611204212,4.257046978786097,0.0,16.919184917062893,392.0,426.0,408.0,411.0,416.0
infant7,3480,411.76,5.52013013747809,3.0639443699324596,0.0,4.19770710482824,402.0,426.0,408.0,410.0,415.5
infant7,3481,410.92,4.698414843414354,2.407471363764674,0.0,25.62508667543085,402.0,418.0,408.0,412.0,415.5
infant7,3482,411.8,5.2721834534988385,2.75532878885513,0.0,50.31429159346024,402.0,426.0,408.0,413.0,416.0
infant7,3483,408.2,5.844935012993938,2.9554515522253144,0.0,5.1960420113827395,400.0,426.0,404.0,408.0,411.5
infant7,3484,401.76,5.475585887950854,2.5872528966106905,0.0,2.5723566345618605,394.0,416.0,398.0,400.0,404.0
infant7,3485,399.64,2.8482719429900807,2.040408122440814,0.0,7.998765931889266,394.0,406.0,398.0,400.0,402.0
infant7,3486,401.48,1.7524327114509322,1.7612611437054218,0.0,5.208100223315074,398.0,406.0,400.0,402.0,402.0
infant7,3487,400.8,1.9378085666072196,1.5907898179514348,0.0,0.6898552109097841,396.0,404.0,400.0,402.0,402.0
infant7,3488,401.24,2.4541510024562756,1.8070158058105026,0.0,4.048300486319995,396.0,408.0,400.0,402.0,402.0
infant7,3489,402.28,2.3907986881682324,2.249716535431946,0.0,2.3806211546217146,398.0,408.0,400.0,402.0,404.0
infant7,3490,405.88,5.3208868372381195,2.3733211036908783,0.0,4.423996969198067,398.0,422.0,402.0,404.0,408.0
infant7,3491,414.24,6.082963831849721,2.5394841192330255,0.0,14.085933156694797,404.0,426.0,408.5,416.0,418.0
infant7,3492,416.88,3.081478574334346,2.4907993963089563,0.0,10.047202922329989,412.0,426.0,414.0,416.0,418.0
infant7,3493,413.56,4.106540328474536,2.3386722205349857,0.0,14.74332624727337,404.0,418.0,412.0,414.0,416.0
infant7,3494,412.32,6.507264386508233,2.5071326821120348,0.0,75.31988711238797,398.0,422.0,406.5,414.0,418.0
infant7,3495,410.6,6.2889602008728955,2.2314999074019015,0.0,195.25532406190837,398.0,422.0,408.0,410.0,414.0
infant7,3496,411.0,3.7525501533039134,2.1570955529345,0.0,10.388521667932814,400.0,416.0,410.0,412.0,414.0
infant7,3497,413.28,4.944756034922043,2.4907993963089563,0.0,5.778895286677811,398.0,420.0,412.0,414.0,416.0
infant7,3498,412.12,6.507891598761038,2.3733211036908783,0.0,55.07443496033076,398.0,420.0,408.5,414.0,416.0
infant7,3499,410.4,5.390846361175202,2.5071326821120348,0.0,24.53182979054659,398.0,418.0,406.0,412.0,414.0
infant7,3500,410.68,3.490161097971828,2.407471363764674,0.0,22.501796460444446,402.0,418.0,410.0,412.0,412.0
infant7,3501,410.8,3.282607226593159,2.3035022137995855,0.0,41.65140297635852,402.0,416.0,410.0,412.0,412.0
infant7,3502,395.64,16.5551151229671,3.1036515689143473,0.0,37.89602832166929,370.0,416.0,377.0,403.0,411.5
infant7,3503,377.36,8.902556385897347,3.270149469217028,0.0,5.459562719365322,366.0,404.0,370.5,375.0,382.0
infant7,3504,383.92,18.739720991976984,4.677344441069971,0.0,3.3447655532735023,366.0,436.0,372.0,377.0,384.0
infant7,3505,391.92,16.810880830156233,4.989785484735137,0.0,4.0286288409919555,374.0,436.0,378.0,387.0,400.0
infant7,3506,398.84,13.018605210722578,3.6589281356759136,0.0,2.624343163577542,374.0,422.0,392.0,400.0,405.5
infant7,3507,404.36,7.2245612817863005,3.1036515689143473,0.0,6.42260861305252,394.0,422.0,400.0,403.0,407.5
infant7,3508,402.12,3.9674183247125967,2.8855728395320224,0.0,2.601055600903362,394.0,410.0,400.0,402.0,405.5
infant7,3509,403.08,3.5273855728558847,2.740475156178697,0.0,7.409734133681908,396.0,410.0,400.0,402.0,406.0
infant7,3510,402.6,2.747912008810192,2.5714285714285716,0.0,2.1812885249518383,398.0,410.0,400.0,402.0,404.0
infant7,3511,402.44,2.807860686119071,2.249716535431946,0.0,1.4033870692180384,398.0,408.0,400.0,402.0,404.0
infant7,3512,403.8,3.4345186514775157,1.8294640678379568,0.0,3.2644048253169635,398.0,410.0,402.0,404.0,406.0
infant7,3513,405.64,5.550363106342224,2.407471363764674,0.0,6.8608287091873015,396.0,420.0,402.0,406.0,408.0
infant7,3514,402.92,6.314350355195954,2.634155559226539,0.0,3.6409450467371034,394.0,420.0,398.0,402.0,404.0
infant7,3515,399.24,3.588871688985272,2.138089935299395,0.0,5.298677165328611,394.0,406.0,396.0,398.0,402.0
infant7,3516,401.92,4.498707297317617,2.0,0.0,3.826613012769789,394.0,408.0,398.0,404.0,406.0
infant7,3517,403.64,3.5843195921646704,2.1946130708196026,0.0,7.319679947590516,394.0,412.0,402.0,404.0,406.0
infant7,3518,403.36,5.763219055141929,2.3386722205349857,0.0,4.055677617054037,394.0,416.0,398.0,403.0,406.0
infant7,3519,406.32,5.545507466519586,2.1570955529345,0.0,30.785657068783305,394.0,416.0,402.0,408.0,410.0
infant7,3520,407.4,4.43087497693452,2.3035022137995855,0.0,3.7381193853615367,398.0,416.0,404.0,408.0,410.0
infant7,3521,408.96,4.611255086133031,2.1570955529345,0.0,40.907355683110225,398.0,416.0,406.5,410.0,412.0
infant7,3522,408.32,4.088011342290268,1.7842851423995423,0.0,21.99103947019686,400.0,416.0,406.0,408.0,412.0
infant7,3523,410.2,5.424810727442149,2.2677868380553634,0.0,216.94763049519764,400.0,418.0,406.0,411.0,414.0
infant7,3524,413.2,3.1036515689143473,2.390457218668787,0.0,12.093530827581784,406.0,418.0,412.0,414.0,416.0
infant7,3525,412.4,2.799416848895061,1.9378085666072196,0.0,95.04267191514965,406.0,416.0,410.0,412.0,414.0
infant7,3526,411.92,2.7689237576195924,1.6659862556700857,0.0,54.68439007803297,404.0,416.0,410.0,412.0,414.0
infant7,3527,411.28,2.821491861857945,1.737932151513777,0.0,6.429964746741549,404.0,416.0,410.0,412.0,414.0
infant7,3528,408.56,7.351690073634464,2.2131333406899527,0.0,43.717965830577086,388.0,418.0,406.5,411.0,414.0
infant7,3529,403.76,14.937365830667188,4.65109159888563,0.0,4.891820631713793,378.0,432.0,392.5,404.0,413.5
infant7,3530,412.52,20.367280683708845,5.813425699821658,0.0,14.722148168761436,378.0,450.0,402.0,412.0,428.0
infant7,3531,421.2,11.814898930363047,4.535573676110727,0.0,7.802651200726452,402.0,450.0,416.0,418.0,427.5
infant7,3532,418.56,3.7696965719932893,2.6649654437396615,0.0,1.09331811185705,412.0,432.0,416.0,418.0,420.0
infant7,3533,413.32,4.582308481585255,2.424366106925306,0.0,27.760998811120796,406.0,422.0,410.0,413.0,418.0
infant7,3534,409.24,2.76685926712611,2.3211538298959886,0.0,7.359611510967335,402.0,414.0,408.0,410.0,410.0
infant7,3535,405.84,4.879611894904958,2.3035022137995855,0.0,7.580431381844702,396.0,414.0,402.5,406.0,410.0
infant7,3536,401.2,5.221619109284876,2.3386722205349857,0.0,2.776406873166469,392.0,412.0,398.0,402.0,406.0
infant7,3537,394.08,11.24103270729743,2.1946130708196026,0.0,34.30283605839666,374.0,412.0,387.0,394.0,402.0
infant7,3538,379.8,12.116778719222872,2.0603150145508513,0.0,20.213604463965424,366.0,410.0,372.0,374.0,386.0
infant7,3539,376.8,6.220440302022069,2.9277002188455996,0.0,3.85402467310592,366.0,388.0,372.0,377.0,382.0
infant7,3540,379.84,4.0373763960355875,3.1036515689143473,0.0,7.979435995572473,372.0,388.0,378.0,380.0,382.0
infant7,3541,386.36,9.861820836137799,2.5714285714285716,0.0,7.754404408236747,372.0,400.0,378.0,383.0,396.0
infant7,3542,396.52,3.9135557192081656,2.9692299558323607,0.0,0.9124697759583916,382.0,402.0,396.0,398.0,399.5
infant7,3543,395.16,5.614703728531335,3.4641016151377544,0.0,5.892669621986154,382.0,410.0,392.5,396.0,398.0
infant7,3544,404.4,13.303367687797502,3.854496446637726,0.0,4.87084337550319,382.0,428.0,394.5,410.0,415.5
infant7,3545,412.16,5.668963120107843,3.142857142857143,0.0,28.50118838704338,404.0,428.0,408.0,412.0,415.5
infant7,3546,408.2,2.6878411031752543,1.8070158058105026,0.0,3.78891681214439,404.0,414.0,406.0,408.0,410.0
infant7,3547,408.04,3.2698998299579736,1.958758457257441,0.0,47.845895071855075,400.0,414.0,406.0,408.0,410.0
infant7,3548,401.76,6.888499732991835,2.080031396937291,0.0,15.376509668275887,390.0,412.0,396.5,401.0,408.0
infant7,3549,396.48,2.409504987692345,2.3035022137995855,0.0,2.502633379423448,390.0,402.0,396.0,396.0,398.0
infant7,3550,397.08,4.164181571841616,2.813959371941744,0.0,2.144336509369005,388.0,408.0,396.0,398.0,400.0
infant7,3551,397.32,4.875762630039509,2.4907993963089563,0.0,5.287639964293383,388.0,408.0,394.0,398.0,402.0
infant7,3552,392.48,6.266985083819518,2.0603150145508513,0.0,18.863667920306987,384.0,404.0,388.0,392.0,396.0
infant7,3553,388.72,3.2010202455224954,2.2857142857142856,0.0,5.433630467115953,384.0,396.0,386.0,388.0,392.0
infant7,3554,392.12,5.45721765094594,2.5714285714285716,0.0,0.7197970854095329,386.0,410.0,388.0,390.0,394.0
infant7,3555,384.88,12.395917695362618,2.5394841192330255,0.0,8.390282262432734,362.0,410.0,374.5,388.0,392.0
infant7,3556,405.72,41.74560468126054,10.333223611442929,0.0,5.43734640410098,362.0,524.0,374.0,387.0,434.0
infant7,3557,423.44,30.69013003609879,10.38051549976283,0.0,6.6620707657944545,368.0,524.0,408.0,414.0,434.0
infant7,3558,409.2,5.174505793221381,2.75532878885513,0.0,9.152946661357934,402.0,420.0,406.0,407.0,414.0
infant7,3559,403.84,5.3884229641720145,2.6186146828319083,0.0,12.606838598286542,394.0,420.0,400.0,404.0,406.0
infant7,3560,402.2,3.708787138784905,2.4743582965269675,0.0,0.7732104128692284,394.0,410.0,400.0,402.0,404.0
infant7,3561,403.68,3.5076592578794985,2.1759351731039738,0.0,3.5112355039112133,396.0,410.0,402.0,404.0,406.0
infant7,3562,397.92,10.419448064037924,2.5555062599997598,0.0,1.419308294477204,376.0,410.0,394.5,402.0,406.0
infant7,3563,394.44,9.783701565692333,2.710523708715754,0.0,11.215793946220806,376.0,410.0,386.5,396.0,402.0
infant7,3564,401.28,7.111473913647563,2.457807219155036,0.0,17.01205541980759,382.0,410.0,396.0,402.0,406.0
infant7,3565,406.84,3.0261445802221947,2.0,0.0,3.8380558120476858,400.0,410.0,404.0,408.0,410.0
infant7,3566,403.24,4.996161792122152,2.0203050891044216,0.0,6.614236867607592,394.0,410.0,400.0,404.0,408.0
infant7,3567,401.44,7.949226634184779,2.6186146828319083,0.0,5.773790588413775,390.0,418.0,396.0,400.0,407.0
infant7,3568,406.4,7.907630001770311,2.770102775666474,0.0,2.2634595468497127,390.0,418.0,404.5,409.0,412.0
infant7,3569,406.08,3.853649211448541,2.1189138534559038,0.0,2.6081983561620596,398.0,412.0,404.0,406.0,409.5
infant7,3570,401.48,3.786334181053258,1.737932151513777,0.0,0.5358186218356171,394.0,408.0,398.5,402.0,404.0
infant7,3571,401.52,3.94989020772239,2.0,0.0,0.9130261136882184,394.0,410.0,398.0,402.0,404.0
infant7,3572,403.68,2.95158207317599,2.138089935299395,0.0,3.0553709099526785,398.0,410.0,402.0,404.0,406.0
infant7,3573,395.32,12.031319672472529,2.2677868380553634,0.0,9.56752659384927,370.0,408.0,384.0,401.0,404.0
infant7,3574,403.4,42.3594916236284,14.47869652493706,2.0408163265306123,3.430719764946968,368.0,546.0,376.0,390.0,409.0
infant7,3575,401.0,43.45722738791441,14.565825253178154,2.0408163265306123,2.2444333670728693,366.0,546.0,370.5,386.0,409.0
infant7,3576,407.84,35.23412075398111,10.52499454651078,0.0,3.443462274526787,366.0,508.0,382.0,401.0,426.0
infant7,3577,425.48,31.32400787555378,11.28119258422836,0.0,38.706199424101236,384.0,508.0,402.0,416.0,447.0
infant7,3578,403.6,24.94074610605165,4.948716593053935,0.0,32.86860808932541,382.0,476.0,390.0,394.0,404.0
infant7,3579,397.72,10.206120612612008,3.843892584878203,0.0,4.014464416431947,382.0,426.0,390.0,396.0,404.0
infant7,3580,506.28,159.68745494028678,42.60497240310558,12.244897959183673,9.858648147415819,390.0,828.0,404.0,418.0,524.0
infant7,3581,507.56,159.52699982595232,42.6786760309537,12.244897959183673,21.37915623207015,388.0,828.0,396.0,429.0,524.0
infant7,3582,401.72,17.047400903100165,4.544563920167676,0.0,16.79767366391951,388.0,456.0,394.0,396.0,400.0
infant7,3583,399.2,4.7979587496419045,2.2677868380553634,0.0,14.943542853906632,392.0,408.0,394.5,399.0,403.5
infant7,3584,399.68,4.487806609387854,2.9965967090575756,0.0,35.78746157957603,392.0,408.0,396.0,399.0,404.0
infant7,3585,397.92,3.330992375266211,3.4166459266003995,0.0,5.003232124194092,390.0,404.0,396.0,398.0,400.0
infant7,3586,399.88,9.401780118028451,3.1815796359028696,0.0,4.5502351789141695,380.0,416.0,396.0,400.0,407.5
infant7,3587,401.96,12.594070519291925,3.3073819722257785,0.0,2.9425816035304106,380.0,420.0,388.0,407.0,412.0
infant7,3588,393.32,13.550269219405472,2.9692299558323607,0.0,49.574017735875,378.0,420.0,384.0,388.0,405.5
infant7,3589,381.32,4.152402795923323,2.407471363764674,0.0,15.220591141954092,372.0,388.0,380.0,382.0,384.0
infant7,3590,383.32,6.816666250852406,2.249716535431946,0.0,7.006806487371972,372.0,396.0,378.0,383.0,388.0
infant7,3591,391.2,6.676183683170242,3.077237032648288,0.0,4.264548987493521,372.0,400.0,388.0,392.0,396.0
infant7,3592,396.52,3.913555719208165,3.245090483314442,0.0,2.385406761433568,390.0,406.0,394.0,396.0,399.5
infant7,3593,399.0,4.242640687119285,2.5071326821120348,0.0,1.893391392061053,390.0,406.0,396.0,398.0,403.5
infant7,3594,409.64,28.317990243457803,7.98467920713264,0.0,10.041320993059124,386.0,490.0,396.0,400.0,404.0
infant7,3595,487.56,148.56444489080923,44.35570506066352,18.367346938775512,18.307894159650704,386.0,942.0,396.0,421.0,485.0
infant7,3596,493.08,147.32122891761364,44.935327677334094,20.408163265306122,130.39115701047328,384.0,942.0,406.5,423.0,502.5
infant7,3597,432.88,37.19372341167915,14.265700266079918,2.0408163265306123,5.697743378528523,384.0,566.0,414.5,422.0,440.0
infant7,3598,423.44,22.71757388598761,9.227288721117224,0.0,5.31745542404134,392.0,524.0,412.5,420.0,429.0
infant7,3599,400.96,14.95702687907007,4.633507068636244,0.0,2.3408862810676867,380.0,434.0,388.0,400.0,413.5
infant7,3600,396.48,9.90205091104353,3.938299643454349,0.0,5.34498918639789,380.0,416.0,388.0,398.0,403.5
infant7,3601,399.72,7.10285944144314,4.0203563655629395,0.0,6.856334087415168,386.0,412.0,394.5,400.0,404.0
infant7,3602,388.84,12.256376932446395,3.822596617217043,0.0,11.287954559059292,364.0,412.0,382.0,388.0,398.0
infant7,3603,372.16,12.878331746442493,3.5685702847990846,0.0,181.11593230747258,354.0,398.0,360.0,371.0,382.0
infant7,3604,365.76,8.19795892965102,2.602981022612657,0.0,6.934300583559492,354.0,384.0,360.0,364.0,372.0
infant7,3605,360.28,8.92609108405333,2.080031396937291,0.0,62.990112755962876,346.0,380.0,352.0,360.0,367.5
infant7,3606,349.56,4.682403011188131,2.1759351731039738,0.0,10.13275591956855,340.0,360.0,346.0,350.0,352.0
infant7,3607,353.04,11.365827766437715,2.407471363764674,0.0,61.69914604601638,340.0,386.0,344.0,350.0,359.0
infant7,3608,369.68,15.093504482094954,3.7904283318347427,0.0,2.7711404518648126,342.0,406.0,360.0,372.0,377.5
infant7,3609,371.84,10.72734442289176,3.989782869648269,0.0,46.418434576836724,360.0,406.0,364.0,368.0,376.0
infant7,3610,368.48,5.2769812025669465,2.8284271247461903,0.0,6.874763341831243,360.0,378.0,364.0,368.0,374.0
infant7,3611,389.24,32.65375560486176,7.979565739296538,0.0,6.504527157897809,368.0,508.0,372.5,376.0,388.0
infant7,3612,408.84,45.1158870610578,11.266710944645917,0.0,59.70694091261683,370.0,532.0,380.5,388.0,411.5
infant7,3613,388.84,42.390006523486456,8.116498692195309,0.0,86.42179025650167,358.0,532.0,366.0,372.0,388.0
infant7,3614,373.6,9.116032076310752,3.1943828249996997,0.0,8.99478865687535,358.0,390.0,366.0,373.0,381.5
infant7,3615,377.32,7.075222647394503,2.9554515522253144,0.0,18.82048681976439,362.0,390.0,372.0,380.0,382.0
infant7,3616,379.72,8.750603477731682,3.2071349029490928,0.0,37.02415620088542,362.0,390.0,372.0,382.0,388.0
infant7,3617,387.2,5.1269595556932455,3.2576440717118227,0.0,5.694503419946671,374.0,396.0,384.0,388.0,390.0
infant7,3618,383.48,6.4625767275277815,2.5394841192330255,0.0,66.38587180800357,374.0,396.0,378.0,382.0,389.5
infant7,3619,383.08,4.935667769059281,2.3211538298959886,0.0,5.171334632211665,374.0,392.0,380.0,382.0,386.0
infant7,3620,381.72,6.220571533555549,2.080031396937291,0.0,18.95036211961221,372.0,392.0,376.0,383.0,386.0
infant7,3621,379.88,5.397051349144839,1.9166296949998198,0.0,11.322093992032242,372.0,390.0,376.0,378.0,384.0
infant7,3622,385.44,4.660559658080842,2.424366106925306,0.0,1.6245690819052545,374.0,392.0,384.0,386.0,388.0
infant7,3623,386.08,4.69406920638008,2.770102775666474,0.0,3.032591137974234,378.0,394.0,382.0,387.0,390.0
infant7,3624,383.36,7.356130304801872,2.799416848895061,0.0,3.337678070795215,372.0,398.0,378.0,381.0,390.0
infant7,3625,388.4,9.337219793353253,2.457807219155036,0.0,11.761388558030616,372.0,400.0,380.0,392.0,396.0
infant7,3626,385.84,10.05162186121306,2.6186146828319083,0.0,7.4488324110437185,368.0,400.0,376.0,390.0,394.0
infant7,3627,374.84,4.765351133817048,3.1298431857438063,0.0,8.00802806937247,368.0,390.0,372.0,374.0,376.0
infant7,3628,364.04,10.663613508620072,2.5394841192330255,0.0,72.96371522633795,344.0,382.0,356.0,368.0,372.0
infant7,3629,354.36,7.925057136213272,2.6802375770419595,0.0,40.55972964795906,344.0,368.0,346.5,353.0,360.0
infant7,3630,355.84,7.214950464423274,2.9137254363387344,0.0,5.256885949128573,344.0,376.0,350.0,356.0,360.0
infant7,3631,376.32,28.1319340658568,8.935140440635365,0.0,2.1156391767657228,354.0,472.0,356.0,364.0,385.0
infant7,3632,383.88,27.966189499144154,10.536622236906156,0.0,31.52681774175353,354.0,472.0,362.0,376.0,395.0
infant7,3633,372.16,15.3215334661744,6.509020428511153,0.0,1.7237195549939293,354.0,432.0,362.5,370.0,377.0
infant7,3634,371.2,5.756983337031396,3.142857142857143,0.0,1.8436850665056368,362.0,392.0,368.0,370.0,372.0
infant7,3635,384.04,14.755089056363722,3.6589281356759136,0.0,8.128525484345944,362.0,410.0,370.0,386.0,397.5
infant7,3636,387.16,11.422069579081882,2.695423180587601,0.0,8.00630677388916,370.0,410.0,378.0,384.0,397.5
infant7,3637,383.84,13.485230015518036,3.5799897388976194,0.0,10.724569260394764,366.0,412.0,374.5,380.0,396.5
infant7,3638,394.52,15.321373626275104,4.981598792617913,0.0,3.8994756640628445,366.0,424.0,382.0,399.0,406.0
infant7,3639,404.4,11.414276774536102,4.831867007225075,0.0,1.476933327560845,380.0,424.0,400.0,406.0,411.5
infant7,3640,400.12,11.061313351552087,3.219836477024184,0.0,15.528732441096617,386.0,422.0,390.0,398.0,408.0
infant7,3641,397.96,9.057548436164687,3.3073819722257785,0.0,7.207794896138315,386.0,416.0,390.0,396.0,406.0
infant7,3642,399.6,7.979565739296537,3.6477558099439156,0.0,4.307682030262259,384.0,416.0,396.0,398.0,406.0
infant7,3643,393.44,6.440179994949438,3.0904725218262765,0.0,3.3833213789161456,382.0,406.0,388.0,395.0,398.0
infant7,3644,393.56,5.887239746836772,2.523360247522242,0.0,5.145329857502319,382.0,406.0,390.0,394.0,396.0
infant7,3645,392.96,2.3643612417802515,2.424366106925306,0.0,0.5168415700488027,388.0,400.0,392.0,392.0,394.0
infant7,3646,390.32,2.56698027945328,2.356060357495806,0.0,3.5189019170749334,386.0,396.0,388.0,390.0,392.0
infant7,3647,389.44,3.500204075683098,2.6802375770419595,0.0,0.9598205641531493,380.0,396.0,388.0,389.0,392.0
infant7,3648,381.24,11.035305124176379,3.010186786529354,0.0,11.3439866542245,358.0,396.0,376.0,381.0,390.0
infant7,3649,363.84,10.29237879328631,2.138089935299395,0.0,61.697690268238546,352.0,382.0,354.0,360.0,375.5
infant7,3650,358.6,4.593695768803865,1.7142857142857144,0.0,39.853105512254885,352.0,368.0,354.0,359.0,362.0
infant7,3651,358.04,8.04568587657322,2.710523708715754,0.0,45.32360114914726,344.0,378.0,350.0,359.0,364.0
infant7,3652,358.04,9.367682177985923,2.602981022612657,0.0,11.899626708835719,344.0,378.0,350.0,356.0,366.0
infant7,3653,361.2,7.938539422542745,2.5555062599997598,0.0,7.574441265140894,346.0,374.0,356.0,362.0,366.0
infant7,3654,356.8,7.351245903010634,2.799416848895061,0.0,10.87159891242495,346.0,374.0,350.0,355.0,363.5
infant7,3655,350.32,4.320997617236471,2.080031396937291,0.0,3.7681323222910716,344.0,360.0,346.5,350.0,354.0
infant7,3656,354.52,9.887613360117987,3.0639443699324596,0.0,11.582305412540624,344.0,376.0,346.0,352.0,361.5
infant7,3657,361.28,9.113882660143103,3.8332593899996397,0.0,26.01973565581488,344.0,380.0,354.0,361.0,369.5
infant7,3658,368.24,10.424774259778815,3.219836477024184,0.0,12.80912807302824,350.0,386.0,359.5,370.0,375.5
infant7,3659,374.92,7.658102285308345,2.7255405754769875,0.0,19.99027475588778,362.0,388.0,368.0,374.0,382.0
infant7,3660,381.4,9.9077376482284,3.3926691677251193,0.0,2.8437585189395107,362.0,398.0,374.5,384.0,388.0
infant7,3661,386.64,9.30604368029679,3.907084094622098,0.0,3.3789446592101733,370.0,410.0,380.5,386.0,392.0
infant7,3662,390.84,13.062424689754586,3.6027200608338545,0.0,16.64730630664752,370.0,414.0,380.5,387.0,402.0
infant7,3663,386.68,12.895878158132067,2.770102775666474,0.0,189.18050090786264,374.0,414.0,376.0,380.0,395.5
infant7,3664,385.68,24.48609767994559,5.314592925068078,0.0,9.20103196225299,366.0,452.0,372.5,376.0,380.0
infant7,3665,393.16,24.007107791022975,5.664065029028288,0.0,6.71023688053081,366.0,452.0,373.5,388.0,404.5
infant7,3666,391.28,8.007751346829712,2.857142857142857,0.0,2.2533149277492432,378.0,416.0,388.0,390.0,394.0
infant7,3667,382.68,9.067637002898081,2.6649654437396615,0.0,25.838462747350732,368.0,396.0,372.5,384.0,390.0
infant7,3668,388.36,16.71216103711941,3.510915922127002,0.0,28.05902472738544,368.0,416.0,372.5,382.0,408.0
infant7,3669,388.6,18.849565577195133,3.4641016151377544,0.0,230.61094068090378,360.0,416.0,372.5,388.0,408.0
infant7,3670,363.92,14.966411373063186,2.6186146828319083,0.0,37.68281643697527,346.0,404.0,352.0,360.0,371.5
infant7,3671,352.16,3.9556727542575505,2.4743582965269675,0.0,7.615541870168586,344.0,360.0,348.5,352.0,355.5
infant7,3672,372.6,42.52106320785653,13.522468075656265,2.0408163265306123,3.5932774134635457,342.0,516.0,348.0,354.0,388.0
infant7,3673,380.64,39.50601090921714,13.528503544859102,2.0408163265306123,2.153981174365256,342.0,516.0,356.0,373.0,389.0
infant7,3674,382.8,23.72977119182413,6.027149459922567,0.0,4.117010063927297,354.0,442.0,364.0,375.0,391.0
infant7,3675,389.28,20.967457779003293,6.446008098673416,0.0,1.299474426077753,360.0,442.0,372.0,388.0,398.0
infant7,3676,377.52,11.055038559454257,3.1298431857438063,0.0,61.00588748684497,364.0,402.0,366.0,376.0,384.0
infant7,3677,376.56,7.656289931174504,3.0371845179241856,0.0,8.645553484332808,364.0,390.0,370.5,377.0,382.0
infant7,3678,488.24,162.63274766247076,40.82916124736418,12.244897959183673,10.535202933602802,370.0,808.0,378.5,387.0,593.0
infant7,3679,501.2,155.05048552398824,41.21620446140185,12.244897959183673,25.046359791729767,380.0,808.0,392.0,408.0,593.0
infant7,3680,402.4,21.983296070481536,5.742786069211937,0.0,15.44709761148502,380.0,466.0,384.0,396.0,417.0
infant7,3681,406.4,14.7634407803015,4.2378277069118075,0.0,4.01027859249543,380.0,430.0,396.5,408.0,417.5
infant7,3682,407.92,8.121123879194583,4.160062793874582,0.0,0.9942756389671957,398.0,430.0,402.0,404.0,412.0
infant7,3683,400.24,4.326284167028046,3.475864303027554,0.0,2.21886495405185,392.0,414.0,398.0,400.0,403.5
infant7,3684,399.48,4.077013713041266,3.4641016151377544,0.0,1.4487262669039949,392.0,408.0,396.0,399.0,402.0
infant7,3685,396.84,6.491312876232577,3.270149469217028,0.0,5.383886000616893,384.0,408.0,392.5,397.0,402.0
infant7,3686,393.48,4.550128950852685,2.2314999074019015,0.0,2.4448767596403562,384.0,402.0,390.0,394.0,397.5
infant7,3687,393.0,5.774680837545068,2.634155559226539,0.0,3.8232875795696226,384.0,410.0,388.5,392.0,397.5
infant7,3688,392.88,11.613925490811555,3.475864303027554,0.0,13.095769478202818,376.0,420.0,384.5,390.0,399.5
infant7,3689,386.6,14.907880397936646,3.7471077281725718,0.0,24.36749101837724,370.0,420.0,376.0,379.0,397.5
infant7,3690,385.68,14.016666464445468,3.3073819722257785,0.0,8.652633735907914,370.0,414.0,376.0,378.0,395.5
infant7,3691,383.68,14.322011031974524,2.7255405754769875,0.0,3.1328345107053233,368.0,414.0,372.5,380.0,389.5
infant7,3692,365.28,10.299673067924168,2.457807219155036,0.0,30.57178225513554,350.0,386.0,356.0,366.0,372.0
infant7,3693,355.88,3.034764557320279,2.0995626366712954,0.0,24.236559129799844,350.0,364.0,354.0,356.0,358.0
infant7,3694,353.16,4.1025626635266965,2.7847983842311326,0.0,5.025714768934266,346.0,360.0,350.0,354.0,356.0
infant7,3695,344.28,7.677265669707237,2.695423180587601,0.0,34.28185925593837,332.0,356.0,338.0,345.0,350.0
infant7,3696,340.48,5.890982385764513,1.7612611437054218,0.0,96.88971821542083,332.0,358.0,336.0,340.0,344.0
infant7,3697,355.44,13.612959011957118,2.5394841192330255,0.0,13.055036294230792,334.0,376.0,342.5,359.0,368.0
infant7,3698,368.04,4.453661644177331,2.813959371941744,0.0,3.018282578351011,360.0,376.0,366.0,368.0,370.0
infant7,3699,366.56,5.7858377411872635,2.4411439272335804,0.0,6.117272826709187,358.0,380.0,362.0,366.0,370.0
infant7,3700,375.8,12.734334113180887,2.710523708715754,0.0,5.677135455498846,358.0,398.0,362.0,378.0,388.0
infant7,3701,374.44,15.323930864594017,2.9277002188455996,0.0,35.38717696135436,348.0,398.0,360.5,378.0,388.0
infant7,3702,353.44,11.759772314885998,2.2857142857142856,0.0,425.1378600139397,342.0,384.0,344.0,348.0,359.5
infant7,3703,342.16,3.4247597860049597,1.3702375780893485,0.0,7.587060258588998,336.0,348.0,338.5,344.0,344.0
infant7,3704,335.44,4.866210024238575,1.7612611437054218,0.0,10.501622781525331,326.0,344.0,332.0,336.0,338.0
infant7,3705,329.6,2.9416086117105715,2.138089935299395,0.0,10.970718756164821,326.0,336.0,328.0,328.0,331.5
infant7,3706,329.64,3.0153349561796916,2.0603150145508513,0.0,5.624729006838204,326.0,336.0,328.0,328.0,330.0
infant7,3707,332.4,2.8855728395320224,2.0603150145508513,0.0,14.675047440795494,328.0,338.0,330.0,332.0,335.5
infant7,3708,329.96,4.285523805290818,2.080031396937291,0.0,5.5919488353229125,322.0,338.0,326.0,330.0,333.5
infant7,3709,323.76,3.6731791268544454,1.8735538640862859,0.0,24.925231660360083,318.0,332.0,320.5,322.0,326.0
infant7,3710,321.56,1.357669070916197,1.7142857142857144,0.0,6.99865740262011,318.0,324.0,320.0,322.0,322.0
infant7,3711,320.04,2.6338456403409176,2.0,0.0,8.995884373336798,316.0,324.0,318.0,320.0,322.0
infant7,3712,318.48,1.9191834998567618,2.0995626366712954,0.0,3.208062167802036,316.0,324.0,316.5,318.0,320.0
infant7,3713,320.68,2.4448195960321604,2.040408122440814,0.0,7.705471911084534,316.0,328.0,320.0,320.0,322.0
infant7,3714,322.28,1.7617245725106283,2.1189138534559038,0.0,4.100885828785025,318.0,328.0,322.0,322.0,324.0
infant7,3715,321.44,1.7631141280618872,2.080031396937291,0.0,6.183160487622857,318.0,326.0,320.0,322.0,322.0
infant7,3716,320.8,2.060315014550851,3.368521749300456,0.0,1.3559492823331867,316.0,328.0,320.0,320.0,322.0
infant7,3717,319.4,2.920721185751553,3.282607226593159,0.0,3.9966634046903806,314.0,328.0,318.0,320.0,321.5
infant7,3718,318.2,1.8626292586293283,1.9378085666072196,0.0,1.5378577463496914,314.0,322.0,316.0,318.0,320.0
infant7,3719,319.04,2.0698023172885525,1.9378085666072196,0.0,3.2626071476617535,316.0,324.0,318.0,319.0,320.0
infant7,3720,319.64,2.164273927360643,2.2677868380553634,0.0,18.482154698218366,316.0,324.0,318.0,320.0,322.0
infant7,3721,318.2,2.5951288749407073,2.5714285714285716,0.0,2.673564536650956,312.0,324.0,316.0,318.0,320.0
infant7,3722,315.2,2.2857142857142856,2.1570955529345,0.0,4.3789991280400775,312.0,320.0,314.0,314.0,316.0
infant7,3723,311.84,2.485550076677891,1.7142857142857144,0.0,14.871335026959295,308.0,316.0,310.0,312.0,314.0
infant7,3724,309.56,2.434111328428442,3.142857142857143,0.0,3.8128541943282914,304.0,316.0,308.0,310.0,310.0
infant7,3725,310.48,2.7865566491969394,3.1558174334820746,0.0,5.320517667627193,304.0,316.0,308.0,310.0,312.0
infant7,3726,310.08,2.284285267577907,1.9166296949998198,0.0,20.708082882765318,306.0,316.0,308.0,310.0,312.0
infant7,3727,311.52,5.307830180449427,2.3211538298959886,0.0,8.047060295278472,306.0,324.0,308.0,310.0,313.5
infant7,3728,316.04,5.166453802944451,2.3733211036908783,0.0,46.584926556603584,308.0,326.0,312.5,316.0,320.0
infant7,3729,314.16,4.460072297391511,2.1759351731039738,0.0,56.34455687057533,308.0,326.0,310.5,314.0,316.0
infant7,3730,309.2,2.2131333406899523,1.9378085666072196,0.0,11.381976023226969,306.0,314.0,308.0,308.0,310.0
infant7,3731,309.32,2.4448195960321604,1.538618516324144,0.0,12.251966608979272,306.0,314.0,308.0,308.0,312.0
infant7,3732,312.56,2.4591354047257155,2.0,0.0,1.1753872532123804,306.0,316.0,312.0,312.0,314.0
infant7,3733,315.04,1.7256764423476,2.138089935299395,0.0,2.320012884957382,312.0,318.0,314.0,316.0,316.0
infant7,3734,314.96,1.989359449774767,2.5714285714285716,0.0,12.086726090164447,310.0,318.0,314.0,316.0,316.0
infant7,3735,313.08,1.860875370049575,2.523360247522242,0.0,0.984843025052267,310.0,316.0,312.0,312.0,314.0
infant7,3736,310.16,2.613622085949548,2.1189138534559038,0.0,6.265106340324456,304.0,314.0,308.0,310.0,312.0
infant7,3737,308.0,1.616244071283537,2.3733211036908783,0.0,0.15602689682080503,304.0,312.0,308.0,308.0,308.0
infant7,3738,308.88,2.5285310731242956,2.740475156178697,0.0,2.3327984738924767,304.0,318.0,308.0,308.0,310.0
infant7,3739,310.68,2.902778401631718,3.245090483314442,0.0,16.587426052195024,304.0,318.0,308.0,311.0,312.0
infant7,3740,309.24,3.178756013902037,2.8284271247461903,0.0,3.897108599051625,304.0,316.0,306.0,310.0,312.0
infant7,3741,308.6,2.4327694808466287,2.3211538298959886,0.0,6.407417041499078,304.0,314.0,306.0,308.0,310.0
infant7,3742,307.88,3.366339985497482,2.7255405754769875,0.0,24.613715056209642,302.0,314.0,304.5,308.0,310.0
infant7,3743,302.56,3.791289694948199,2.695423180587601,0.0,53.851259941637565,296.0,312.0,300.0,302.0,304.0
infant7,3744,299.28,1.750102037841549,2.1759351731039738,0.0,26.33393442697528,294.0,302.0,298.0,300.0,300.0
infant7,3745,307.64,16.135598873931148,3.440455593940656,0.0,35.36178731727047,294.0,362.0,300.0,302.0,306.0
infant7,3746,329.92,20.101619388517346,4.100771455544949,0.0,5.730233852959734,300.0,364.0,306.5,336.0,345.5
infant7,3747,334.52,11.667572365233447,3.67006645104718,0.0,4.616850082054692,316.0,364.0,324.5,334.0,342.0
infant7,3748,321.88,6.025930362582518,2.138089935299395,0.0,63.25877615142163,314.0,338.0,318.0,320.0,324.0
infant7,3749,316.6,3.083861877846129,2.4907993963089563,0.0,29.843184827951436,308.0,322.0,314.5,316.0,318.0
infant7,3750,316.88,3.0280322970266904,2.5071326821120348,0.0,8.042572089185146,308.0,322.0,316.0,317.0,319.5
infant7,3751,317.24,2.707208819399925,2.040408122440814,0.0,1.7677495213204732,312.0,322.0,316.0,318.0,320.0
infant7,3752,315.56,2.331330530151468,2.3386722205349857,0.0,16.82946342912286,312.0,322.0,314.0,316.0,317.5
infant7,3753,315.84,1.6581277861196464,2.2131333406899527,0.0,0.23331093422752794,312.0,320.0,314.0,316.0,316.0
infant7,3754,317.52,2.0024474820497407,1.4846149779161804,0.0,0.3399473210477181,314.0,322.0,316.0,318.0,318.0
infant7,3755,318.92,2.464772208707394,1.9166296949998198,0.0,36.981994211635175,314.0,324.0,318.0,318.0,320.0
infant7,3756,318.12,3.6457411552973107,2.9554515522253144,0.0,43.00477737113911,310.0,326.0,316.0,318.0,320.0
infant7,3757,317.8,3.943478211954931,2.9416086117105715,0.0,34.37662519692898,310.0,326.0,314.0,318.0,321.5
infant7,3758,314.2,5.194188275056526,2.0995626366712954,0.0,28.81990109750948,306.0,324.0,310.0,312.0,318.0
infant7,3759,308.96,2.1088733813995355,2.3386722205349857,0.0,0.9398119426824177,304.0,314.0,308.0,308.0,310.0
infant7,3760,306.84,2.0239383712485526,2.1946130708196026,0.0,2.804544603360579,302.0,312.0,306.0,308.0,308.0
infant7,3761,325.0,28.105486427865625,7.154276586027951,0.0,4.857492627729605,302.0,394.0,306.0,308.0,346.0
infant7,3762,336.72,21.79968170522174,7.2843135908468355,0.0,12.103381377943338,304.0,394.0,326.0,330.0,346.0
infant7,3763,322.88,7.023691685855749,2.1189138534559038,0.0,52.45685001315213,314.0,338.0,316.0,321.0,329.5
infant7,3764,315.6,2.0203050891044216,1.8735538640862859,0.0,2.811596525357974,312.0,320.0,314.0,316.0,316.0
infant7,3765,317.48,3.3760259211694694,2.4743582965269675,0.0,4.754338417187377,312.0,324.0,314.0,318.0,320.0
infant7,3766,319.84,1.706649659779209,2.0603150145508513,0.0,0.28317482891291357,316.0,324.0,318.0,320.0,321.5
infant7,3767,321.08,3.6187719193231334,1.4568627181693672,0.0,13.128188386628025,316.0,330.0,318.0,320.0,322.0
infant7,3768,325.12,4.64512032752036,1.979486637221574,0.0,10.299004930203893,316.0,336.0,322.0,326.0,328.0
infant7,3769,328.8,4.237827706911807,2.2857142857142856,0.0,20.044071068607618,322.0,342.0,326.0,328.0,332.0
infant7,3770,333.12,4.817654607624683,2.249716535431946,0.0,2.39373993524805,324.0,342.0,330.0,334.0,336.0
infant7,3771,334.72,7.75923413010036,3.0237157840738176,0.0,18.498784173095597,324.0,366.0,328.5,334.0,338.0
infant7,3772,347.16,19.844662059226355,4.973398624436917,0.0,3.173212194771622,324.0,400.0,330.0,344.0,357.5
infant7,3773,346.56,19.251461646072595,4.228185310556784,0.0,88.41315077244586,324.0,400.0,330.0,342.0,354.0
infant7,3774,334.68,5.578530272392541,2.5071326821120348,0.0,31.59170891204162,324.0,344.0,330.0,336.0,340.0
infant7,3775,335.24,4.930372341778199,3.0904725218262765,0.0,40.89718389995758,326.0,344.0,330.5,336.0,340.0
infant7,3776,332.04,3.3439558633939135,2.9416086117105715,0.0,6.754939207306675,326.0,340.0,330.0,332.0,332.0
infant7,3777,332.36,2.4806187509883704,2.649605284427344,0.0,6.245000838221372,328.0,338.0,330.0,332.0,334.0
infant7,3778,333.36,2.981302276741847,2.5555062599997598,0.0,45.02525117685159,330.0,342.0,330.0,334.0,334.0
infant7,3779,337.2,6.272713828600043,2.407471363764674,0.0,12.850393888371482,330.0,352.0,332.0,336.0,342.0
infant7,3780,337.6,5.598833697790121,2.523360247522242,0.0,14.441889766533611,330.0,352.0,334.0,336.0,341.5
infant7,3781,336.28,3.8547082263388086,2.3733211036908783,0.0,18.461334457419703,330.0,346.0,334.0,336.0,338.0
infant7,3782,334.4,5.451081150953975,1.9166296949998198,0.0,42.27706616990795,326.0,346.0,330.0,333.0,338.0
infant7,3783,329.96,4.0706014197373035,1.5649215928719031,0.0,30.926215630403185,324.0,342.0,328.0,330.0,332.0
infant7,3784,334.84,6.364313772585255,2.1946130708196026,0.0,7.591127015577803,324.0,346.0,328.0,336.0,340.0
infant7,3785,335.28,5.372036439768822,2.710523708715754,0.0,27.840077491902026,324.0,346.0,332.0,336.0,340.0
infant7,3786,330.16,4.709348063551204,2.5394841192330255,0.0,34.15605067572455,324.0,342.0,326.0,330.0,334.0
infant7,3787,335.08,7.139542087871588,2.2131333406899527,0.0,27.98783290827728,324.0,346.0,326.5,338.0,340.0
infant7,3788,338.6,3.003399434518377,2.356060357495806,0.0,7.849103224343096,334.0,346.0,336.0,338.0,340.0
infant7,3789,338.76,7.927116983712892,2.75532878885513,0.0,29.550980484303047,330.0,360.0,334.0,336.0,338.0
infant7,3790,343.96,9.50608827466452,2.7255405754769875,0.0,12.50941524033526,330.0,360.0,336.0,343.0,352.0
infant7,3791,339.64,8.904848484427584,1.8735538640862859,0.0,152.39150502656784,330.0,358.0,332.0,335.0,346.0
infant7,3792,342.28,11.654971786621312,2.0603150145508513,0.0,41.13757048780424,330.0,366.0,332.0,335.0,352.0
infant7,3793,345.44,9.249732483721255,2.3386722205349857,0.0,31.715279163747926,336.0,366.0,338.0,342.0,352.0
infant7,3794,337.72,2.5558256783198625,1.9166296949998198,0.0,0.8276154657712848,332.0,344.0,336.0,338.0,340.0
infant7,3795,336.56,2.0618992631621387,2.080031396937291,0.0,1.8231801027312955,332.0,340.0,336.0,336.0,338.0
infant7,3796,334.48,3.6040793214220526,2.407471363764674,0.0,6.155755109571316,326.0,340.0,332.0,335.0,338.0
infant7,3797,334.68,4.3445485428081385,2.2857142857142856,0.0,20.822905253900615,326.0,342.0,332.0,334.0,338.0
infant7,3798,340.12,4.649511714543094,2.1570955529345,0.0,6.70722699451097,328.0,348.0,338.0,340.0,343.5
infant7,3799,338.16,5.977372298245839,2.2677868380553634,0.0,66.86046408405768,328.0,348.0,332.5,339.0,343.5
infant7,3800,335.08,3.409710024177949,2.2857142857142856,0.0,46.23810202947724,328.0,342.0,332.5,335.0,338.0
infant7,3801,338.68,2.698752546292907,2.4411439272335804,0.0,4.421796840180886,334.0,344.0,336.0,338.0,340.0
infant7,3802,339.84,2.485550076677891,1.9166296949998198,0.0,16.037694080150363,336.0,344.0,338.0,340.0,342.0
infant7,3803,338.08,5.078325290398602,6.922309394048981,0.0,3.08392865800325,318.0,358.0,336.0,338.0,340.0
infant7,3804,343.32,9.532843334536466,7.205440121667709,0.0,43.53350091735758,318.0,376.0,336.0,344.0,348.0
infant7,3805,358.24,13.331809436724742,3.295017884191656,0.0,4.246574056272525,344.0,390.0,348.0,354.0,365.5
infant7,3806,358.32,12.547769945780999,2.5071326821120348,0.0,38.64846986578017,344.0,390.0,350.5,354.0,361.0
infant7,3807,351.68,4.395916472438149,2.040408122440814,0.0,64.9027604845026,344.0,360.0,348.0,352.0,354.0
infant7,3808,359.04,13.032079728148394,2.8996833043120627,0.0,11.833128018876804,344.0,390.0,350.0,355.0,360.0
infant7,3809,361.76,12.813513275014765,3.282607226593159,0.0,19.237108745372645,346.0,390.0,350.0,358.0,370.0
infant7,3810,363.48,8.249279498531854,2.813959371941744,0.0,54.76951705944634,348.0,376.0,358.0,364.0,370.0
infant7,3811,368.56,6.869512652410844,2.649605284427344,0.0,9.27614497347262,354.0,378.0,362.5,370.0,374.0
infant7,3812,373.2,8.171628369185767,2.4411439272335804,0.0,2.204494216108216,354.0,388.0,372.0,374.0,378.0
infant7,3813,372.04,8.838598097352916,2.602981022612657,0.0,0.8795175015922374,348.0,388.0,370.5,374.0,376.0
infant7,3814,362.12,11.769278583131038,3.2576440717118227,0.0,117.6092921317945,344.0,384.0,352.0,360.0,372.0
infant7,3815,369.4,15.350330715044041,3.0371845179241856,0.0,4.438490459459864,344.0,388.0,352.0,376.0,382.0
infant7,3816,378.2,8.033094811148313,2.9554515522253144,0.0,9.367385325222367,366.0,404.0,374.0,377.0,382.0
infant7,3817,392.72,20.064223414438192,4.370588154508101,0.0,4.737964822662927,366.0,428.0,374.0,394.0,409.5
infant7,3818,388.76,23.20763421192013,4.4077853201547175,0.0,26.04468917723172,360.0,428.0,366.0,387.0,409.5
infant7,3819,362.24,8.414176569750527,2.770102775666474,0.0,15.489889023450909,350.0,388.0,356.0,362.0,366.0
infant7,3820,356.84,5.33130913968203,2.2857142857142856,0.0,6.184849449622175,350.0,368.0,352.0,356.0,360.0
infant7,3821,363.36,11.273519632215983,3.948649988881501,0.0,3.648566565633097,352.0,398.0,354.0,361.0,368.0
infant7,3822,369.16,10.262593060553975,3.875617133214439,0.0,1.094296252579853,352.0,398.0,362.0,368.0,374.0
infant7,3823,357.92,12.23551204903337,2.080031396937291,0.0,43.405559931524245,342.0,380.0,348.0,355.0,369.5
infant7,3824,347.44,3.659820448367066,2.040408122440814,0.0,1.3462344232673105,342.0,354.0,344.0,347.0,350.0
infant7,3825,350.12,4.804929441602187,2.0203050891044216,0.0,1.4315773691213285,342.0,360.0,346.5,350.0,354.0
infant7,3826,354.16,3.5877342062496607,2.0203050891044216,0.0,2.8299672686461843,348.0,360.0,352.0,355.0,356.0
infant7,3827,365.0,12.042441951832913,2.9137254363387344,0.0,23.456982291026254,350.0,390.0,356.0,358.0,375.5
infant7,3828,377.32,12.464545637895657,3.7361990944634345,0.0,11.924310407308749,354.0,404.0,366.5,378.0,384.0
infant7,3829,381.24,13.74930053879551,3.499271061118826,0.0,4.9983151048418595,362.0,404.0,366.5,382.0,393.5
infant7,3830,385.12,10.813143929156453,3.142857142857143,0.0,3.871059701087943,362.0,402.0,380.5,386.0,394.0
infant7,3831,382.08,7.761337986902695,2.8996833043120627,0.0,2.5042859977622736,372.0,402.0,376.0,380.0,386.0
infant7,3832,380.4,5.237229365663817,2.407471363764674,0.0,1.0001281649023075,372.0,390.0,376.0,380.0,385.5
infant7,3833,380.04,7.575362859228565,2.9137254363387344,0.0,17.842926551317998,364.0,392.0,373.0,382.0,386.0
infant7,3834,381.8,9.001133715441922,3.0639443699324596,0.0,3.9876859293062665,364.0,396.0,373.0,384.0,388.0
infant7,3835,381.12,7.878257343823582,2.390457218668787,0.0,12.52135146867429,370.0,396.0,374.0,379.0,388.0
infant7,3836,387.36,17.762331157910136,3.625307868699863,0.0,7.373124625678883,370.0,428.0,374.0,378.0,402.0
infant7,3837,392.56,16.75777005281004,3.843892584878203,0.0,2.9691314155423902,372.0,428.0,378.0,388.0,406.0
infant7,3838,373.36,14.936272791361278,2.3733211036908783,0.0,15.989680320196996,354.0,410.0,362.0,372.0,382.0
infant7,3839,361.4,4.593695768803865,3.0904725218262765,0.0,2.277440357613568,354.0,372.0,358.0,362.0,364.0
infant7,3840,356.8,5.174505793221381,2.9137254363387344,0.0,45.32349410641707,350.0,368.0,352.0,356.0,362.0
infant7,3841,351.52,2.2699456075475664,1.958758457257441,0.0,2.081323226093469,348.0,356.0,350.0,352.0,352.0
infant7,3842,352.56,6.701081240808708,2.356060357495806,0.0,3.532921576131923,346.0,370.0,348.0,350.0,352.0
infant7,3843,359.84,8.776964283897726,2.2677868380553634,0.0,1.675331839036138,346.0,372.0,350.0,362.0,368.0
infant7,3844,366.88,5.239722690901782,2.080031396937291,0.0,1.047445621190113,356.0,376.0,364.0,368.0,370.0
infant7,3845,369.84,4.196013657299616,1.8294640678379568,0.0,3.7209936558484666,362.0,378.0,366.5,370.0,374.0
infant7,3846,378.28,9.9468793178195,2.740475156178697,0.0,4.733794874282818,364.0,404.0,372.0,377.0,382.0
infant7,3847,378.64,9.63361461821288,2.8713930346059686,0.0,5.933631890104621,368.0,404.0,370.0,378.0,382.0
infant7,3848,370.96,5.802743897045075,2.407471363764674,0.0,3.5629463032534727,362.0,382.0,368.0,370.0,376.0
infant7,3849,372.68,6.80468026209812,2.3211538298959886,0.0,4.939211555818189,362.0,382.0,366.5,373.0,380.0
infant7,3850,376.08,6.577140374828873,2.740475156178697,0.0,4.016616717703477,366.0,394.0,370.0,376.0,380.0
infant7,3851,375.6,7.5592894601845435,3.05059378629466,0.0,0.8176345734456704,362.0,394.0,370.0,376.0,380.0
infant7,3852,368.52,7.987847913281417,2.634155559226539,0.0,4.196560216771666,356.0,384.0,362.0,366.0,376.0
infant7,3853,360.56,3.8764595671192295,2.3035022137995855,0.0,88.5921738553661,354.0,368.0,358.0,360.0,364.0
infant7,3854,366.52,10.220507595525973,1.958758457257441,0.0,24.893593995409013,354.0,384.0,358.0,360.0,378.0
infant7,3855,375.88,6.419485642819629,2.9277002188455996,0.0,2.6169534423569396,360.0,386.0,372.0,377.0,381.5
infant7,3856,366.92,11.614276928480246,3.0237157840738176,0.0,15.444778571366866,348.0,386.0,354.5,369.0,376.0
infant7,3857,353.28,6.878063324951349,2.0603150145508513,0.0,3.5228827123436326,344.0,370.0,348.5,352.0,355.5
infant7,3858,348.48,3.7592878179196636,1.5907898179514348,0.0,17.509815191692827,342.0,356.0,344.5,349.0,352.0
infant7,3859,346.4,3.232488142567074,1.958758457257441,0.0,12.103090657057708,340.0,352.0,344.0,346.0,350.0
infant7,3860,347.96,7.532135236736645,2.770102775666474,0.0,101.1390698871338,340.0,376.0,344.0,346.0,348.0
infant7,3861,354.48,8.29615106232882,2.75532878885513,0.0,2.584438929724643,340.0,376.0,348.0,356.0,358.0
infant7,3862,361.16,5.175925432387203,2.2131333406899527,0.0,4.922079775352478,352.0,372.0,356.0,358.0,366.0
infant7,3863,369.24,7.471196390820153,2.6186146828319083,0.0,3.0171611415412607,356.0,384.0,364.0,368.0,373.5
infant7,3864,376.28,5.757125132904301,2.8713930346059686,0.0,3.2548398132858773,362.0,388.0,372.0,376.0,380.0
infant7,3865,376.16,6.867135576090526,2.9416086117105715,0.0,1.656657498625971,360.0,388.0,372.0,376.0,382.0
infant7,3866,370.16,7.749549032303856,2.649605284427344,0.0,52.62061592367414,360.0,386.0,364.0,370.0,376.0
infant7,3867,368.16,4.4048211064232605,2.3733211036908783,0.0,5.751194388977687,360.0,376.0,364.0,369.0,372.0
infant7,3868,378.6,10.530809996561208,2.710523708715754,0.0,39.19070967089527,366.0,400.0,370.0,374.0,386.0
infant7,3869,377.4,11.87176379103813,2.5394841192330255,0.0,36.16942701928365,362.0,400.0,368.0,374.0,386.0
infant7,3870,360.8,8.13157112614726,1.8516401995451028,0.0,10.810355211976663,348.0,380.0,354.0,360.0,368.0
infant7,3871,348.32,6.185697789486417,1.5907898179514348,0.0,53.13591938702371,340.0,358.0,342.0,348.0,354.0
infant7,3872,343.0,2.3989793748209522,1.616244071283537,0.0,6.088489342182815,338.0,348.0,342.0,343.0,344.0
infant7,3873,348.4,10.497813183356477,2.634155559226539,0.0,6.249179215783544,338.0,382.0,344.0,344.0,346.0
infant7,3874,360.68,13.22094812741337,3.010186786529354,0.0,18.107463925395965,342.0,386.0,346.0,361.0,368.0
infant7,3875,373.4,9.758303633107465,2.8284271247461903,0.0,5.990810884016699,356.0,388.0,364.5,376.0,382.0
infant7,3876,372.12,8.255214802085494,2.5714285714285716,0.0,17.869914917956695,362.0,388.0,364.0,369.0,380.0
infant7,3877,364.64,5.2905769138755225,2.4907993963089563,0.0,2.6966695061723995,354.0,376.0,362.5,364.0,367.5
infant7,3878,363.92,5.420445045362596,2.356060357495806,0.0,3.6122418018057783,354.0,376.0,360.0,364.0,366.0
infant7,3879,365.28,4.328547854721286,2.040408122440814,0.0,1.431319112994684,358.0,374.0,362.0,366.0,368.0
infant7,3880,360.48,7.767646138349265,2.0,0.0,54.364625856777984,350.0,374.0,354.0,360.0,368.0
infant7,3881,362.56,9.856438898258439,2.634155559226539,0.0,11.662078643027014,350.0,380.0,354.0,360.0,371.5
infant7,3882,374.56,6.452843069025419,2.710523708715754,0.0,1.1172429745387271,356.0,386.0,372.0,375.0,378.0
infant7,3883,371.64,10.009709571924937,2.3211538298959886,0.0,38.97554777738713,354.0,386.0,362.0,374.0,378.0
infant7,3884,362.56,8.172027950045603,2.7255405754769875,0.0,8.970820396147083,354.0,384.0,356.0,359.0,367.5
infant7,3885,360.6,4.280949732506199,2.75532878885513,0.0,2.9637150191756616,354.0,368.0,358.0,360.0,364.0
infant7,3886,367.44,7.959489266765495,3.1687247161169765,0.0,4.7360311227475265,356.0,384.0,360.5,366.0,374.0
infant7,3887,367.68,7.584732247436697,2.7847983842311326,0.0,44.50671013766825,358.0,384.0,362.0,364.0,374.0
infant7,3888,357.4,7.50781905341195,1.8735538640862859,0.0,21.82496702281152,340.0,368.0,352.5,360.0,362.0
infant7,3889,345.68,9.675215548935709,1.8516401995451028,0.0,22.34429756063549,334.0,366.0,338.0,342.0,352.0
infant7,3890,339.48,3.99612056773025,1.7612611437054218,0.0,24.262192699574452,334.0,348.0,336.0,338.0,342.0
infant7,3891,342.88,4.766550115125193,1.8735538640862859,0.0,33.92302767332697,334.0,350.0,340.0,344.0,348.0
infant7,3892,344.84,2.8881178109273726,2.3211538298959886,0.0,9.093427272604458,338.0,350.0,344.0,345.0,347.5
infant7,3893,343.32,4.45586062142332,2.770102775666474,0.0,17.665340879570063,334.0,358.0,340.0,344.0,346.0
infant7,3894,347.0,6.630172220498453,2.649605284427344,0.0,4.454872048637802,334.0,360.0,340.5,350.0,352.0
infant7,3895,369.36,24.224932341263113,5.56226352398051,0.0,16.021748141518078,348.0,430.0,352.0,355.0,383.5
infant7,3896,379.08,19.184219705640512,6.350317363112248,0.0,8.993270915186192,352.0,430.0,368.5,375.0,385.5
infant7,3897,379.72,11.44291956465942,4.589250972631146,0.0,3.8652132554887886,352.0,406.0,372.5,380.0,386.0
infant7,3898,380.6,9.833304508201726,3.534090536243709,0.0,2.0193749412903506,366.0,406.0,372.0,380.0,386.0
infant7,3899,367.04,7.626377426607028,2.8713930346059686,0.0,1.6587594865978457,354.0,384.0,360.5,366.0,372.0
infant7,3900,363.52,5.0395982995084205,3.0237157840738176,0.0,2.0688266179462844,354.0,376.0,360.0,364.0,366.0
infant7,3901,364.32,4.595650117230423,2.8996833043120627,0.0,5.256947521406412,356.0,376.0,362.0,364.0,368.0
infant7,3902,363.36,4.702409282615082,2.4907993963089563,0.0,9.39687522413742,356.0,372.0,360.0,363.0,368.0
infant7,3903,362.4,4.535573676110726,2.249716535431946,0.0,8.305430651104531,356.0,372.0,360.0,362.0,364.0
infant7,3904,359.24,3.449696821934546,1.8735538640862859,0.0,2.0966406347149085,350.0,364.0,358.0,360.0,362.0
infant7,3905,357.2,5.252793231671497,1.8952141659173714,0.0,51.39775383172558,348.0,368.0,352.0,358.0,362.0
infant7,3906,357.8,5.514359733033937,2.3035022137995855,0.0,21.92757619604259,348.0,368.0,354.0,358.0,362.0
infant7,3907,359.56,3.8394302298382654,2.9965967090575756,0.0,4.83219152187887,352.0,368.0,356.0,360.0,362.0
infant7,3908,363.4,5.543887974837787,3.0639443699324596,0.0,6.55411770009097,356.0,376.0,360.0,362.0,366.0
infant7,3909,360.96,7.242054055223249,2.5555062599997598,0.0,18.231229490868678,348.0,376.0,356.0,359.0,366.0
infant7,3910,351.48,5.187268558889237,2.3211538298959886,0.0,39.71358760837839,340.0,360.0,348.0,352.0,356.0
infant7,3911,344.52,4.828655958685288,2.2677868380553634,0.0,21.295656782749084,336.0,356.0,340.0,344.0,348.0
infant7,3912,341.84,2.5503901262195883,2.2677868380553634,0.0,6.894997762460979,336.0,346.0,340.0,342.0,344.0
infant7,3913,341.8,2.531435020952764,2.695423180587601,0.0,1.54164463245369,336.0,346.0,340.0,342.0,344.0
infant7,3914,341.0,3.2134919654862837,3.0639443699324596,0.0,14.55075418674128,332.0,346.0,338.0,342.0,344.0
infant7,3915,339.72,4.120828131552676,2.9965967090575756,0.0,32.48332763306762,330.0,346.0,336.0,340.0,344.0
infant7,3916,335.76,4.70587995198018,2.5394841192330255,0.0,109.22917039569396,328.0,346.0,332.0,336.0,339.5
infant7,3917,337.36,5.60524535682463,2.8713930346059686,0.0,11.47863505570601,328.0,348.0,332.0,336.0,341.5
infant7,3918,342.4,3.614031611621005,3.142857142857143,0.0,0.9689334891389201,336.0,350.0,340.0,342.0,346.0
infant7,3919,344.08,3.180553154303028,3.1687247161169765,0.0,1.13956284024205,336.0,350.0,342.0,344.0,346.0
infant7,3920,341.84,7.947172517342767,8.055926959926676,0.0,4.06693566485266,304.0,348.0,340.0,344.0,346.0
infant7,3921,337.0,7.320644557325118,8.055926959926676,0.0,0.4887124106921162,304.0,348.0,334.5,338.0,340.0
infant7,3922,336.8,2.6802375770419595,2.813959371941744,0.0,11.054191849158888,330.0,342.0,334.5,338.0,338.0
infant7,3923,342.0,4.865538961693257,2.75532878885513,0.0,2.6120679568254324,332.0,352.0,338.0,342.0,346.0
infant7,3924,350.4,8.750510189207745,3.5456210417116734,0.0,1.6529033950544445,340.0,374.0,344.5,346.0,353.5
infant7,3925,348.04,10.177927297914477,3.3926691677251193,0.0,17.975950018443253,336.0,374.0,340.0,344.0,353.5
infant7,3926,349.4,11.26489943069504,3.6811710647786073,0.0,11.024369698937488,336.0,380.0,340.0,346.0,354.0
infant7,3927,363.12,10.684033481254701,4.295227536677974,0.0,1.057303304158588,342.0,382.0,355.0,363.0,372.0
infant7,3928,364.56,7.825025265656544,3.270149469217028,0.0,10.634155697064326,354.0,382.0,358.0,364.0,370.0
infant7,3929,358.88,5.145396198624195,2.2677868380553634,0.0,2.011410876470586,350.0,370.0,354.0,359.0,362.0
infant7,3930,363.2,9.363411204670822,2.8713930346059686,0.0,14.39456852494739,350.0,384.0,356.0,361.0,370.0
infant7,3931,364.92,9.45200551011611,3.1687247161169765,0.0,12.954092144000608,350.0,384.0,356.5,366.0,372.0
infant7,3932,363.36,6.239309223931502,3.0371845179241856,0.0,2.970280223865455,350.0,376.0,360.0,364.0,367.5
infant7,3933,362.88,4.88496234815143,2.9277002188455996,0.0,2.630402679636456,356.0,374.0,358.0,364.0,366.0
infant7,3934,374.56,17.54778897636918,4.080816244881628,0.0,16.694200377213548,356.0,410.0,358.0,374.0,386.0
infant7,3935,380.28,13.696476531858663,4.179639668093655,0.0,2.850254088982666,362.0,410.0,368.0,379.0,386.0
infant7,3936,367.24,7.02055291734961,3.010186786529354,0.0,1.853287537416256,358.0,384.0,362.0,364.0,368.0
infant7,3937,360.48,3.9705034893806195,2.770102775666474,0.0,17.838953199632723,352.0,368.0,358.0,360.0,363.5
infant7,3938,361.48,5.155698254339166,2.6186146828319083,0.0,3.872032223391698,352.0,374.0,358.0,361.0,364.0
infant7,3939,365.68,3.6891456895014794,2.4743582965269675,0.0,2.045979641555074,358.0,374.0,362.5,366.0,368.0
infant7,3940,365.12,13.056611430260777,6.857142857142858,0.0,11.932411650467028,354.0,438.0,358.0,363.0,368.0
infant7,3941,371.76,21.61873714901884,7.959079015533782,0.0,1.4966284120801563,354.0,442.0,358.5,362.0,373.5
infant7,3942,370.88,17.98030668735738,4.7207747548166585,0.0,21.004215693856224,356.0,442.0,362.0,364.0,370.0
infant7,3943,363.52,3.441878936314422,2.842821248876057,0.0,11.044817700255095,356.0,370.0,360.5,364.0,366.0
infant7,3944,366.04,3.8859243640690315,2.4743582965269675,0.0,0.993433324646766,358.0,374.0,364.0,366.0,368.0
infant7,3945,369.6,6.833291853200798,2.842821248876057,0.0,4.223030320870074,358.0,386.0,364.0,368.0,372.0
infant7,3946,360.44,13.341908806922827,2.799416848895061,0.0,23.485730500087236,342.0,386.0,348.5,358.0,369.5
infant7,3947,347.16,4.55514958646827,2.0995626366712954,0.0,19.579219929348554,340.0,358.0,344.0,346.0,350.0
infant7,3948,345.36,2.5375546641342304,2.0,0.0,7.178903181060682,340.0,350.0,344.0,345.0,348.0
infant7,3949,342.04,4.4352944360768065,1.8516401995451028,0.0,23.031511331964115,332.0,350.0,338.0,342.0,346.0
infant7,3950,340.44,3.9235552391021224,2.457807219155036,0.0,5.6640003693281535,332.0,348.0,338.0,341.0,343.5
infant7,3951,338.04,5.275898221233644,2.5394841192330255,0.0,24.990728615578142,328.0,348.0,334.0,336.0,342.0
infant7,3952,334.28,1.938229783559615,2.1570955529345,0.0,3.151048950381078,328.0,338.0,334.0,334.0,336.0
infant7,3953,336.52,2.549429708137625,2.0203050891044216,0.0,10.316116296918219,332.0,342.0,334.0,336.0,338.0
infant7,3954,345.64,9.97703485459462,2.9137254363387344,0.0,4.549209285801031,334.0,366.0,338.0,340.0,357.5
infant7,3955,366.08,15.069688457432743,3.440455593940656,0.0,5.902153295978011,338.0,388.0,358.0,367.0,378.0
infant7,3956,375.88,7.509558534811158,3.3806170189140663,0.0,1.9742669146204386,362.0,390.0,370.0,376.0,382.0
infant7,3957,379.96,9.826993228773862,3.7688302737922625,0.0,2.548662206886039,362.0,398.0,370.5,384.0,388.0
infant7,3958,382.72,9.508406591977824,4.120630029101703,0.0,4.790756663686171,364.0,404.0,374.5,384.0,388.0
infant7,3959,377.4,11.579362359519681,4.898979485566356,0.0,3.6248227127622705,360.0,406.0,368.0,375.0,386.0
infant7,3960,395.96,21.873439302925718,5.972727131533392,0.0,2.936117531401747,360.0,426.0,376.0,399.0,416.0
infant7,3961,394.16,22.314413754891476,4.3799170619302545,0.0,8.169670681442978,368.0,426.0,372.0,394.0,416.0
infant7,3962,375.8,9.899494936611665,3.219836477024184,0.0,5.32426969634848,362.0,396.0,368.0,372.0,384.0
infant7,3963,382.68,10.098373277768198,3.232488142567074,0.0,4.090907651120529,362.0,396.0,374.5,388.0,391.5
infant7,3964,381.04,7.5402592928944845,2.710523708715754,0.0,5.503868213563894,368.0,394.0,376.0,379.0,388.0
infant7,3965,375.96,6.608467048771135,2.7847983842311326,0.0,2.5846237484192076,364.0,390.0,370.0,376.0,379.5
infant7,3966,387.68,21.51548090021106,5.299210568854688,0.0,8.291293094806804,364.0,440.0,371.0,382.0,392.0
infant7,3967,390.16,21.238547934530434,6.094494002200441,0.0,4.057266829704618,364.0,440.0,374.0,384.0,403.5
infant7,3968,376.2,10.0549510598673,4.060762972443398,0.0,14.016574446376348,366.0,408.0,370.0,372.0,378.0
infant7,3969,372.24,3.0941683132984874,2.710523708715754,0.0,0.41695645835959494,368.0,380.0,370.0,372.0,374.0
infant7,3970,374.04,6.471160511635215,3.2071349029490928,0.0,3.228714269441477,364.0,394.0,370.0,374.0,376.0
infant7,3971,376.88,8.032180175229321,3.6811710647786073,0.0,2.945408663619381,364.0,394.0,370.5,375.0,383.5
infant7,3972,383.12,10.183299653684688,3.6922422809485957,0.0,23.364365960338436,366.0,402.0,374.5,382.0,391.5
infant7,3973,378.48,12.23951446282549,3.219836477024184,0.0,4.631890383357162,362.0,402.0,368.0,375.0,391.0
infant7,3974,372.12,4.6142636001239214,2.799416848895061,0.0,5.408371541199139,362.0,378.0,368.0,374.0,376.0
infant7,3975,372.36,3.7837461191096784,3.219836477024184,0.0,1.6563468965148724,366.0,378.0,370.0,373.0,376.0
infant7,3976,379.08,13.013086035344012,4.160062793874582,0.0,3.1098657883592598,366.0,410.0,370.0,374.0,386.0
infant7,3977,382.28,11.535287475518638,3.7471077281725718,0.0,4.401514133427976,368.0,410.0,374.0,380.0,386.0
infant7,3978,383.96,14.604947442422324,3.6589281356759136,0.0,25.709652873904183,368.0,424.0,372.5,380.0,390.0
infant7,3979,393.2,17.55690456655682,4.763809143009447,0.0,5.434216085122732,368.0,426.0,376.5,396.0,405.5
infant7,3980,386.44,15.593248146396633,4.20883424647321,0.0,14.75319740682131,370.0,426.0,376.0,380.0,396.0
infant7,3981,379.28,7.053845383468335,3.0904725218262765,0.0,8.756056607421574,368.0,394.0,374.0,378.0,384.0
infant7,3982,378.56,7.149025907672417,2.457807219155036,0.0,10.60308928045419,368.0,394.0,374.0,376.0,383.5
infant7,3983,372.76,4.9469017308507235,2.3386722205349857,0.0,43.02456606010434,362.0,382.0,370.0,374.0,376.0
infant7,3984,372.64,4.632449874173998,2.457807219155036,0.0,4.395231587502752,362.0,380.0,370.0,374.0,376.0
infant7,3985,377.16,3.524607374283999,2.7255405754769875,0.0,2.315967516157056,370.0,384.0,374.0,378.0,380.0
infant7,3986,376.8,3.9175169145148816,2.407471363764674,0.0,0.6523617510153279,370.0,384.0,374.0,376.0,380.0
infant7,3987,374.28,3.1301039951426795,2.4907993963089563,0.0,0.9165208308899789,368.0,382.0,372.0,374.0,376.0
infant7,3988,378.32,7.277137809185528,2.9137254363387344,0.0,14.789572400032183,368.0,396.0,372.0,376.0,385.5
infant7,3989,380.4,7.068181072487417,3.2071349029490928,0.0,7.413129316161922,368.0,396.0,374.0,381.0,386.0
infant7,3990,382.68,7.694259720925803,3.510915922127002,0.0,1.558693345913777,368.0,400.0,378.0,383.0,387.5
infant7,3991,382.0,7.677159338596802,3.282607226593159,0.0,5.746169460980492,370.0,400.0,376.0,382.0,386.0
infant7,3992,376.8,4.140393356054124,2.649605284427344,0.0,1.8813873541155688,370.0,386.0,374.0,376.0,380.0
infant7,3993,378.16,3.8932699650047606,2.649605284427344,0.0,4.202421659412779,370.0,384.0,374.0,380.0,382.0
infant7,3994,379.4,3.083861877846129,2.6802375770419595,0.0,10.13351155727917,370.0,384.0,378.0,380.0,382.0
infant7,3995,379.88,3.3174861394909074,2.6802375770419595,0.0,0.7475437770526266,372.0,388.0,378.0,380.0,382.0
infant7,3996,379.24,5.328245872858409,3.116774889895918,0.0,2.4762326439647877,370.0,388.0,374.0,380.0,384.0
infant7,3997,378.84,9.017805516118132,3.6477558099439156,0.0,2.7974152223277025,366.0,400.0,372.0,378.0,384.0
infant7,3998,384.36,12.038645255668794,4.668609896676626,0.0,2.4368311346794207,366.0,412.0,374.5,384.0,393.5
infant7,3999,385.52,8.885300863143096,4.3518703462079475,0.0,5.551221457522819,368.0,412.0,380.0,384.0,388.0
infant7,4000,384.16,7.066332940393468,3.1558174334820746,0.0,2.81595833455712,376.0,400.0,378.0,382.0,386.0
infant7,4001,385.56,6.990255608301299,3.05059378629466,0.0,5.094484169338849,376.0,400.0,380.0,384.0,390.0
infant7,4002,383.32,4.653021840148395,2.857142857142857,0.0,1.6309073473777054,376.0,392.0,380.0,382.0,386.0
infant7,4003,383.92,7.38404236395303,3.1298431857438063,0.0,2.786216452942945,370.0,402.0,380.0,383.0,388.0
infant7,4004,379.48,9.30051567585017,2.6649654437396615,0.0,69.46782839506935,368.0,402.0,374.0,376.0,384.0
infant7,4005,373.92,3.0761757334159476,2.2677868380553634,0.0,6.765713166708645,368.0,380.0,372.0,374.0,376.0
infant7,4006,370.64,5.763219055141929,2.3733211036908783,0.0,14.098462754429681,360.0,380.0,366.5,373.0,374.0
infant7,4007,371.76,6.597958868050769,1.9378085666072196,0.0,46.78052478833084,360.0,380.0,366.5,374.0,378.0
infant7,4008,379.92,4.05995878133294,2.3386722205349857,0.0,8.851428049493224,372.0,386.0,378.0,380.0,384.0
infant7,4009,379.96,5.197958783042059,2.523360247522242,0.0,8.183086225880912,366.0,386.0,378.0,382.0,384.0
infant7,4010,376.88,12.630769039556231,4.0203563655629395,0.0,58.09086082367732,362.0,418.0,368.5,374.0,382.0
infant7,4011,382.72,15.068605016485671,4.571428571428571,0.0,4.1858200282399265,362.0,418.0,370.0,382.0,388.0
infant7,4012,390.2,11.684631455244874,3.896623341995959,0.0,5.178682319228629,370.0,414.0,382.0,387.0,399.5
infant7,4013,388.48,9.934972243010435,3.142857142857143,0.0,10.138137109669996,370.0,412.0,384.0,386.0,393.5
infant7,4014,384.72,3.828144965587252,2.710523708715754,0.0,1.2549454087941925,378.0,398.0,384.0,384.0,386.0
infant7,4015,385.32,7.522591824305106,7.194101892579527,0.0,2.850228842640129,362.0,402.0,380.0,384.0,388.0
infant7,4016,383.6,8.4370417487048,7.079720967636495,0.0,3.7684403833776177,362.0,402.0,378.0,382.0,389.5
infant7,4017,386.96,7.722112431722505,2.5555062599997598,0.0,32.852527197278135,372.0,396.0,378.5,390.0,394.0
infant7,4018,388.84,5.497160677131794,2.7255405754769875,0.0,3.4815794699926563,378.0,396.0,384.5,390.0,394.0
infant7,4019,385.96,4.342293196466774,3.0904725218262765,0.0,29.875272449547616,378.0,394.0,382.5,386.0,390.0
infant7,4020,384.64,5.021423491157764,3.295017884191656,0.0,4.720556410035879,372.0,394.0,382.0,385.0,388.0
infant7,4021,380.64,5.97190702116064,3.5225222874108435,0.0,12.091789306926604,370.0,392.0,376.0,381.0,385.5
infant7,4022,386.4,9.66373401445015,3.801181341614306,0.0,17.58575534342545,370.0,406.0,378.5,386.0,392.0
infant7,4023,392.12,6.052963517727393,3.938299643454349,0.0,0.19285077111777815,382.0,406.0,386.5,392.0,398.0
infant7,4024,379.8,12.042441951832911,3.614031611621005,0.0,12.17045070489659,362.0,402.0,370.0,380.0,390.0
infant7,4025,362.44,7.806747473977174,2.138089935299395,0.0,71.06175666974909,350.0,378.0,356.0,362.0,369.5
infant7,4026,353.52,3.6266586634565554,2.3211538298959886,0.0,2.4375227245433826,346.0,362.0,350.5,353.0,356.0
infant7,4027,347.72,4.370774927788865,2.080031396937291,0.0,10.815059391882489,340.0,354.0,344.0,348.0,352.0
infant7,4028,342.68,2.874518593235595,1.4846149779161804,0.0,15.639378706436217,338.0,348.0,340.0,342.0,344.0
infant7,4029,345.48,7.64316421278998,2.3035022137995855,0.0,23.93652536541058,336.0,362.0,340.0,342.0,351.5
infant7,4030,367.96,25.591739738773974,4.580348440537542,0.0,18.24695466302136,336.0,416.0,352.5,358.0,383.0
infant7,4031,385.12,17.21963757944246,4.703450752329808,0.0,10.147159871892512,354.0,416.0,376.0,384.0,392.0
infant7,4032,386.32,5.589494519148563,3.319700011034929,0.0,3.2095183294601726,374.0,400.0,384.0,386.0,390.0
infant7,4033,388.24,6.781005885289183,3.854496446637726,0.0,2.4839628061552346,376.0,404.0,382.0,388.0,394.0
infant7,4034,385.4,7.722218143851188,3.1558174334820746,0.0,1.3885307051478482,372.0,404.0,380.0,385.0,390.0
infant7,4035,385.52,6.240879058960479,3.116774889895918,0.0,1.436018544199606,372.0,398.0,382.0,388.0,390.0
infant7,4036,387.16,5.88446588702069,3.319700011034929,0.0,7.278443744900891,374.0,398.0,384.0,388.0,391.5
infant7,4037,384.04,8.461099460568505,3.3073819722257785,0.0,22.18242649391821,366.0,396.0,378.5,385.0,390.0
infant7,4038,386.4,13.856406460551018,4.247448213519573,0.0,5.527218961523686,366.0,420.0,376.0,386.0,393.5
infant7,4039,384.48,13.146334943587114,3.8861344310672696,0.0,5.07104641219722,366.0,420.0,376.0,381.0,387.5
infant7,4040,406.92,49.154832427955725,12.209063210983713,0.0,5.666902028774001,374.0,542.0,376.0,381.0,422.0
infant7,4041,409.84,47.91121039623872,12.404739054909948,0.0,26.8225360627003,368.0,542.0,378.0,391.0,422.0
infant7,4042,378.36,11.652730257282178,3.356382892705923,0.0,40.435772819381036,362.0,406.0,368.0,379.0,386.0
infant7,4043,379.08,11.13340258237456,3.232488142567074,0.0,10.446334394819353,362.0,396.0,368.5,382.0,388.0
infant7,4044,379.48,8.367185662955457,2.9416086117105715,0.0,114.31701070109317,368.0,396.0,372.0,378.0,388.0
infant7,4045,376.04,4.030293451613971,2.1946130708196026,0.0,12.41091945030391,368.0,382.0,374.0,377.0,379.5
infant7,4046,371.12,8.945732080102756,2.602981022612657,0.0,32.31005010890644,354.0,382.0,362.5,374.0,378.0
infant7,4047,354.6,10.530809996561207,2.424366106925306,0.0,77.21153682989585,342.0,374.0,344.0,354.0,362.0
infant7,4048,357.8,16.299492918117274,4.050699108216522,0.0,4.092720665525597,342.0,386.0,344.0,349.0,374.0
infant7,4049,378.12,19.346085402689692,6.13454587245254,0.0,1.2067827496533001,342.0,424.0,366.5,376.0,389.0
infant7,4050,382.96,16.54302985352725,5.360475154083919,0.0,2.049273297689193,360.0,424.0,368.0,379.0,393.5
infant7,4051,385.24,10.450192850481033,3.5456210417116734,0.0,1.4734376781890954,364.0,406.0,378.5,388.0,390.0
infant7,4052,385.16,7.783708784954611,2.982944716831586,0.0,6.024197294608259,372.0,406.0,378.5,386.0,388.0
infant7,4053,391.32,14.772340397388849,4.080816244881628,0.0,2.9933151307913275,372.0,420.0,378.5,386.0,407.5
infant7,4054,395.88,13.108090662500262,4.3985155195259,0.0,12.185016074288809,376.0,420.0,384.0,394.0,408.0
infant7,4055,384.16,8.997414594635233,3.245090483314442,0.0,1.1820799830994597,372.0,410.0,380.0,382.0,386.0
infant7,4056,374.92,8.400291540130238,3.010186786529354,0.0,31.46483426480112,360.0,386.0,368.5,378.0,382.0
infant7,4057,375.88,9.011647791517783,2.7847983842311326,0.0,55.27927289296964,360.0,388.0,368.5,378.0,384.0
infant7,4058,386.28,7.3513569481825485,2.9965967090575756,0.0,4.112809176018995,374.0,408.0,380.0,386.0,388.0
infant7,4059,386.52,7.481241848238616,3.356382892705923,0.0,2.4153707733902694,376.0,408.0,380.0,386.0,390.0
infant7,4060,385.08,5.630963958510196,3.1815796359028696,0.0,3.7376030140104697,376.0,396.0,380.0,384.0,389.5
infant7,4061,385.2,6.857142857142856,3.116774889895918,0.0,3.8878252147132115,370.0,396.0,382.0,387.0,390.0
infant7,4062,380.68,8.046903321230129,3.116774889895918,0.0,3.495679395909182,366.0,392.0,374.0,382.0,388.0
infant7,4063,379.32,7.380172001756476,2.799416848895061,0.0,9.333240347184507,366.0,390.0,374.0,380.0,386.0
infant7,4064,372.64,8.698486849411669,2.424366106925306,0.0,64.33626691718692,360.0,388.0,364.0,371.0,380.0
infant7,4065,378.64,14.815546164865651,3.636549160387959,0.0,13.27351229012584,360.0,406.0,364.0,375.0,390.0
infant7,4066,386.36,10.267364584459056,3.989782869648269,0.0,10.788798182839425,372.0,406.0,378.0,384.0,394.0
infant7,4067,384.52,8.229464237278941,3.1298431857438063,0.0,12.95940970007178,372.0,398.0,380.0,382.0,392.0
infant7,4068,385.96,5.070764544052946,2.424366106925306,0.0,10.778033329399197,380.0,398.0,382.0,384.0,386.0
infant7,4069,386.4,4.199125273342591,2.75532878885513,0.0,3.8917858227670785,382.0,396.0,384.0,386.0,389.5
infant7,4070,394.92,14.692549826635377,3.6922422809485957,0.0,11.135582793043442,380.0,424.0,382.5,390.0,399.0
infant7,4071,398.0,14.101671633432076,3.4522988495984492,0.0,17.998435822266604,380.0,424.0,388.0,395.0,409.0
infant7,4072,391.32,6.136009472360514,2.7847983842311326,0.0,12.679822763523612,384.0,412.0,388.0,388.0,393.5
infant7,4073,385.6,3.7252585172586565,2.799416848895061,0.0,3.044879224619723,376.0,392.0,384.0,386.0,388.0
infant7,4074,381.64,3.7837461191096784,2.982944716831586,0.0,10.114734374845758,376.0,388.0,380.0,380.0,384.0
infant7,4075,378.28,3.522754024675488,2.75532878885513,0.0,4.167992744362849,370.0,386.0,376.0,378.0,380.0
infant7,4076,378.64,4.452745083149293,2.138089935299395,0.0,24.14927354054743,370.0,388.0,376.0,378.0,382.0
infant7,4077,383.56,4.594406537146167,2.0603150145508513,0.0,3.5971571366222097,372.0,390.0,382.0,384.0,387.5
infant7,4078,385.52,2.196843747056124,2.0,0.0,4.673088814162559,382.0,390.0,384.0,386.0,388.0
infant7,4079,387.36,3.734887917341301,2.2677868380553634,0.0,2.544915880026089,382.0,398.0,384.0,387.0,390.0
infant7,4080,387.76,3.6731791268544454,2.602981022612657,0.0,3.1855808891957444,382.0,398.0,384.5,388.0,390.0
infant7,4081,383.72,2.857428557144286,2.3035022137995855,0.0,3.5053364614610185,378.0,390.0,382.0,384.0,385.5
infant7,4082,377.92,4.964527229479651,2.3733211036908783,0.0,8.598107347665945,368.0,384.0,374.0,378.0,382.0
infant7,4083,377.72,6.285844154502549,2.740475156178697,0.0,9.099191300404867,368.0,390.0,374.0,376.0,384.0
infant7,4084,377.36,7.073260945855402,2.4907993963089563,0.0,30.405496473871107,366.0,390.0,370.5,376.0,384.0
infant7,4085,373.4,4.261838254336085,2.390457218668787,0.0,4.17240989290827,366.0,384.0,370.0,372.0,376.0
infant7,4086,378.36,8.849674270495923,2.8996833043120627,0.0,3.270428062531427,366.0,398.0,372.0,376.0,383.0
infant7,4087,386.36,8.710209819633555,2.8713930346059686,0.0,4.232539598804896,366.0,398.0,380.0,388.0,393.5
infant7,4088,389.6,5.268311118453077,2.740475156178697,0.0,2.09834476847679,378.0,396.0,388.0,392.0,394.0
infant7,4089,395.76,11.37587852628965,3.356382892705923,0.0,5.100183263258697,378.0,418.0,388.5,394.0,404.0
infant7,4090,400.48,18.646266792742253,4.780914437337574,0.0,35.57402867547552,378.0,442.0,382.5,398.0,413.5
infant7,4091,399.88,17.780567241473804,4.642307659791977,0.0,4.029620706468113,378.0,442.0,384.5,396.0,407.5
infant7,4092,390.4,12.879345908096736,2.6802375770419595,0.0,55.81679850328039,372.0,422.0,380.0,387.0,399.5
infant7,4093,376.44,8.013152453616366,2.138089935299395,0.0,26.95134545671472,360.0,388.0,372.0,378.0,383.5
infant7,4094,362.76,12.440158802057477,2.080031396937291,0.0,102.77421885718714,350.0,388.0,352.0,360.0,372.0
infant7,4095,358.32,9.234893897935288,2.8284271247461903,0.0,52.97149178283834,350.0,386.0,352.0,354.0,363.5
infant7,4096,370.64,10.82280283588728,3.6477558099439156,0.0,1.750150219948884,352.0,390.0,364.5,370.0,379.5
infant7,4097,379.08,6.2100642475890435,3.3073819722257785,0.0,0.7470166435065336,366.0,390.0,376.0,380.0,384.0
infant7,4098,385.16,5.33130913968203,2.457807219155036,0.0,1.4481360963310064,376.0,394.0,380.0,386.0,390.0
infant7,4099,382.28,8.141704179026373,2.6186146828319083,0.0,67.28184505166774,368.0,394.0,374.0,384.0,390.0
infant7,4100,376.96,5.06673827375106,2.9277002188455996,0.0,2.2255497044649246,368.0,388.0,374.0,376.0,380.0
infant7,4101,378.64,4.029280586012387,3.356382892705923,0.0,1.816026845610699,372.0,388.0,376.0,378.0,382.0
infant7,4102,377.16,4.933682649886991,3.0237157840738176,0.0,2.5605429219568387,366.0,384.0,374.0,378.0,381.5
infant7,4103,371.24,9.00693610275901,2.523360247522242,0.0,25.717080172062687,358.0,388.0,362.5,370.0,380.0
infant7,4104,366.16,9.746501203728736,3.2071349029490928,0.0,9.929429552683558,352.0,388.0,360.0,363.0,371.5
infant7,4105,356.04,12.050844665120248,2.9277002188455996,0.0,123.65741519347277,342.0,386.0,346.0,352.0,363.5
infant7,4106,348.0,3.2071349029490928,2.0995626366712954,0.0,11.80200773685715,342.0,356.0,346.0,348.0,350.0
infant7,4107,348.72,4.45860781785855,2.249716535431946,0.0,18.764407532321208,342.0,364.0,346.0,348.0,351.5
infant7,4108,362.12,16.4944517573489,7.3345700874248205,0.0,6.650011771580956,342.0,406.0,346.0,364.0,371.5
infant7,4109,377.96,7.798377643943067,7.423074889580903,0.0,1.5829068040823782,364.0,406.0,372.0,379.0,382.0
infant7,4110,376.28,5.85553985032768,2.9692299558323607,0.0,18.10535785830892,366.0,386.0,372.0,378.0,380.0
infant7,4111,384.12,15.06670880735784,4.27617987059879,0.0,12.708016288711564,366.0,418.0,372.0,380.0,394.0
infant7,4112,385.84,13.210014753811533,4.444671196029727,0.0,46.80154652000314,372.0,418.0,376.0,379.0,394.0
infant7,4113,367.76,9.660692500635589,2.8996833043120627,0.0,614.0494758732632,352.0,380.0,358.0,371.0,376.0
infant7,4114,369.36,13.40995670296926,9.007933011676826,0.0,43.648617036419175,352.0,416.0,358.0,366.0,380.0
infant7,4115,380.08,8.09091200933845,9.138391766696843,0.0,0.6033333624852504,360.0,416.0,378.0,380.0,382.0
infant7,4116,375.0,7.128557114214085,3.1558174334820746,0.0,9.191424395917867,362.0,388.0,370.0,376.0,380.0
infant7,4117,369.4,6.848208465261076,2.770102775666474,0.0,11.28078614416022,360.0,386.0,364.0,368.0,375.5
infant7,4118,376.6,9.58953511247909,3.142857142857143,0.0,46.0206578833896,360.0,390.0,366.0,380.0,384.0
infant7,4119,381.8,3.2387954425013237,3.116774889895918,0.0,8.029973151971076,376.0,390.0,380.0,382.0,384.0
infant7,4120,381.4,2.657296462534039,2.3035022137995855,0.0,0.906726033535972,376.0,386.0,380.0,382.0,383.5
infant7,4121,377.16,8.60080679651743,2.710523708715754,0.0,105.59028469143313,360.0,392.0,370.5,380.0,384.0
infant7,4122,381.0,11.84422704467093,2.9965967090575756,0.0,23.027247473012288,360.0,398.0,370.5,386.0,390.0
infant7,4123,385.48,6.386337457608154,2.75532878885513,0.0,16.881898779802253,376.0,398.0,380.0,386.0,390.0
infant7,4124,382.0,4.444671196029727,2.2857142857142856,0.0,14.16785442284973,376.0,390.0,378.0,380.0,384.0
infant7,4125,384.76,3.9567044625649808,1.9166296949998198,0.0,13.040130162039336,376.0,390.0,382.0,384.0,388.0
infant7,4126,383.76,3.4908627084117176,2.249716535431946,0.0,1.166820020205156,376.0,390.0,382.0,384.0,386.0
infant7,4127,388.4,7.772268862134538,2.649605284427344,0.0,14.749194672653834,376.0,402.0,382.0,386.0,396.0
infant7,4128,394.08,6.748665778946115,2.8713930346059686,0.0,12.48535701464109,382.0,406.0,388.0,394.0,400.0
infant7,4129,395.64,6.841529844431354,2.4907993963089563,0.0,7.211720417013567,382.0,406.0,390.0,396.0,401.5
infant7,4130,395.4,3.8597874531732272,1.979486637221574,0.0,1.9040206187909878,388.0,404.0,392.0,394.0,398.0
infant7,4131,391.88,1.9127925946646913,2.424366106925306,0.0,3.265253888862355,388.0,396.0,390.0,392.0,393.5
infant7,4132,389.56,2.500285697961049,2.4743582965269675,0.0,3.192612045645672,384.0,394.0,388.0,390.0,392.0
infant7,4133,391.68,4.2447566695481465,2.040408122440814,0.0,3.468650709195051,384.0,400.0,388.0,392.0,396.0
infant7,4134,394.8,1.8516401995451028,2.2857142857142856,0.0,1.7329470235250062,392.0,400.0,394.0,394.0,396.0
infant7,4135,394.08,2.3197466434496503,2.842821248876057,0.0,5.634311405330362,388.0,400.0,392.0,394.0,395.5
infant7,4136,395.28,2.7333167412803197,2.740475156178697,0.0,1.6319330224585213,388.0,402.0,394.0,396.0,398.0
infant7,4137,389.8,10.2399776785471,2.249716535431946,0.0,10.510650241679771,366.0,402.0,384.5,395.0,396.0
infant7,4138,403.4,31.102857667777744,5.671266640365488,0.0,22.4919476624709,366.0,468.0,378.5,395.0,428.0
infant7,4139,412.76,24.907633450041626,5.7214241127145105,0.0,30.253289286118353,366.0,468.0,400.0,404.0,428.0
infant7,4140,401.32,4.093000496118281,2.649605284427344,0.0,1.8790168842011366,394.0,414.0,398.0,400.0,404.0
infant7,4141,400.76,3.496703987401594,2.5394841192330255,0.0,1.654908511188157,394.0,408.0,398.0,400.0,402.0
infant7,4142,399.36,3.646412830524301,2.3733211036908783,0.0,9.072878376363784,390.0,404.0,396.5,400.0,402.0
infant7,4143,397.72,3.2073894273654253,2.5071326821120348,0.0,6.033352550483242,390.0,404.0,396.0,398.0,400.0
infant7,4144,389.8,10.176002182004645,2.6649654437396615,0.0,3.446259584805847,366.0,404.0,388.0,393.0,397.5
infant7,4145,370.68,13.622370556985913,2.740475156178697,0.0,65.00013050079863,352.0,394.0,358.5,366.0,387.5
infant7,4146,357.24,4.368533121386751,2.249716535431946,0.0,33.68132212804444,350.0,366.0,354.0,358.0,360.0
infant7,4147,362.56,13.062112214730208,2.695423180587601,0.0,3.9084483696712673,350.0,390.0,354.0,356.0,365.5
infant7,4148,374.92,11.795606238367414,2.5714285714285716,0.0,9.822845952363807,352.0,390.0,368.0,378.0,382.0
infant7,4149,382.28,6.761354773072253,2.3386722205349857,0.0,3.170779837387631,370.0,398.0,378.0,382.0,385.5
infant7,4150,376.68,10.579996527911161,2.457807219155036,0.0,4.232121208473568,362.0,398.0,368.5,374.0,385.0
infant7,4151,366.6,9.154011053486167,10.36477551269546,2.0408163265306123,3.3064542522548264,332.0,388.0,362.5,365.0,373.5
infant7,4152,373.88,13.78203503826334,10.392304845413264,2.0408163265306123,7.982941201284638,332.0,398.0,364.0,376.0,380.0
infant7,4153,386.84,8.051771259056187,3.0371845179241856,0.0,21.279539620973228,376.0,402.0,380.0,386.0,394.0
infant7,4154,385.4,7.253429871306344,3.270149469217028,0.0,3.52892263210448,376.0,402.0,380.0,382.0,390.0
infant7,4155,380.2,4.005098791107481,2.5394841192330255,0.0,20.087058342368636,374.0,390.0,376.0,380.0,383.5
infant7,4156,379.8,5.194188275056526,2.3211538298959886,0.0,2.460600703995147,374.0,396.0,376.0,378.0,383.5
infant7,4157,376.68,9.786371197971686,2.523360247522242,0.0,8.232846352963893,358.0,396.0,370.5,376.0,381.5
infant7,4158,367.64,11.447769589375415,2.6802375770419595,0.0,27.2901608430162,352.0,396.0,358.5,365.0,372.0
infant7,4159,373.48,13.246855614577724,2.5071326821120348,0.0,22.107369560899574,352.0,390.0,360.0,374.0,386.0
infant7,4160,383.36,4.008969535266373,2.040408122440814,0.0,3.214874989552114,376.0,390.0,380.0,384.0,386.0
infant7,4161,386.0,5.714285714285714,2.3386722205349857,0.0,4.744161796639187,376.0,398.0,382.0,386.0,390.0
infant7,4162,386.64,6.754469419788437,2.9277002188455996,0.0,2.50698802508764,372.0,398.0,382.0,388.0,392.0
infant7,4163,385.44,7.022296850833387,2.799416848895061,0.0,13.999613030635365,372.0,394.0,378.0,388.0,392.0
infant7,4164,386.04,6.433204679549656,2.3035022137995855,0.0,7.007230183702964,374.0,394.0,382.0,389.0,391.5
infant7,4165,385.04,5.900397772824389,2.740475156178697,0.0,2.7534653403136167,374.0,398.0,380.0,385.0,390.0
infant7,4166,383.48,5.43323108288245,2.9692299558323607,0.0,9.328301809317628,376.0,398.0,380.0,382.0,388.0
infant7,4167,379.44,4.798639262906747,2.634155559226539,0.0,2.8395728505375986,370.0,390.0,376.0,380.0,382.0
infant7,4168,375.44,5.047367469022534,2.356060357495806,0.0,1.7260208763169802,368.0,386.0,372.0,374.0,377.5
infant7,4169,399.76,59.39235159994449,15.581255090783978,4.081632653061225,18.08445482742435,368.0,664.0,372.5,379.0,393.5
infant7,4170,576.16,255.04600305331073,86.53181554804462,24.489795918367346,17.265101484306456,378.0,1372.0,392.0,440.0,708.5
infant7,4171,582.6,253.7188706149435,86.50398126970923,22.448979591836736,51.04641425297215,364.0,1372.0,394.0,454.0,708.5
infant7,4172,443.48,98.40840349051,28.93059957617081,10.204081632653061,32.9548733525349,364.0,748.0,388.0,402.0,446.0
infant7,4173,426.52,78.62991070287983,21.61632036500313,6.122448979591836,18.69005583783725,382.0,748.0,394.0,403.0,417.5
infant7,4174,403.96,11.346059281728163,5.503245795502349,0.0,0.6831969608546365,382.0,430.0,396.0,404.0,413.5
infant7,4175,389.88,16.320314122627188,4.2378277069118075,0.0,3.0686976398506673,360.0,418.0,377.0,393.0,400.0
infant7,4176,388.16,22.906518099191143,4.965184913423648,0.0,11.03538515527834,360.0,434.0,366.0,387.0,407.5
infant7,4177,404.76,19.864397441510423,5.51065757771026,0.0,0.44960004156093125,362.0,434.0,399.0,409.0,417.5
infant7,4178,397.68,16.933772558447348,4.2185208743524,0.0,8.688925786584132,364.0,424.0,382.5,402.0,410.0
infant7,4179,387.04,14.434878395252046,4.140393356054125,0.0,17.66338581054503,364.0,414.0,374.5,386.0,401.5
infant7,4180,390.52,11.319551444203045,3.5685702847990846,0.0,18.673694353609918,364.0,406.0,388.0,392.0,398.0
infant7,4181,387.24,9.995019167728758,2.813959371941744,0.0,10.32898279099331,366.0,402.0,382.0,390.0,394.0
infant7,4182,376.48,11.143296694627216,2.770102775666474,0.0,24.31318785647748,364.0,402.0,370.0,372.0,381.0
infant7,4183,370.04,5.917666390580334,3.5685702847990846,0.0,0.9771453491234703,360.0,392.0,366.0,370.0,374.0
infant7,4184,376.72,10.855338195880346,3.7361990944634345,0.0,4.0536632653567315,360.0,398.0,370.0,376.0,383.5
infant7,4185,384.16,9.159270980703605,3.3806170189140663,0.0,3.8347068309724124,370.0,398.0,376.0,387.0,392.0
infant7,4186,383.72,8.58104222774167,3.475864303027554,0.0,21.016962075536238,368.0,396.0,376.5,387.0,390.0
infant7,4187,378.8,7.329003050503235,3.245090483314442,0.0,9.681801738646062,368.0,394.0,374.0,376.0,384.0
infant7,4188,380.76,7.438345218651574,2.9692299558323607,0.0,3.5591788612162025,368.0,400.0,374.5,380.0,386.0
infant7,4189,381.92,6.489677832323184,2.799416848895061,0.0,12.952171012974224,370.0,400.0,378.0,382.0,385.5
infant7,4190,381.08,8.582944644788885,3.0904725218262765,0.0,1.3614409709942985,370.0,402.0,374.5,379.0,383.5
infant7,4191,380.4,8.935140440635363,3.010186786529354,0.0,6.135066042709877,368.0,402.0,374.5,378.0,383.5
infant7,4192,369.24,8.551309721860369,2.2131333406899527,0.0,5.9800783034466845,350.0,382.0,364.0,370.0,377.5
infant7,4193,380.4,36.82279684308266,7.548482750641661,0.0,29.17877169967374,348.0,476.0,356.0,366.0,390.5
infant7,4194,383.12,36.69212227079123,7.876599286908698,0.0,7.415854247469898,348.0,476.0,356.0,366.0,399.5
infant7,4195,382.2,21.756537839819785,5.142857142857143,0.0,5.871187566138812,354.0,432.0,364.0,382.0,392.0
infant7,4196,390.24,15.245688584257625,5.291502622129181,0.0,4.1668937421513705,368.0,432.0,382.0,384.0,393.5
infant7,4197,379.96,10.241890769316583,3.7142857142857144,0.0,20.195856903853574,362.0,410.0,372.5,382.0,386.0
infant7,4198,379.8,9.242757782641036,3.1815796359028696,0.0,7.432311897203632,362.0,392.0,374.0,382.0,388.0
infant7,4199,386.36,4.654425149187357,2.424366106925306,0.0,1.994100171454559,376.0,394.0,384.5,388.0,389.5
infant7,4200,386.68,3.672512346987483,2.356060357495806,0.0,3.9832998443073238,378.0,394.0,384.0,388.0,388.0
infant7,4201,379.04,6.117756024516685,2.523360247522242,0.0,9.9278512209479,368.0,388.0,374.0,379.0,384.0
infant7,4202,368.72,7.337463277382639,2.1570955529345,0.0,8.900035932881169,352.0,380.0,362.5,372.0,374.0
infant7,4203,355.36,10.015824214405798,1.8516401995451028,0.0,43.929544701984675,342.0,374.0,346.0,354.0,362.0
infant7,4204,347.72,3.591600177738983,1.8294640678379568,0.0,9.6528707380941,342.0,354.0,344.0,348.0,350.0
infant7,4205,349.48,3.676955262170047,1.8070158058105026,0.0,7.761653040322491,342.0,358.0,348.0,350.0,352.0
infant7,4206,363.92,16.917374235395048,15.55503724436137,2.0408163265306123,4.768197090089818,338.0,422.0,348.5,357.0,378.0
infant7,4207,377.0,10.398194505758768,15.591729885305432,2.0408163265306123,1.265689796413641,338.0,422.0,374.0,378.0,380.0
infant7,4208,379.44,5.406571964578227,2.5872528966106905,0.0,0.8890028082970132,372.0,390.0,374.0,380.0,384.0
infant7,4209,381.16,7.603329023848564,3.282607226593159,0.0,3.095524404634523,362.0,392.0,378.0,384.0,386.0
infant7,4210,382.4,8.040712731125877,3.232488142567074,0.0,3.401352786621494,362.0,396.0,380.0,386.0,388.0
infant7,4211,382.24,5.751876357559598,2.649605284427344,0.0,324.4504190379692,372.0,396.0,376.0,382.0,388.0
infant7,4212,377.92,4.332318039091398,2.523360247522242,0.0,5.158125298710973,372.0,388.0,374.5,376.0,380.0
infant7,4213,380.16,8.60792231206882,3.5225222874108435,0.0,3.588836830867919,368.0,398.0,374.0,376.0,388.0
infant7,4214,385.64,7.894094925567943,3.6811710647786073,0.0,2.1698394821316644,368.0,398.0,382.5,388.0,390.0
infant7,4215,384.16,4.657055213899243,2.6186146828319083,0.0,32.023362724530124,376.0,392.0,380.0,384.0,388.0
infant7,4216,383.08,3.983844927725383,2.356060357495806,0.0,16.77572411388111,376.0,392.0,380.0,382.0,386.0
infant7,4217,385.88,3.140518610493678,2.424366106925306,0.0,38.25519893146026,380.0,392.0,384.0,386.0,388.0
infant7,4218,384.48,3.3211751055360894,2.390457218668787,0.0,33.48153006624229,378.0,392.0,382.0,384.0,388.0
infant7,4219,386.44,6.667496546986855,2.6649654437396615,0.0,9.939472913399959,378.0,402.0,382.0,384.0,390.0
infant7,4220,389.84,5.250306113524647,2.842821248876057,0.0,5.596530367385731,382.0,402.0,386.0,390.0,392.0
infant7,4221,386.28,4.2572387333403165,2.842821248876057,0.0,4.38286547932294,378.0,396.0,384.0,388.0,390.0
infant7,4222,380.96,4.261646706739218,2.6802375770419595,0.0,4.3584156780464065,374.0,390.0,378.0,380.0,384.0
infant7,4223,375.12,5.571941368342357,2.249716535431946,0.0,11.344863565098319,364.0,382.0,370.5,377.0,380.0
infant7,4224,370.68,4.808326112068523,2.3733211036908783,0.0,13.062293483480573,364.0,382.0,368.0,370.0,372.0
infant7,4225,369.56,2.5002856979610493,2.3035022137995855,0.0,18.385346097911967,364.0,376.0,368.0,370.0,371.5
infant7,4226,375.84,7.066332940393468,2.407471363764674,0.0,25.414764559416366,364.0,392.0,370.0,376.0,381.5
infant7,4227,374.64,9.726379027140153,2.710523708715754,0.0,34.512129981504806,352.0,392.0,368.0,377.0,381.5
infant7,4228,355.48,14.001807463499059,2.2857142857142856,0.0,152.68543195777733,336.0,380.0,342.5,354.0,367.5
infant7,4229,375.52,52.96369183753361,16.099182385120923,2.0408163265306123,4.537094773061634,336.0,554.0,342.0,350.0,388.0
infant7,4230,399.36,44.517256456895225,16.716117115782943,2.0408163265306123,1.6897019902780201,336.0,554.0,372.5,388.0,411.5
infant7,4231,384.24,15.859793858196577,5.3452248382484875,0.0,8.121757972187064,366.0,430.0,372.0,380.0,393.0
infant7,4232,382.4,9.922145916677335,3.822596617217043,0.0,3.8995816746921967,366.0,400.0,376.0,382.0,390.0
infant7,4233,388.32,8.96578530428032,3.4641016151377544,0.0,4.961781218382731,372.0,400.0,382.0,392.0,395.5
infant7,4234,384.84,8.788582574765364,2.813959371941744,0.0,7.980540754035598,370.0,398.0,376.5,386.0,393.5
infant7,4235,379.8,7.486041432327943,2.9277002188455996,0.0,5.92662877511512,366.0,392.0,374.0,380.0,386.0
infant7,4236,380.12,7.107455125946765,2.634155559226539,0.0,11.528885091563904,366.0,392.0,376.0,380.0,386.0
infant7,4237,378.76,5.7412222264132255,2.3211538298959886,0.0,1.712158500485007,368.0,392.0,374.5,378.0,382.0
infant7,4238,379.76,5.593582328464124,3.1298431857438063,0.0,5.124773312716996,368.0,392.0,376.0,380.0,384.0
infant7,4239,381.24,5.538584509362202,3.245090483314442,0.0,4.975081144074537,370.0,392.0,378.0,380.0,384.0
infant7,4240,386.4,15.923285477820315,5.649634266652911,0.0,0.7298917812979268,368.0,434.0,374.0,380.0,391.5
infant7,4241,390.44,14.338701731570358,5.685642497752114,0.0,1.2990184223230385,368.0,434.0,382.0,388.0,397.5
infant7,4242,382.2,8.790068607380093,2.424366106925306,0.0,6.596347438289283,364.0,400.0,378.0,384.0,388.0
infant7,4243,381.96,11.42492799066308,2.5394841192330255,0.0,7.269917310463531,364.0,402.0,372.0,383.0,390.0
infant7,4244,387.68,8.97488559417731,2.649605284427344,0.0,10.21313264852276,364.0,402.0,384.5,388.0,393.5
infant7,4245,386.36,5.594311980093016,2.5555062599997598,0.0,3.2072281428354406,374.0,398.0,384.0,387.0,390.0
infant7,4246,380.36,6.610937134470299,2.982944716831586,0.0,0.4208418925667764,366.0,392.0,376.0,380.0,385.5
infant7,4247,376.88,4.662661060302937,2.8284271247461903,0.0,0.9909379531386695,366.0,384.0,374.0,378.0,380.0
infant7,4248,372.96,7.732676490988466,3.1298431857438063,0.0,3.3386002334309177,358.0,384.0,366.5,374.0,379.5
infant7,4249,365.32,6.911805930760049,3.0237157840738176,0.0,31.95093578287726,356.0,382.0,360.0,364.0,369.5
infant7,4250,374.88,14.847029524934804,2.5555062599997598,0.0,8.78669905398351,356.0,398.0,362.0,368.0,390.0
infant7,4251,381.28,10.347118301385036,2.8713930346059686,0.0,42.237594548804324,362.0,398.0,370.5,383.0,390.0
infant7,4252,397.52,36.755252297169335,6.986868148935705,0.0,5.146324227133081,368.0,490.0,372.0,384.0,396.0
infant7,4253,415.96,30.6487406939086,8.801669600428207,0.0,57.70123903107746,372.0,490.0,389.5,409.0,426.0
infant7,4254,392.2,23.212417507244098,6.161102472242236,0.0,27.05513780370708,364.0,448.0,370.5,388.0,411.5
infant7,4255,384.08,13.117739974584657,3.0639443699324596,0.0,11.389866312217519,364.0,400.0,370.5,390.0,396.0
infant7,4256,391.56,4.768775994927411,2.3733211036908783,0.0,29.278288274226913,384.0,400.0,388.0,390.0,396.0
infant7,4257,379.68,9.598979537600094,2.2857142857142856,0.0,34.77054462271882,362.0,392.0,368.5,385.0,388.0
infant7,4258,375.68,10.383346163497604,3.6477558099439156,0.0,1.749940622446545,362.0,402.0,368.0,372.0,382.0
infant7,4259,380.96,9.495347947972272,3.907084094622098,0.0,2.536840415601548,364.0,402.0,374.0,380.0,388.0
infant7,4260,382.0,6.074369035848371,2.7847983842311326,0.0,48.439609236052945,372.0,392.0,376.0,382.0,386.0
infant7,4261,382.08,5.046073438115734,2.2677868380553634,0.0,3.847727526373322,372.0,392.0,378.0,382.0,386.0
infant7,4262,384.24,7.075568773560735,2.634155559226539,0.0,3.812210132799845,372.0,400.0,378.5,384.0,388.0
infant7,4263,377.64,14.29536816666182,3.0371845179241856,0.0,6.891010578667874,352.0,400.0,368.5,380.0,388.0
infant7,4264,356.2,16.488709804602912,2.390457218668787,0.0,62.51783724530904,338.0,392.0,342.5,351.0,367.0
infant7,4265,349.32,7.324657824424152,2.356060357495806,0.0,13.050103853594939,338.0,362.0,342.5,348.0,356.0
infant7,4266,357.72,4.46318272088428,2.5714285714285716,0.0,1.8730243001659381,348.0,366.0,356.0,358.0,360.0
infant7,4267,367.64,9.166843535708638,2.4743582965269675,0.0,7.0672328144991505,354.0,388.0,360.0,367.0,372.0
infant7,4268,373.72,7.613200137033743,2.390457218668787,0.0,15.192231182354323,360.0,388.0,370.0,372.0,379.5
infant7,4269,373.4,8.583325077599888,2.5555062599997598,0.0,46.53989753331833,360.0,388.0,366.0,373.0,380.0
infant7,4270,372.48,7.767646138349265,2.523360247522242,0.0,12.757056628630567,362.0,388.0,366.0,372.0,378.0
infant7,4271,366.76,7.204193789957715,2.4743582965269675,0.0,8.56194227604993,354.0,382.0,362.0,365.0,374.0
infant7,4272,366.4,7.261865729793619,2.799416848895061,0.0,6.1037974319311195,354.0,382.0,360.5,364.0,373.5
infant7,4273,381.4,18.96183061859174,4.755233422026639,0.0,1.6664933753469662,360.0,430.0,368.0,374.0,395.0
infant7,4274,393.88,20.624574207107642,7.5646870256421295,0.0,0.6390126484042964,368.0,452.0,376.5,390.0,403.5
infant7,4275,388.96,16.587381483820643,6.180945043652553,0.0,3.0167258966398576,372.0,452.0,378.5,384.0,390.0
infant7,4276,379.28,9.670151846516882,3.5685702847990846,0.0,34.88708964516246,364.0,404.0,372.0,380.0,386.0
infant7,4277,390.96,21.36271785812176,4.814942727529348,0.0,46.958743743841076,364.0,434.0,372.0,388.0,407.0
infant7,4278,394.36,17.708247818921173,4.050699108216522,0.0,12.06061401166981,372.0,434.0,386.0,388.0,407.0
infant7,4279,384.72,6.111347758765772,2.0995626366712954,0.0,14.973499515729408,372.0,394.0,380.0,386.0,390.0
infant7,4280,381.32,7.704861968859901,2.6186146828319083,0.0,18.86944196776555,368.0,394.0,376.0,379.0,390.0
infant7,4281,373.92,4.198347585536433,2.75532878885513,0.0,0.5854360160857993,366.0,384.0,370.5,374.0,376.0
infant7,4282,368.12,8.975340366463968,2.710523708715754,0.0,30.229261382106174,348.0,382.0,362.5,370.0,374.0
infant7,4283,357.88,20.321537785295277,8.8109393972053,0.0,134.48993538169057,340.0,454.0,344.0,354.0,366.0
infant7,4284,371.12,36.40623404790752,10.321366781821967,0.0,2.912372909018697,340.0,468.0,344.0,364.0,377.5
infant7,4285,374.28,30.274957658508622,5.993193418115151,0.0,20.742340801613942,348.0,468.0,356.5,366.0,373.0
infant7,4286,361.36,6.778597772039733,2.813959371941744,0.0,1.4083187539249604,348.0,374.0,356.0,362.0,366.0
infant7,4287,360.32,5.273886380177373,2.4907993963089563,0.0,5.132688843302165,352.0,370.0,356.0,360.0,364.0
infant7,4288,359.48,8.720700215286497,8.907689867497083,0.0,6.481824003381537,346.0,394.0,354.0,356.0,361.5
infant7,4289,375.64,18.386729908678536,9.454509775871026,0.0,3.0503063532886427,346.0,414.0,358.5,372.0,389.5
infant7,4290,382.88,12.422231552128382,3.843892584878203,0.0,3.199669080899124,368.0,414.0,372.0,382.0,388.0
infant7,4291,376.36,5.89278354932401,2.740475156178697,0.0,0.9203114581407728,366.0,386.0,372.0,376.0,382.0
infant7,4292,380.12,6.742009631968129,3.0904725218262765,0.0,2.904373656953233,366.0,392.0,376.0,382.0,384.0
infant7,4293,382.2,3.964124835860459,2.7847983842311326,0.0,3.889394079616497,376.0,392.0,380.0,382.0,384.0
infant7,4294,375.4,5.543887974837787,2.5714285714285716,0.0,41.10875450174037,364.0,384.0,372.0,376.0,380.0
infant7,4295,374.84,5.175925432387203,2.3733211036908783,0.0,7.852907112874758,364.0,382.0,372.0,376.0,379.5
infant7,4296,375.32,5.3545326974595335,2.407471363764674,0.0,3.583639809852835,360.0,382.0,374.0,376.0,379.5
infant7,4297,373.04,6.236691954122172,2.390457218668787,0.0,9.838097910923047,360.0,388.0,370.0,374.0,376.0
infant7,4298,378.92,7.252979683255308,2.7255405754769875,0.0,3.5816125645690895,362.0,392.0,374.0,380.0,384.0
infant7,4299,380.8,4.898979485566356,3.1036515689143473,0.0,19.915311468315224,370.0,392.0,378.0,380.0,384.0
infant7,4300,381.0,7.75386671149252,3.6027200608338545,0.0,3.4961347705050403,368.0,396.0,374.5,380.0,386.0
infant7,4301,377.24,11.889903108031088,3.7579846965616874,0.0,0.9534390302882609,354.0,396.0,370.0,378.0,386.0
infant7,4302,369.48,9.862814103531322,3.5685702847990846,0.0,4.246986560292858,354.0,388.0,362.0,367.0,378.0
infant7,4303,362.04,10.509393271677272,3.010186786529354,0.0,3.7949145878079635,346.0,388.0,356.0,362.0,365.5
infant7,4304,406.0,79.46556178750693,24.458210924608796,6.122448979591836,4.492066715463212,346.0,670.0,356.0,364.0,413.0
infant7,4305,420.72,71.38256804296245,24.52820117866829,6.122448979591836,12.71592056309086,356.0,670.0,378.5,404.0,413.0
infant7,4306,387.68,13.716428404044011,4.27617987059879,0.0,9.834387835365288,364.0,416.0,378.0,388.0,399.5
infant7,4307,396.0,11.77337015887801,4.3985155195259,0.0,0.6260875302489157,364.0,416.0,390.5,398.0,403.5
infant7,4308,395.52,8.137191011093472,3.270149469217028,0.0,24.482463419797053,384.0,414.0,390.0,392.0,400.0
infant7,4309,389.56,2.223804425404577,2.3035022137995855,0.0,1.5402433830173392,384.0,394.0,388.0,390.0,391.5
infant7,4310,384.52,7.524761844492258,2.75532878885513,0.0,16.434871904524353,368.0,394.0,380.0,388.0,390.0
infant7,4311,386.68,10.510325341087697,3.8119040183218096,0.0,2.506931208660068,368.0,408.0,380.0,388.0,391.5
infant7,4312,397.68,8.401749089035095,4.040610178208843,0.0,16.62107986714843,384.0,408.0,390.0,399.0,406.0
infant7,4313,397.0,7.941109776964169,3.05059378629466,0.0,10.74987873553646,382.0,408.0,390.5,397.0,405.5
infant7,4314,389.76,5.415623656776451,2.0203050891044216,0.0,14.365479198566156,382.0,400.0,384.5,388.0,394.0
infant7,4315,388.8,6.074369035848371,2.7847983842311326,0.0,0.3603393128954738,378.0,404.0,384.0,388.0,392.0
infant7,4316,391.84,7.546752241047476,3.6027200608338545,0.0,3.112448552464761,378.0,404.0,386.0,391.0,399.5
infant7,4317,387.8,7.816779440173974,3.05059378629466,0.0,12.578064046893628,374.0,404.0,382.5,386.0,392.0
infant7,4318,378.76,4.897146191030704,2.1946130708196026,0.0,25.674078711645915,368.0,388.0,376.0,377.0,384.0
infant7,4319,371.16,4.258772458953738,2.0203050891044216,0.0,32.520908899086805,366.0,378.0,368.0,370.0,376.0
infant7,4320,367.64,2.6707791418404097,2.138089935299395,0.0,6.701604904684363,362.0,372.0,366.0,368.0,370.0
infant7,4321,367.04,3.9844596079452153,2.4411439272335804,0.0,1.2911617383985359,358.0,374.0,364.0,368.0,370.0
infant7,4322,358.2,9.18961259204308,2.5555062599997598,0.0,94.24347476272109,344.0,374.0,350.0,358.0,366.0
infant7,4323,352.84,5.758259374186627,2.5071326821120348,0.0,7.0967228580643615,344.0,366.0,348.0,352.0,358.0
infant7,4324,360.36,19.51949313493816,4.965184913423648,0.0,49.48671583747419,344.0,432.0,348.5,354.0,361.5
infant7,4325,380.92,25.63228194193838,6.298687910013887,0.0,1.2154457286214166,344.0,432.0,354.0,386.0,401.5
infant7,4326,388.6,12.103296902842933,4.59813626840888,0.0,4.441583102107399,372.0,420.0,380.0,386.0,395.5
infant7,4327,384.24,6.422409745475253,3.219836477024184,0.0,2.725331382840811,372.0,396.0,380.0,384.0,389.5
infant7,4328,386.64,7.617809423197935,2.2677868380553634,0.0,14.922455739595355,372.0,398.0,381.0,388.0,392.0
infant7,4329,385.44,7.918358931196875,2.3733211036908783,0.0,25.851221290058223,372.0,398.0,378.5,384.0,392.0
infant7,4330,384.12,8.93888547132067,2.1759351731039738,0.0,22.44375303300347,368.0,398.0,376.0,384.0,392.0
infant7,4331,384.32,8.669533800991298,1.9378085666072196,0.0,15.492604318959472,368.0,398.0,378.0,385.0,392.0
infant7,4332,384.56,7.010662433401144,2.3211538298959886,0.0,25.610304578873713,374.0,398.0,378.0,384.0,391.5
infant7,4333,381.64,7.458073286235336,2.5071326821120348,0.0,25.82392353694344,374.0,398.0,376.0,378.0,388.0
infant7,4334,396.36,21.70936034365389,3.948649988881501,0.0,21.953717659515686,374.0,442.0,378.0,388.0,415.0
infant7,4335,403.0,17.811942794722,4.370588154508101,0.0,11.09403867541121,378.0,442.0,388.5,399.0,415.0
infant7,4336,397.76,8.037057030672715,3.142857142857143,0.0,6.415553859305395,380.0,412.0,392.5,400.0,403.5
infant7,4337,400.64,6.186753459395884,2.6186146828319083,0.0,8.56859584939578,384.0,410.0,398.5,402.0,404.0
infant7,4338,393.52,9.138927727036691,2.523360247522242,0.0,59.73557182453893,380.0,410.0,384.5,393.0,401.5
infant7,4339,397.0,11.08225277326827,3.4166459266003995,0.0,14.565474688394314,380.0,416.0,386.5,398.0,404.0
infant7,4340,398.04,10.193955792226957,3.0904725218262765,0.0,10.34924503719987,380.0,416.0,392.0,398.0,404.0
infant7,4341,387.64,8.849674270495923,2.602981022612657,0.0,4.120640123530208,368.0,398.0,382.0,392.0,394.0
infant7,4342,454.08,109.27886813290189,21.875342562915396,6.122448979591836,113.6882991778154,368.0,752.0,383.0,395.0,507.0
infant7,4343,459.96,110.21351448670079,28.996833043120628,12.244897959183673,29.76564230734719,370.0,752.0,380.0,402.0,519.0
infant7,4344,399.68,42.6745825990132,15.846199570128054,4.081632653061225,8.582958842168066,360.0,578.0,372.0,382.0,421.5
infant7,4345,404.28,29.12887619822345,6.620931557860839,0.0,5.1660207605021755,360.0,462.0,384.5,408.0,419.5
infant7,4346,398.12,13.120540058571194,3.7032803990902057,0.0,26.162581075130486,378.0,430.0,389.0,394.0,408.0
infant7,4347,391.88,5.762794106886636,2.4411439272335804,0.0,2.40368693792101,378.0,402.0,390.5,394.0,394.0
infant7,4348,394.2,2.747912008810192,2.5555062599997598,0.0,1.5968042909739646,390.0,400.0,392.0,394.0,396.0
infant7,4349,393.52,3.170270058669759,2.5714285714285716,0.0,1.0976678483819249,386.0,400.0,392.0,394.0,396.0
infant7,4350,393.6,3.1558174334820746,2.523360247522242,0.0,4.85143099167428,386.0,398.0,392.0,394.0,396.0
infant7,4351,390.72,4.707961125496224,2.3733211036908783,0.0,115.72589971880026,384.0,398.0,386.0,390.0,396.0
infant7,4352,388.48,2.8730983062803506,2.3386722205349857,0.0,3.252068358606591,384.0,396.0,386.0,388.0,390.0
infant7,4353,383.72,7.730248035728061,2.2677868380553634,0.0,125.58636842405757,372.0,396.0,374.5,386.0,390.0
infant7,4354,384.36,8.977886665557314,2.3211538298959886,0.0,24.325175486162756,372.0,396.0,374.5,384.0,394.0
infant7,4355,390.12,5.3667152573116095,2.523360247522242,0.0,7.003569895470374,378.0,398.0,386.0,392.0,394.0
infant7,4356,392.12,6.557874220028491,2.7255405754769875,0.0,9.882406887953985,380.0,406.0,388.0,390.0,396.0
infant7,4357,393.6,5.078968238466051,2.8284271247461903,0.0,19.000127854068857,386.0,406.0,390.0,392.0,396.0
infant7,4358,390.92,3.109170110416959,2.4411439272335804,0.0,0.8655297584815428,384.0,396.0,388.5,392.0,393.5
infant7,4359,379.92,11.442562864059747,2.4907993963089563,0.0,97.678121437503,362.0,396.0,370.0,383.0,391.5
infant7,4360,390.48,34.232244019524124,7.3789551829399755,0.0,14.196120020720388,362.0,490.0,368.0,375.0,395.0
infant7,4361,400.56,30.18863145933838,7.881779556647841,0.0,5.355533457028464,366.0,490.0,382.0,386.0,412.0
infant7,4362,390.08,9.187036119068065,3.232488142567074,0.0,34.26865359062167,378.0,426.0,384.5,390.0,392.0
infant7,4363,389.84,3.0463092423455636,2.2677868380553634,0.0,3.1682258957378204,382.0,394.0,388.0,390.0,392.0
infant7,4364,389.64,3.1992346023410545,2.457807219155036,0.0,1.3846925686497014,382.0,396.0,388.0,390.0,392.0
infant7,4365,389.72,2.9695048718049732,2.4743582965269675,0.0,0.5719132543946968,384.0,398.0,388.0,390.0,392.0
infant7,4366,395.16,6.67728406232501,2.5071326821120348,0.0,21.608298469148984,384.0,408.0,388.5,394.0,401.5
infant7,4367,398.2,3.922722919355994,2.3211538298959886,0.0,29.42812393953473,392.0,408.0,396.0,397.0,401.5
infant7,4368,391.32,4.6354446322629625,1.8735538640862859,0.0,76.01344171212078,384.0,398.0,386.0,392.0,396.0
infant7,4369,384.6,3.3380918415851206,2.2314999074019015,0.0,5.422608615390355,378.0,392.0,382.0,385.0,386.0
infant7,4370,381.96,6.226867394687349,2.799416848895061,0.0,13.913369524343048,370.0,396.0,378.0,382.0,385.5
infant7,4371,375.28,12.340475960787554,2.710523708715754,0.0,151.4587327719243,352.0,396.0,366.5,375.0,386.0
infant7,4372,364.76,10.356029496808874,2.1759351731039738,0.0,27.35408240161328,352.0,390.0,358.0,360.0,370.0
infant7,4373,363.4,7.185586479976737,2.695423180587601,0.0,11.437465810219456,352.0,382.0,358.0,361.0,368.0
infant7,4374,379.04,14.463126937710479,3.4641016151377544,0.0,19.396283573568972,358.0,400.0,364.5,382.0,392.0
infant7,4375,393.08,5.46917148521546,3.1943828249996997,0.0,2.8788901515208716,382.0,404.0,390.0,394.0,397.5
infant7,4376,392.44,5.051409179019014,2.857142857142857,0.0,10.558136127661149,382.0,404.0,388.5,392.0,396.0
infant7,4377,389.76,2.7888992781514124,2.5872528966106905,0.0,3.417535785521745,384.0,396.0,388.0,390.0,392.0
infant7,4378,387.44,2.5246539467856595,1.8516401995451028,0.0,9.06534962602605,382.0,392.0,386.0,388.0,389.5
infant7,4379,383.6,3.2576440717118227,2.0,0.0,14.658572836916514,378.0,390.0,380.0,384.0,386.0
infant7,4380,384.4,4.295227536677974,2.5071326821120348,0.0,8.719353568141603,378.0,392.0,380.0,384.0,388.0
infant7,4381,385.72,3.2327406708392123,2.2131333406899527,0.0,18.00205889134873,382.0,392.0,384.0,385.0,388.0
infant7,4382,382.76,1.7090395918557921,2.1759351731039738,0.0,5.355377974862332,380.0,386.0,382.0,382.0,384.0
infant7,4383,382.0,1.616244071283537,2.2857142857142856,0.0,2.6598459148574762,380.0,386.0,380.0,382.0,384.0
infant7,4384,380.64,3.884873858693379,2.249716535431946,0.0,1.8214932527293672,368.0,386.0,380.0,382.0,382.0
infant7,4385,380.16,5.358038020448476,2.390457218668787,0.0,4.670875611616511,368.0,388.0,380.0,382.0,383.5
infant7,4386,383.28,4.977664397801729,2.634155559226539,0.0,2.9228718263380684,368.0,390.0,382.0,384.0,386.0
infant7,4387,385.52,2.2699456075475664,2.4907993963089563,0.0,2.4252481143959637,380.0,390.0,384.0,386.0,386.0
infant7,4388,385.48,1.6566501730656258,2.3211538298959886,0.0,0.9144694404668007,382.0,390.0,384.0,386.0,386.0
infant7,4389,385.2,3.3073819722257785,2.0995626366712954,0.0,24.397177490467392,378.0,392.0,384.0,386.0,388.0
infant7,4390,383.8,5.484672520129275,2.2677868380553634,0.0,3.0677728506587942,376.0,396.0,380.0,383.0,388.0
infant7,4391,387.68,7.2095175190260035,2.3211538298959886,0.0,9.890773085114235,376.0,400.0,380.0,389.0,394.0
infant7,4392,387.2,6.363159271805739,1.8294640678379568,0.0,38.3452600711875,378.0,400.0,382.0,387.0,393.5
infant7,4393,382.6,2.147613768338987,1.9378085666072196,0.0,35.056400389574044,378.0,386.0,380.5,382.0,384.0
infant7,4394,381.92,2.31974664344965,1.979486637221574,0.0,13.11644713495695,378.0,386.0,380.0,382.0,384.0
infant7,4395,384.64,5.228493363976171,2.3035022137995855,0.0,3.346736525640765,378.0,398.0,380.0,383.0,388.0
infant7,4396,385.56,8.05379869809196,2.5714285714285716,0.0,10.966554527741701,372.0,400.0,377.0,387.0,390.0
infant7,4397,378.04,20.43801979305296,5.237229365663817,0.0,13.05965239170702,354.0,450.0,362.0,374.0,387.5
infant7,4398,410.24,49.856348745210795,14.630133845133837,2.0408163265306123,11.765584634188194,354.0,554.0,362.0,403.0,443.0
infant7,4399,423.56,37.6238960106527,13.991250910508906,2.0408163265306123,12.197770447927725,386.0,554.0,394.0,410.0,440.0
infant7,4400,394.68,11.432927741164722,3.6811710647786073,0.0,3.2596154452258825,384.0,430.0,388.0,391.0,394.0
infant7,4401,389.96,3.06367792840233,2.6649654437396615,0.0,15.410811856567973,384.0,398.0,388.0,390.0,392.0
infant7,4402,393.44,5.785837741187264,2.9965967090575756,0.0,21.610737152312954,388.0,412.0,390.0,392.0,395.5
infant7,4403,397.24,6.997258938545952,3.270149469217028,0.0,1.1971989345926464,388.0,412.0,390.5,398.0,401.5
infant7,4404,398.56,5.0149165252376875,2.602981022612657,0.0,3.1544830505074493,390.0,408.0,394.5,398.0,402.0
infant7,4405,398.2,3.6196741312342646,2.0203050891044216,0.0,13.800197133959738,390.0,404.0,396.0,398.0,401.5
infant7,4406,395.8,3.984664480280386,1.8294640678379568,0.0,7.930233541441887,388.0,404.0,392.5,396.0,398.0
infant7,4407,392.8,3.077237032648288,2.138089935299395,0.0,5.498451683103998,386.0,398.0,390.0,393.0,396.0
infant7,4408,393.0,5.082984821330627,2.7255405754769875,0.0,1.34715815562351,386.0,408.0,388.5,392.0,396.0
infant7,4409,387.48,8.748737518251723,2.8713930346059686,0.0,19.64575010975252,372.0,408.0,382.0,386.0,392.0
infant7,4410,374.44,10.81412530547196,3.8119040183218096,0.0,39.11200672179046,352.0,392.0,368.0,376.0,383.5
infant7,4411,391.72,29.62075940544236,6.1212243673224425,0.0,14.829327381795839,352.0,454.0,368.0,387.0,409.5
infant7,4412,400.96,22.97910319558771,5.299210568854688,0.0,11.124137250452913,370.0,454.0,384.0,398.0,409.5
infant7,4413,393.56,11.330219660316406,3.1298431857438063,0.0,4.216326187400336,370.0,406.0,384.5,398.0,402.0
infant7,4414,400.32,2.1135133724465063,2.407471363764674,0.0,1.1800102563060375,396.0,406.0,400.0,400.0,402.0
infant7,4415,396.04,5.070764544052947,2.1570955529345,0.0,9.30243603277241,386.0,402.0,392.0,398.0,400.0
infant7,4416,390.72,4.05593543401494,2.1570955529345,0.0,3.3509014458373914,384.0,402.0,388.0,390.0,392.0
infant7,4417,386.24,3.6284589408885815,1.9166296949998198,0.0,8.84771526479171,380.0,394.0,384.0,386.0,390.0
infant7,4418,383.76,1.790678813256274,1.7842851423995423,0.0,5.145875175083446,380.0,388.0,382.0,384.0,385.5
infant7,4419,383.52,2.1212241363737814,1.8516401995451028,0.0,4.639370469228479,378.0,386.0,382.0,384.0,386.0
infant7,4420,384.56,4.160847637348007,2.080031396937291,0.0,13.24309640980233,378.0,394.0,382.0,384.0,386.0
infant7,4421,386.08,4.119837524040213,2.1946130708196026,0.0,55.2836839011585,378.0,394.0,382.5,386.0,388.0
infant7,4422,385.88,4.804929441602187,2.1570955529345,0.0,2.1460043080788282,372.0,392.0,384.0,388.0,388.0
infant7,4423,376.0,11.043513194335821,2.040408122440814,0.0,53.70509510458874,360.0,392.0,368.0,371.0,388.0
infant7,4424,406.76,60.73279045733609,19.47892634178207,6.122448979591836,4.535987599333112,360.0,596.0,366.5,370.0,418.5
infant7,4425,412.32,57.516435982797695,19.545864430270935,6.122448979591836,9.90272848868618,364.0,596.0,374.5,390.0,418.5
infant7,4426,380.36,10.171508827933774,2.799416848895061,0.0,23.243231332719198,364.0,400.0,372.0,382.0,388.0
infant7,4427,386.4,9.142857142857142,2.6649654437396615,0.0,8.685699864791902,364.0,402.0,380.0,388.0,394.0
infant7,4428,389.68,7.627661797025082,2.3386722205349857,0.0,3.656324043346741,374.0,402.0,384.0,392.0,396.0
infant7,4429,384.36,9.317002233135124,2.710523708715754,0.0,18.63141089543886,366.0,396.0,378.0,385.0,392.0
infant7,4430,384.92,8.592450411939113,2.5872528966106905,0.0,16.55461419190009,366.0,396.0,382.0,388.0,392.0
infant7,4431,391.56,2.5002856979610497,2.407471363764674,0.0,3.6228085822241605,386.0,396.0,390.0,392.0,394.0
infant7,4432,393.48,3.2778788561992904,2.6802375770419595,0.0,4.039491455650551,386.0,402.0,392.0,394.0,396.0
infant7,4433,392.2,4.06578556307363,2.5394841192330255,0.0,1.9245234692661433,386.0,402.0,388.5,392.0,396.0
infant7,4434,387.36,3.462687407438427,2.3035022137995855,0.0,2.780213988540228,380.0,394.0,384.5,388.0,390.0
infant7,4435,390.16,5.825209114228414,2.4907993963089563,0.0,3.003157449882983,380.0,402.0,384.5,391.0,394.0
infant7,4436,391.84,4.7781817052267135,2.634155559226539,0.0,8.683585367990332,382.0,402.0,388.0,392.0,395.5
infant7,4437,389.04,3.1620195045158677,2.424366106925306,0.0,6.1048002839886735,382.0,396.0,386.0,390.0,391.5
infant7,4438,387.84,2.485550076677891,2.2314999074019015,0.0,4.6521156247636055,384.0,392.0,386.0,388.0,390.0
infant7,4439,384.72,2.7630211208540763,2.138089935299395,0.0,4.43267620477763,380.0,390.0,382.0,386.0,386.0
infant7,4440,380.8,3.2576440717118222,1.9378085666072196,0.0,5.481307079648412,376.0,390.0,378.0,380.0,382.0
infant7,4441,376.48,2.4763369920023375,1.737932151513777,0.0,5.8118746975740105,372.0,380.0,374.0,377.0,378.0
infant7,4442,375.84,2.735704960819617,1.6659862556700857,0.0,0.6098201062111881,372.0,382.0,374.0,376.0,378.0
infant7,4443,373.6,4.997958767010258,1.958758457257441,0.0,12.394580603214118,364.0,382.0,370.0,374.0,378.0
infant7,4444,363.6,7.803714447855807,2.75532878885513,0.0,6.313762933729611,352.0,378.0,356.0,364.0,370.0
infant7,4445,381.76,32.13146464772752,8.201542911089899,0.0,4.233112556500151,352.0,470.0,356.0,374.0,395.0
infant7,4446,400.36,21.463552400118978,8.275856204548708,0.0,2.0228477077735234,374.0,470.0,388.0,394.0,403.5
infant7,4447,390.68,5.987878913066882,3.2576440717118227,0.0,10.901852624769331,384.0,408.0,386.0,389.0,393.5
infant7,4448,386.48,2.636014307353325,2.5872528966106905,0.0,0.9365132086848453,380.0,390.0,386.0,386.0,388.0
infant7,4449,387.76,3.3476156607718424,2.1759351731039738,0.0,4.693204496461701,380.0,394.0,386.0,388.0,390.0
infant7,4450,389.8,2.1092604371762,1.737932151513777,0.0,6.229828842903544,384.0,394.0,388.0,390.0,392.0
infant7,4451,391.52,5.353770367027067,2.6186146828319083,0.0,4.205561214676034,380.0,404.0,388.0,390.0,394.0
infant7,4452,396.64,8.698486849411669,3.625307868699863,0.0,6.1759463186585055,380.0,414.0,392.0,396.0,404.0
infant7,4453,401.44,6.66443500062466,3.896623341995959,0.0,0.5571578675560124,380.0,414.0,398.0,404.0,406.0
infant7,4454,398.2,5.256676997992599,2.7847983842311326,0.0,21.831518257785532,390.0,408.0,394.0,397.0,403.5
infant7,4455,390.88,3.5262282561237743,1.5649215928719031,0.0,8.816158947592434,386.0,398.0,388.0,391.0,394.0
infant7,4456,389.04,2.1088733813995355,1.9378085666072196,0.0,9.466765689758098,386.0,392.0,388.0,390.0,390.0
infant7,4457,385.52,5.230366592685216,2.356060357495806,0.0,50.77540196579648,376.0,392.0,380.5,387.0,390.0
infant7,4458,379.4,3.2639027596559607,2.2857142857142856,0.0,4.357413957864676,374.0,388.0,376.0,379.0,382.0
infant7,4459,376.84,2.2529798861390082,1.7842851423995423,0.0,0.8363718478017831,374.0,384.0,376.0,376.0,378.0
infant7,4460,375.96,1.7838275747186247,1.6413036132965795,0.0,1.3867175335185837,372.0,380.0,374.5,376.0,376.0
infant7,4461,379.08,5.09837909415876,2.040408122440814,0.0,13.600082073109082,372.0,390.0,376.0,378.0,382.0
infant7,4462,396.68,46.34671465361566,9.214008855198342,0.0,23.172901967728723,356.0,540.0,374.0,382.0,389.5
infant7,4463,407.76,46.283315634496724,11.668901632378363,0.0,3.898510963898261,356.0,540.0,378.0,395.0,415.0
infant7,4464,396.52,16.964837585008418,5.959043889889774,0.0,8.534690578338035,382.0,474.0,388.0,392.0,398.0
infant7,4465,388.04,5.05464022014446,2.799416848895061,0.0,8.050094365056458,380.0,398.0,382.5,388.0,392.0
infant7,4466,388.56,4.1015676445545965,2.2677868380553634,0.0,3.273504295145629,380.0,396.0,386.0,388.0,392.0
infant7,4467,383.12,9.408289874751253,2.1759351731039738,0.0,7.635886139399948,362.0,394.0,380.0,386.0,390.0
infant7,4468,388.52,39.07880055811878,8.02546966010751,0.0,16.958882674708896,362.0,534.0,366.0,374.0,386.0
infant7,4469,413.36,53.793922727841476,14.408047637854821,2.0408163265306123,21.291036143587704,364.0,564.0,368.5,400.0,420.0
infant7,4470,407.12,41.93320246997307,12.199029737262396,2.0408163265306123,10.136554573587881,386.0,564.0,388.0,391.0,402.0
infant7,4471,393.4,7.128557114214085,3.1558174334820746,0.0,7.286681756453593,386.0,408.0,388.0,390.0,400.0
infant7,4472,397.48,6.624752594533287,3.5456210417116734,0.0,4.9989888804221065,386.0,408.0,390.0,399.0,402.0
infant7,4473,393.28,6.461945116903853,2.9277002188455996,0.0,9.2992396854837,384.0,406.0,388.0,392.0,398.0
infant7,4474,388.92,3.6412601541504945,1.958758457257441,0.0,6.410674117450329,384.0,398.0,386.0,388.0,390.0
infant7,4475,385.72,3.33221750031233,1.5907898179514348,0.0,5.239458787512276,378.0,390.0,384.0,388.0,388.0
infant7,4476,384.72,3.6979862142545,1.979486637221574,0.0,0.8165108732732534,378.0,390.0,382.0,384.0,388.0
infant7,4477,388.12,4.068996767494115,2.407471363764674,0.0,1.4430921475895926,380.0,396.0,386.0,388.0,390.0
infant7,4478,388.2,3.7307328163430267,2.2314999074019015,0.0,2.6164996601349597,382.0,396.0,386.0,388.0,390.0
infant7,4479,387.52,4.092003151992722,2.1946130708196026,0.0,13.572394089409627,380.0,396.0,384.0,386.0,390.0
infant7,4480,392.04,15.110423487089422,3.8332593899996397,0.0,9.585070863859011,374.0,432.0,382.0,387.0,394.0
infant7,4481,406.4,21.061619993122417,6.154474065296576,0.0,2.168830786458439,374.0,446.0,382.5,413.0,421.5
infant7,4482,402.12,19.163783870752088,5.322267431484902,0.0,3.0102417553622773,378.0,446.0,386.0,394.0,416.0
infant7,4483,376.08,12.872752429144313,2.1946130708196026,0.0,16.52335273415271,350.0,394.0,366.5,379.0,385.5
infant7,4484,374.12,36.7482555465465,12.285714285714286,0.0,7.281404867725629,342.0,504.0,350.0,365.0,378.0
infant7,4485,386.0,37.0305995917221,12.860317068487884,0.0,1.2788488592028144,342.0,504.0,351.5,382.0,405.5
infant7,4486,383.16,13.426078796012435,4.981598792617913,0.0,11.618506371524298,368.0,420.0,372.0,378.0,391.0
infant7,4487,378.12,5.861113636607338,3.7142857142857144,0.0,1.4371335333034032,368.0,396.0,374.0,378.0,382.0
infant7,4488,382.68,11.346922625153681,4.0203563655629395,0.0,4.248751490848505,368.0,418.0,376.0,381.0,384.0
infant7,4489,391.24,12.583695313980787,3.5913728828504383,0.0,3.548221678766276,372.0,418.0,382.0,391.0,399.5
infant7,4490,389.56,10.745972192749567,2.4907993963089563,0.0,4.038012190403993,366.0,412.0,388.0,390.0,394.0
infant7,4491,390.32,13.846741309707463,4.2185208743524,0.0,7.82221584820107,366.0,416.0,380.5,389.0,404.0
infant7,4492,396.48,9.844173662732736,4.499433070863892,0.0,1.9403027117950522,368.0,416.0,392.5,396.0,404.0
infant7,4493,393.76,2.4458210924608794,2.4907993963089563,0.0,0.8742347189005635,390.0,400.0,392.0,394.0,394.0
infant7,4494,393.48,2.41796001047265,1.737932151513777,0.0,1.5084702452146515,390.0,400.0,392.0,392.0,394.0
infant7,4495,390.2,7.342912729083655,2.4743582965269675,0.0,67.07050820725756,374.0,400.0,386.5,392.0,396.0
infant7,4496,386.28,6.0610499528227155,2.5394841192330255,0.0,2.542153376102802,374.0,398.0,384.0,386.0,389.5
infant7,4497,384.72,2.850277465906269,2.0,0.0,2.9276114158900186,380.0,392.0,382.0,384.0,386.0
infant7,4498,385.28,3.0172294359872196,1.8294640678379568,0.0,0.832158798216218,380.0,390.0,382.0,386.0,388.0
infant7,4499,386.72,2.9900515318745438,2.5714285714285716,0.0,1.1857480878437185,380.0,394.0,386.0,388.0,388.0
infant7,4500,381.32,7.673011275947425,2.842821248876057,0.0,16.419294482187283,366.0,394.0,378.0,384.0,387.5
infant7,4501,390.48,18.43935454180453,4.5175395145262565,0.0,7.403566247765196,366.0,440.0,378.0,386.0,402.0
infant7,4502,394.76,18.105766360753808,4.907304010662191,0.0,1.5704255322334975,364.0,440.0,386.0,396.0,404.0
infant7,4503,383.72,13.024372757038464,3.948649988881501,0.0,9.37735226862469,364.0,410.0,374.0,383.0,395.5
infant7,4504,389.44,10.698388205897261,3.9692697112713726,0.0,4.091738928969151,366.0,406.0,380.5,392.0,398.0
infant7,4505,390.96,8.043148941674472,3.1943828249996997,0.0,3.6825822685448584,370.0,406.0,388.0,390.0,398.0
infant7,4506,383.0,11.199489784296937,3.010186786529354,0.0,43.24617648467997,364.0,400.0,372.5,386.0,390.0
infant7,4507,387.76,12.620941457169751,2.75532878885513,0.0,11.47760380926758,364.0,400.0,376.5,394.0,398.0
infant7,4508,389.4,6.379175303361745,2.0995626366712954,0.0,9.930202132721002,380.0,400.0,384.0,390.0,394.0
infant7,4509,383.4,6.568322247184371,2.9554515522253144,0.0,9.489585475952905,372.0,406.0,380.0,382.0,385.5
infant7,4510,393.6,13.204822866618677,3.4522988495984492,0.0,11.189885848370718,372.0,416.0,380.5,397.0,404.0
infant7,4511,399.64,7.810929025724018,2.7255405754769875,0.0,3.451492228857847,384.0,416.0,396.0,400.0,404.0
infant7,4512,393.44,5.897630101687163,2.390457218668787,0.0,5.175921723123743,384.0,406.0,388.0,393.0,397.5
infant7,4513,388.04,10.073120425272439,3.245090483314442,0.0,3.6738779064559886,370.0,408.0,380.5,389.0,394.0
infant7,4514,380.16,12.459501742584628,3.4166459266003995,0.0,3.8623842734702984,362.0,408.0,370.0,377.0,389.5
infant7,4515,373.44,8.82519584103679,2.2677868380553634,0.0,8.409710559984536,362.0,398.0,368.0,372.0,374.0
infant7,4516,378.84,12.395456705534311,2.6649654437396615,0.0,16.19803742659544,366.0,406.0,370.0,374.0,391.0
infant7,4517,382.24,12.908721936768812,3.356382892705923,0.0,12.547445788937079,364.0,406.0,370.5,377.0,396.0
infant7,4518,371.48,10.441752921882067,2.7255405754769875,0.0,7.215793859056077,356.0,402.0,366.0,370.0,373.5
infant7,4519,379.68,17.71133615996909,3.487587318781058,0.0,36.39005557273956,356.0,416.0,366.0,371.0,395.5
infant7,4520,386.92,12.931278327515555,3.5225222874108435,0.0,7.4016907292257414,368.0,416.0,376.5,384.0,395.5
infant7,4521,372.08,10.559529983355686,2.390457218668787,0.0,5.942372567595057,350.0,392.0,366.5,372.0,378.0
infant7,4522,355.52,10.258376368328749,2.390457218668787,0.0,190.80456737989942,344.0,374.0,348.0,350.0,365.5
infant7,4523,349.52,8.718359703428582,3.077237032648288,0.0,10.018239680605092,344.0,384.0,346.0,347.0,348.0
infant7,4524,368.92,21.132082196489385,4.100771455544949,0.0,2.2932510365486136,344.0,408.0,346.5,370.0,382.0
infant7,4525,379.72,12.168946762399877,3.7032803990902057,0.0,6.835530685277982,366.0,408.0,370.0,374.0,384.0
infant7,4526,364.48,10.709980087254493,2.0203050891044216,0.0,78.32806059291855,352.0,390.0,354.0,365.0,372.0
infant7,4527,354.84,3.1321896885243015,1.538618516324144,0.0,8.632478910475017,350.0,364.0,352.0,354.0,356.0
infant7,4528,361.36,10.145392037365374,2.407471363764674,0.0,33.29842826771193,350.0,382.0,354.0,356.0,369.0
infant7,4529,373.48,9.230030844355566,2.407471363764674,0.0,2.0033827526387284,354.0,384.0,370.0,376.0,380.0
infant7,4530,372.84,9.672937210884514,2.2857142857142856,0.0,3.1114192226008592,354.0,384.0,365.0,376.0,380.0
infant7,4531,357.92,11.945180908582989,2.4411439272335804,0.0,19.57657871315728,342.0,382.0,350.0,354.0,363.5
infant7,4532,344.44,5.500129868596612,1.9378085666072196,0.0,23.418401008451216,336.0,354.0,340.0,344.0,349.5
infant7,4533,351.92,13.17362857362839,2.249716535431946,0.0,81.23339695231397,336.0,372.0,340.0,347.0,366.0
infant7,4534,364.12,6.13334812183961,2.5394841192330255,0.0,15.748688791296697,348.0,374.0,360.0,364.0,368.0
infant7,4535,365.36,4.579278973634096,2.634155559226539,0.0,7.478159215869849,360.0,374.0,362.0,365.0,368.0
infant7,4536,367.12,4.260114015912183,2.4907993963089563,0.0,7.464425983167553,358.0,374.0,364.0,367.0,372.0
infant7,4537,354.56,14.78576259481411,2.0,0.0,63.17054133987574,332.0,374.0,340.0,356.0,369.5
infant7,4538,337.12,6.9418576588044525,1.8294640678379568,0.0,83.64656012541855,328.0,354.0,332.0,336.0,340.0
infant7,4539,332.24,3.3960361047094008,1.8294640678379568,0.0,18.721456893905838,324.0,338.0,330.0,332.0,335.5
infant7,4540,330.28,7.306804209440817,3.0237157840738176,0.0,16.635961494773145,320.0,354.0,324.0,330.0,334.0
infant7,4541,340.4,14.33705061747929,3.979539507766891,0.0,9.250227646220022,320.0,368.0,324.5,344.0,351.5
infant7,4542,348.92,6.72746427045169,2.5714285714285716,0.0,3.5655147168429564,338.0,368.0,344.0,348.0,352.0
infant7,4543,340.72,6.321456819953025,2.1189138534559038,0.0,348.5446155489359,332.0,354.0,336.0,338.0,346.0
infant7,4544,336.12,2.228205098096599,1.8735538640862859,0.0,1.3393166635654632,332.0,344.0,334.0,336.0,337.5
infant7,4545,343.4,7.475128829686359,1.9166296949998198,0.0,10.084308775343217,334.0,356.0,336.0,342.0,351.5
infant7,4546,353.8,5.499536158548616,1.8735538640862859,0.0,2.5508171782658726,342.0,362.0,352.0,354.0,358.0
infant7,4547,355.04,3.708567026191532,1.6903085094570331,0.0,10.037020879547295,348.0,362.0,352.0,354.0,358.0
infant7,4548,353.92,2.5220658846530184,1.7612611437054218,0.0,4.625525568434944,348.0,358.0,352.0,354.0,356.0
infant7,4549,355.32,8.345694233848851,2.799416848895061,0.0,10.781802002952515,344.0,378.0,350.0,354.0,356.0
infant7,4550,357.84,10.300307108558087,2.6802375770419595,0.0,7.927349021134187,344.0,378.0,350.0,356.0,365.5
infant7,4551,360.52,6.138669669083233,2.0,0.0,35.543736843996754,350.0,378.0,356.0,361.0,364.0
infant7,4552,356.88,6.859047354570815,2.3733211036908783,0.0,32.32320590210979,342.0,366.0,352.0,358.0,362.0
infant7,4553,354.76,6.513909763587708,2.9554515522253144,0.0,3.4179039687758737,342.0,366.0,350.5,354.0,360.0
infant7,4554,355.4,4.145319465299117,2.710523708715754,0.0,3.7246714598337807,344.0,366.0,352.0,354.0,358.0
infant7,4555,354.24,2.6384906012834732,2.5394841192330255,0.0,0.9079349677569959,348.0,360.0,352.5,354.0,356.0
infant7,4556,355.68,4.18666493348896,2.602981022612657,0.0,7.545925366637099,348.0,364.0,352.5,356.0,358.0
infant7,4557,361.76,6.422409745475253,2.710523708715754,0.0,5.429491023301839,350.0,372.0,358.0,362.0,366.0
infant7,4558,367.44,4.678042500090509,2.695423180587601,0.0,1.484906182424185,356.0,376.0,364.0,368.0,371.5
infant7,4559,363.4,6.617848469657411,1.958758457257441,0.0,18.88222178518593,352.0,376.0,358.0,364.0,368.0
infant7,4560,365.28,9.508406591977824,2.857142857142857,0.0,8.260706277508273,352.0,386.0,358.0,364.0,371.5
infant7,4561,371.28,6.487161575459829,3.05059378629466,0.0,7.09310708413621,358.0,386.0,366.5,370.0,376.0
infant7,4562,364.84,6.67728406232501,2.457807219155036,0.0,26.16869076775195,354.0,376.0,360.0,364.0,370.0
infant7,4563,359.44,3.233498137324596,2.249716535431946,0.0,2.3803892223524805,354.0,370.0,356.5,360.0,361.5
infant7,4564,359.96,2.955175328891637,1.8070158058105026,0.0,4.234625591314379,354.0,366.0,358.0,360.0,362.0
infant7,4565,355.96,5.562116760473736,1.6413036132965795,0.0,17.631267205019945,348.0,366.0,350.0,356.0,361.5
infant7,4566,345.72,7.295623513379757,1.9166296949998198,0.0,29.098442957158003,330.0,356.0,340.0,348.0,350.0
infant7,4567,331.12,12.772163609400959,11.633870326572762,2.0408163265306123,87.79611684480126,278.0,350.0,324.0,331.0,340.0
infant7,4568,321.36,9.826577870910159,15.362291495737216,4.081632653061225,0.0673582032461302,278.0,362.0,318.5,320.0,324.0
infant7,4569,320.04,6.266073209705403,5.9521904731427595,0.0,2.6808567944570596,316.0,362.0,318.0,320.0,320.0
infant7,4570,320.84,3.1838880095164868,1.538618516324144,0.0,13.788156986713057,316.0,328.0,318.0,320.0,322.0
infant7,4571,328.12,7.014969416780613,1.5118578920369088,0.0,20.805160267266356,318.0,342.0,322.0,328.0,333.5
infant7,4572,340.8,9.2228642237537,2.2677868380553634,0.0,2.570266176658224,328.0,360.0,334.0,340.0,344.0
infant7,4573,351.72,11.696920927478029,3.7032803990902057,0.0,1.6987013225577452,338.0,386.0,344.0,348.0,356.0
infant7,4574,357.76,10.049997461670916,3.440455593940656,0.0,1.7374880920362845,344.0,386.0,348.0,358.0,362.0
infant7,4575,355.6,5.510657577710259,1.979486637221574,0.0,6.550175324339132,344.0,368.0,352.0,356.0,360.0
infant7,4576,347.64,4.976516280061213,2.249716535431946,0.0,21.590194648205998,340.0,356.0,344.0,346.0,352.0
infant7,4577,348.6,7.743331561638659,3.1298431857438063,0.0,9.660216114225712,338.0,368.0,342.0,346.0,354.0
infant7,4578,353.88,6.0664349211922834,3.1558174334820746,0.0,1.4616118984651063,338.0,368.0,352.0,354.0,357.5
infant7,4579,355.88,5.734393194237944,2.6186146828319083,0.0,0.49659175411653056,346.0,370.0,352.0,355.0,358.0
infant7,4580,363.12,10.22330271327945,3.116774889895918,0.0,9.356985396064514,346.0,384.0,356.0,360.0,370.0
infant7,4581,370.6,7.219587867710444,3.1815796359028696,0.0,8.29855845297027,356.0,384.0,366.5,372.0,375.5
infant7,4582,370.08,5.784708907357149,2.424366106925306,0.0,6.241321795742048,358.0,378.0,366.5,372.0,374.0
infant7,4583,361.88,8.07525825706939,2.080031396937291,0.0,4.853938242175488,348.0,376.0,356.0,360.0,369.5
infant7,4584,356.56,3.5922819761146765,2.080031396937291,0.0,1.5377294983089016,348.0,366.0,354.0,356.0,359.5
infant7,4585,359.92,3.8747745161519282,2.6186146828319083,0.0,2.14428039214036,352.0,366.0,356.0,360.0,362.0
infant7,4586,362.24,5.324414310992529,2.8713930346059686,0.0,5.637677343953798,354.0,376.0,360.0,362.0,364.0
infant7,4587,364.36,6.757490175308268,2.6649654437396615,0.0,9.025910555620941,354.0,376.0,358.5,363.0,371.5
infant7,4588,366.04,4.227992238326242,2.1189138534559038,0.0,4.0015812044476675,358.0,374.0,362.5,366.0,369.5
infant7,4589,361.68,5.116759178405401,1.8952141659173714,0.0,11.793654335366819,352.0,372.0,360.0,362.0,364.0
infant7,4590,363.44,11.328418301973572,2.813959371941744,0.0,14.566318328961144,352.0,390.0,356.0,360.0,364.0
infant7,4591,368.56,10.521426146833198,3.1943828249996997,0.0,11.535288013302106,352.0,390.0,360.0,367.0,377.5
infant7,4592,369.64,8.128458447620549,2.7255405754769875,0.0,4.893977424319033,358.0,390.0,364.0,366.0,374.0
infant7,4593,370.08,10.261558937936023,2.9137254363387344,0.0,23.53650715768307,356.0,390.0,362.0,366.0,379.5
infant7,4594,361.84,11.07186174267813,2.770102775666474,0.0,22.90413033489592,348.0,390.0,356.0,358.0,365.0
infant7,4595,356.96,5.616884167855167,2.040408122440814,0.0,52.99752618345542,348.0,366.0,352.5,356.0,361.5
infant7,4596,363.56,10.272133891936843,3.116774889895918,0.0,2.0223781748072507,348.0,388.0,356.5,363.0,366.0
infant7,4597,369.2,10.427592909082662,3.282607226593159,0.0,5.226589750425353,354.0,388.0,360.5,366.0,378.0
infant7,4598,375.24,9.772013349251994,3.5799897388976194,0.0,12.910277449429337,358.0,396.0,368.0,375.0,382.0
infant7,4599,373.6,10.991648035240768,3.7688302737922625,0.0,187.768252855388,358.0,396.0,362.5,374.0,383.5
infant7,4600,367.4,7.626484465736651,2.9416086117105715,0.0,5.798082815103721,356.0,384.0,360.5,366.0,370.0
infant7,4601,363.36,5.8055568032634355,2.6649654437396615,0.0,80.72020009220974,354.0,380.0,358.0,362.0,367.5
infant7,4602,358.88,3.211204872737627,2.1570955529345,0.0,27.675563312870953,352.0,364.0,356.0,358.0,362.0
infant7,4603,362.2,5.689230786211393,2.2314999074019015,0.0,17.225718582866573,352.0,372.0,358.0,361.0,366.0
infant7,4604,364.28,4.2187143800461495,2.5714285714285716,0.0,18.827421046392143,358.0,372.0,360.0,364.0,368.0
infant7,4605,365.84,4.812229319183382,2.695423180587601,0.0,6.181421672358751,360.0,376.0,362.0,364.0,370.0
infant7,4606,366.36,5.041703631730457,2.5872528966106905,0.0,13.356622842409964,354.0,376.0,362.0,366.0,370.0
infant7,4607,381.48,47.28517047594072,11.135528725660043,2.0408163265306123,16.809101054529414,354.0,568.0,362.0,366.0,368.0
infant7,4608,426.92,88.87249293229037,24.24534459837347,6.122448979591836,64.98214455156314,360.0,676.0,366.0,380.0,460.0
infant7,4609,411.2,84.55019038344948,15.24226133525616,2.0408163265306123,104.88101736364507,360.0,676.0,368.0,372.0,399.0
infant7,4610,370.0,5.237229365663817,2.5714285714285716,0.0,22.703989135998533,360.0,380.0,366.0,372.0,374.0
infant7,4611,369.76,4.474690731531862,2.4743582965269675,0.0,6.747619890101963,362.0,380.0,366.0,370.0,373.5
infant7,4612,361.92,7.159523413622172,2.8284271247461903,0.0,13.609959945524734,348.0,374.0,356.0,362.0,366.0
infant7,4613,365.48,12.019100445133326,3.232488142567074,0.0,10.598105943961436,348.0,388.0,356.0,362.0,374.0
infant7,4614,365.28,13.147576792329607,2.8855728395320224,0.0,21.57359323998904,344.0,388.0,353.0,367.0,374.0
infant7,4615,345.64,12.320151072490125,2.2314999074019015,0.0,67.65748747439484,330.0,370.0,336.0,343.0,355.0
infant7,4616,337.28,4.366103198832701,2.138089935299395,0.0,21.88650993395781,330.0,344.0,334.0,337.0,342.0
infant7,4617,335.96,4.806288397845608,2.1946130708196026,0.0,160.67109108408195,328.0,344.0,332.0,334.0,341.5
infant7,4618,340.28,9.510552678204247,2.5872528966106905,0.0,19.66174509392299,328.0,360.0,332.0,337.0,348.0
infant7,4619,347.24,6.179492086650779,2.6649654437396615,0.0,6.850945666899663,332.0,360.0,344.0,346.0,352.0
infant7,4620,354.2,10.69999046347086,3.05059378629466,0.0,4.170723188723432,342.0,384.0,346.0,354.0,358.0
infant7,4621,364.56,9.756546729331678,3.5456210417116734,0.0,7.486589653518401,352.0,384.0,356.5,361.0,372.0
infant7,4622,364.52,7.833053982571393,3.0371845179241856,0.0,0.8091012424572391,354.0,384.0,358.0,363.0,370.0
infant7,4623,366.16,5.949995712569198,2.602981022612657,0.0,4.855926078447165,356.0,374.0,360.0,368.0,370.0
infant7,4624,378.52,10.99023685470195,2.842821248876057,0.0,3.6714866738542584,364.0,396.0,370.0,372.0,390.0
infant7,4625,386.56,9.823254375745964,3.1558174334820746,0.0,1.1593018881414636,364.0,400.0,382.5,390.0,393.5
infant7,4626,378.72,11.355193004227859,2.9554515522253144,0.0,9.641014355528077,360.0,400.0,368.5,377.0,389.5
infant7,4627,370.92,6.103996683338227,2.982944716831586,0.0,0.9680501138356707,360.0,382.0,366.0,370.0,376.0
infant7,4628,372.16,5.40355136432872,2.7847983842311326,0.0,11.364132908176913,364.0,380.0,368.0,374.0,377.5
infant7,4629,368.44,7.025202444610056,2.424366106925306,0.0,80.6893784361696,358.0,380.0,362.5,368.0,374.0
infant7,4630,364.64,11.178989038297127,3.3441999744913216,0.0,5.825173048445706,348.0,392.0,358.0,362.0,371.5
infant7,4631,357.36,14.963574821163938,3.368521749300456,0.0,9.324900502708674,338.0,392.0,346.5,354.0,366.0
infant7,4632,340.16,11.441706737249671,2.0,0.0,29.337554374647258,326.0,368.0,330.0,338.0,346.0
infant7,4633,328.08,4.080016006371164,1.737932151513777,0.0,13.178686020445578,322.0,338.0,324.0,328.0,330.0
infant7,4634,332.96,14.149291465638548,2.8996833043120627,0.0,59.36139047883306,322.0,370.0,324.0,326.0,336.5
infant7,4635,345.92,13.570436053932738,3.801181341614306,0.0,6.141049457924157,322.0,370.0,338.5,347.0,354.0
infant7,4636,357.36,8.754613943865397,3.356382892705923,0.0,4.281969076118609,342.0,370.0,348.5,360.0,364.0
infant7,4637,366.88,6.4290158576534235,3.0371845179241856,0.0,2.020673905968057,356.0,382.0,362.0,365.0,370.0
infant7,4638,373.28,7.053845383468335,3.0639443699324596,0.0,6.797256360025573,360.0,386.0,368.0,373.0,378.0
infant7,4639,368.72,9.220739710908584,2.5872528966106905,0.0,15.246336941919147,356.0,386.0,360.0,368.0,377.0
infant7,4640,357.92,4.570714229901993,2.4411439272335804,0.0,5.565129080505007,350.0,368.0,354.5,358.0,360.0
infant7,4641,362.72,9.203016364436262,2.7255405754769875,0.0,44.58006998941151,350.0,380.0,354.5,360.0,370.0
infant7,4642,366.88,6.036081983727997,3.295017884191656,0.0,33.364981636768796,358.0,380.0,362.0,366.0,370.0
infant7,4643,364.04,2.899401767993684,3.2071349029490928,0.0,3.748502119260896,358.0,370.0,362.0,364.0,366.0
infant7,4644,361.4,4.485805276602166,3.0371845179241856,0.0,8.950045972522494,352.0,368.0,358.0,362.0,364.0
infant7,4645,362.36,7.523459907488831,3.0237157840738176,0.0,38.00488851986737,352.0,376.0,356.0,360.0,368.0
infant7,4646,364.92,6.617355042243241,2.9137254363387344,0.0,40.98165812232591,354.0,376.0,358.0,365.0,370.0
infant7,4647,363.44,3.357355616358487,2.2677868380553634,0.0,3.464452244193058,354.0,370.0,362.0,364.0,365.5
infant7,4648,366.0,7.373421657465109,3.319700011034929,0.0,13.549932648475231,358.0,402.0,362.0,364.0,368.0
infant7,4649,387.16,26.799604017787352,6.688399948982643,0.0,2.7689179230817067,358.0,460.0,368.5,383.0,395.5
infant7,4650,396.2,22.73628763695173,6.279217421667403,0.0,1.906954662276973,370.0,460.0,382.0,390.0,406.0
infant7,4651,375.4,15.624418356521048,3.854496446637726,0.0,13.1617471847052,356.0,416.0,364.5,370.0,382.0
infant7,4652,369.56,7.583978816813609,3.1943828249996997,0.0,44.09159682914988,356.0,384.0,364.0,368.0,376.0
infant7,4653,376.16,5.156173236905407,2.602981022612657,0.0,1.5811153188956208,362.0,384.0,374.0,376.0,380.0
infant7,4654,374.6,4.903143514780147,2.4907993963089563,0.0,1.5720784224635538,364.0,384.0,372.0,376.0,378.0
infant7,4655,375.08,5.802321843495947,2.634155559226539,0.0,1.4191903473821819,364.0,386.0,372.0,376.0,378.0
infant7,4656,383.4,9.800041649224282,3.1036515689143473,0.0,1.5255870915895893,368.0,400.0,374.5,382.0,392.0
infant7,4657,384.96,9.269128043881881,3.4166459266003995,0.0,13.989765026091236,368.0,400.0,378.0,386.0,392.0
infant7,4658,384.12,6.1200240095567455,3.6027200608338545,0.0,1.6245443454274244,370.0,398.0,380.0,384.0,388.0
infant7,4659,385.68,7.388463152449368,3.319700011034929,0.0,11.406963435830635,370.0,398.0,380.0,386.0,390.0
infant7,4660,376.64,10.882976783650205,2.9554515522253144,0.0,47.063183542833436,364.0,398.0,368.0,373.0,386.0
infant7,4661,381.32,27.908333917323265,12.381684960011686,2.0408163265306123,4.234670466459374,358.0,484.0,366.0,368.0,386.5
infant7,4662,375.48,31.096452977069617,12.205719636167903,2.0408163265306123,12.862791079451114,348.0,484.0,358.0,363.0,380.0
infant7,4663,349.2,9.071147352221454,2.4743582965269675,0.0,42.30716373871287,336.0,366.0,340.5,348.0,357.5
infant7,4664,336.16,6.525804352643403,1.6903085094570331,0.0,21.637277317490657,326.0,350.0,330.0,336.0,340.0
infant7,4665,331.92,4.64160422654909,1.737932151513777,0.0,13.577938384204888,326.0,344.0,328.0,330.0,334.0
infant7,4666,335.52,5.890982385764513,1.8516401995451028,0.0,37.993516464061564,326.0,346.0,332.0,335.0,340.0
infant7,4667,342.64,8.957404871993692,2.3386722205349857,0.0,24.676056294283196,330.0,360.0,334.5,341.0,352.0
infant7,4668,357.96,13.579636615618437,3.077237032648288,0.0,3.3128907306968673,330.0,384.0,352.0,359.0,368.0
infant7,4669,368.32,5.335441760108548,2.8996833043120627,0.0,0.3151315064977203,358.0,384.0,364.5,368.0,372.0
infant7,4670,364.96,4.819009975384689,2.356060357495806,0.0,2.0335900949545795,354.0,374.0,362.5,366.0,368.0
infant7,4671,369.2,19.81959450974243,6.337449432233953,0.0,3.4940946076406267,354.0,460.0,362.0,364.0,368.0
infant7,4672,387.72,37.60375578289477,8.11146832375908,0.0,8.354551610869207,352.0,472.0,364.0,368.0,401.0
infant7,4673,387.76,40.60087462614769,8.116498692195309,0.0,69.61704713656022,350.0,472.0,356.0,371.0,416.5
infant7,4674,388.08,29.927695179808122,7.434063903575821,0.0,3.9861115513364274,350.0,454.0,359.0,383.0,408.0
infant7,4675,390.28,17.270997276902555,4.3985155195259,0.0,10.111101492338918,368.0,444.0,380.0,384.0,400.0
infant7,4676,381.88,5.1809698879256025,2.710523708715754,0.0,0.33771000221892433,370.0,398.0,380.0,382.0,384.0
infant7,4677,381.96,6.266073209705402,2.770102775666474,0.0,2.8612630559951246,372.0,398.0,378.0,382.0,385.5
infant7,4678,375.28,8.258675092635276,2.634155559226539,0.0,12.556432989523355,362.0,396.0,370.0,372.0,381.5
infant7,4679,370.6,4.356557337707688,2.6186146828319083,0.0,1.8287019724979465,362.0,378.0,368.0,372.0,374.0
infant7,4680,377.44,10.529181994314076,4.2185208743524,0.0,1.2189519412759897,364.0,408.0,370.5,374.0,378.0
infant7,4681,383.12,9.840856110094887,4.361239292135356,0.0,1.9888910867659149,370.0,408.0,374.5,380.0,390.0
infant7,4682,373.48,13.320599361400326,2.9965967090575756,0.0,18.894045530538417,352.0,398.0,358.5,375.0,382.0
infant7,4683,356.84,10.999740256673597,2.6186146828319083,0.0,6.22954431803147,340.0,388.0,352.0,356.0,359.5
infant7,4684,342.12,9.21764058526821,2.1570955529345,0.0,44.929760116991694,330.0,360.0,334.0,340.0,351.5
infant7,4685,334.36,2.447489342496235,2.040408122440814,0.0,2.2906985267602624,330.0,340.0,332.0,334.0,336.0
infant7,4686,331.52,3.887394594673131,1.7612611437054218,0.0,57.69618479780412,324.0,338.0,328.0,332.0,334.0
infant7,4687,328.08,2.5859905140536594,1.737932151513777,0.0,4.1259170315084495,324.0,334.0,326.0,328.0,330.0
infant7,4688,330.72,9.99395735799735,2.5394841192330255,0.0,49.91461306818841,322.0,362.0,326.0,328.0,330.0
infant7,4689,341.0,12.95045503888901,3.319700011034929,0.0,7.575893517203367,322.0,368.0,328.0,342.0,350.0
infant7,4690,365.32,21.30673937647764,5.174505793221381,0.0,5.749240984414397,338.0,410.0,346.0,364.0,377.5
infant7,4691,368.24,18.43528117053642,4.080816244881628,0.0,19.474199021712653,348.0,410.0,352.0,364.0,377.5
infant7,4692,358.08,9.079782430190265,2.8996833043120627,0.0,36.766228689901986,348.0,394.0,352.0,356.0,360.0
infant7,4693,374.32,14.809594242674343,3.5225222874108435,0.0,3.467763114791323,352.0,398.0,358.0,380.0,386.0
infant7,4694,378.88,10.873371330072043,3.245090483314442,0.0,7.048844700030731,358.0,398.0,370.0,382.0,386.0
infant7,4695,418.44,104.67854778963519,49.43022292864468,6.122448979591836,7.1474103560758415,358.0,774.0,368.5,378.0,384.0
infant7,4696,444.44,117.0573137137426,52.28649492001169,12.244897959183673,9.800923584578568,354.0,774.0,372.5,380.0,456.5
infant7,4697,391.88,75.13841377411288,17.282762439813272,6.122448979591836,72.57323976081146,352.0,676.0,356.0,364.0,380.0
infant7,4698,365.64,8.923164076876382,3.7142857142857144,0.0,5.539049485180734,352.0,382.0,356.5,366.0,372.0
infant7,4699,366.6,6.966391622992348,3.534090536243709,0.0,12.414356447761847,354.0,382.0,360.0,366.0,372.0
infant7,4700,366.4,6.663945022680343,2.8713930346059686,0.0,2.2387323466663545,354.0,378.0,360.0,368.0,372.0
infant7,4701,370.8,9.116032076310752,3.0904725218262765,0.0,22.3358470520323,354.0,390.0,364.0,372.0,376.0
infant7,4702,370.28,9.823005068278677,2.813959371941744,0.0,19.464966046244747,354.0,390.0,362.0,369.0,377.5
infant7,4703,364.04,7.7353152515470445,2.407471363764674,0.0,32.49424716060286,354.0,382.0,360.0,362.0,367.5
infant7,4704,362.4,4.814942727529348,2.5071326821120348,0.0,4.33688173215443,354.0,372.0,360.0,362.0,366.0
infant7,4705,363.48,4.136645589689051,2.5555062599997598,0.0,3.0385163785099816,356.0,372.0,360.0,364.0,366.0
infant7,4706,361.92,6.336934171496304,2.5555062599997598,0.0,3.930702902210514,354.0,378.0,358.0,360.0,364.0
infant7,4707,360.24,8.634435093725305,2.424366106925306,0.0,15.491043903102579,346.0,378.0,354.0,358.0,366.0
infant7,4708,347.2,12.342063466545815,2.040408122440814,0.0,174.08954506615382,330.0,374.0,336.5,346.0,355.5
infant7,4709,336.28,4.848900569685243,1.958758457257441,0.0,9.98343445230703,328.0,346.0,332.0,336.0,340.0
infant7,4710,335.24,3.5888716889852725,2.3211538298959886,0.0,6.127688909623454,328.0,342.0,332.0,336.0,338.0
infant7,4711,334.44,2.7491000382685535,2.0203050891044216,0.0,3.2079385817532726,328.0,338.0,332.0,336.0,336.0
infant7,4712,329.2,5.451081150953975,1.4846149779161804,0.0,46.07180990064669,322.0,338.0,324.0,328.0,334.0
infant7,4713,324.68,1.5444436287702374,1.6659862556700857,0.0,3.971040508914264,322.0,328.0,324.0,324.0,326.0
infant7,4714,326.0,4.553536414431208,2.3386722205349857,0.0,2.2956736427755136,320.0,338.0,324.0,324.0,326.0
infant7,4715,326.4,4.932193286180591,2.5872528966106905,0.0,3.798292012060327,320.0,338.0,322.0,324.0,330.0
infant7,4716,337.52,15.951764025028833,3.219836477024184,0.0,60.46398411120714,320.0,378.0,326.0,330.0,347.0
infant7,4717,352.28,11.598803597697446,3.356382892705923,0.0,0.9079158612833436,326.0,378.0,346.0,354.0,360.0
infant7,4718,351.32,7.544263938075532,2.6186146828319083,0.0,27.296076930545414,336.0,366.0,346.0,351.0,358.0
infant7,4719,345.48,6.058355673727629,2.3211538298959886,0.0,10.675681309503144,336.0,358.0,340.0,344.0,349.5
infant7,4720,349.44,8.852902210632422,2.0995626366712954,0.0,12.623958114752222,338.0,364.0,342.0,346.0,359.0
infant7,4721,360.6,9.42640667789921,2.857142857142857,0.0,1.71256858882787,342.0,380.0,356.0,362.0,366.0
infant7,4722,361.72,7.938642252698287,2.813959371941744,0.0,52.47502758913377,350.0,380.0,356.0,361.0,367.5
infant7,4723,361.08,7.4198850312893,2.356060357495806,0.0,1.0655938752061638,350.0,374.0,354.0,361.0,368.0
infant7,4724,366.68,5.680040241306143,2.6649654437396615,0.0,2.783479859889913,354.0,374.0,364.0,368.0,370.0
infant7,4725,365.52,4.3996289268388935,2.813959371941744,0.0,14.289907580911747,356.0,374.0,362.0,364.0,369.5
infant7,4726,362.4,2.6186146828319083,2.5555062599997598,0.0,0.6325038212151731,356.0,368.0,360.5,362.0,364.0
infant7,4727,362.96,6.642350211072178,2.75532878885513,0.0,1.8862139243888145,352.0,378.0,358.0,363.0,365.5
infant7,4728,367.0,9.707981147446862,3.142857142857143,0.0,7.938767170036029,352.0,388.0,360.0,366.0,374.0
infant7,4729,377.32,9.626578852747391,2.8713930346059686,0.0,12.544530771632385,358.0,390.0,369.0,381.0,384.0
infant7,4730,379.16,8.051771259056187,3.2071349029490928,0.0,5.3978177778355505,360.0,390.0,374.5,382.0,384.0
infant7,4731,376.84,7.115260977329658,3.1943828249996997,0.0,4.650986963857507,360.0,388.0,374.0,378.0,382.0
infant7,4732,375.8,7.572776160399184,2.9416086117105715,0.0,20.929488053516565,360.0,390.0,370.0,376.0,382.0
infant7,4733,371.04,6.223589095087318,2.6649654437396615,0.0,3.693755071892641,360.0,390.0,368.0,370.0,372.0
infant7,4734,374.56,6.286233744769403,2.424366106925306,0.0,6.370683243992474,364.0,386.0,370.0,372.0,380.0
infant7,4735,375.12,6.454360968384406,2.5555062599997598,0.0,79.8289144366725,364.0,386.0,370.0,375.0,380.0
infant7,4736,373.04,5.209724032018962,2.2677868380553634,0.0,2.608167749201049,364.0,382.0,368.0,373.0,377.5
infant7,4737,375.08,4.183739173202334,2.3386722205349857,0.0,10.234482117576016,368.0,382.0,372.5,376.0,378.0
infant7,4738,377.08,5.941345961710586,3.1943828249996997,0.0,2.000737447343766,366.0,390.0,374.0,376.0,380.0
infant7,4739,376.48,6.86380628621568,3.295017884191656,0.0,60.0710792855817,366.0,390.0,370.5,376.0,382.0
infant7,4740,379.56,7.722640977895411,2.6186146828319083,0.0,14.393170523508054,366.0,394.0,374.5,380.0,384.0
infant7,4741,384.2,4.7509397566616824,2.390457218668787,0.0,2.7247952400254047,374.0,394.0,380.0,384.0,386.0
infant7,4742,377.96,8.176521889170335,2.710523708715754,0.0,44.86170682160308,364.0,388.0,370.5,380.0,384.0
infant7,4743,370.2,6.90755280213519,2.649605284427344,0.0,7.063431575362141,362.0,386.0,366.0,368.0,374.0
infant7,4744,367.24,3.566053097456283,2.040408122440814,0.0,3.1467295450793613,362.0,378.0,364.0,366.0,368.0
infant7,4745,370.76,6.2058563519650125,2.2314999074019015,0.0,85.04217529890586,364.0,384.0,366.0,368.0,374.0
infant7,4746,373.04,8.525974718350929,2.799416848895061,0.0,79.45579647428151,354.0,384.0,366.5,374.0,380.0
infant7,4747,359.08,14.753539872705472,2.770102775666474,0.0,58.33500462451882,338.0,384.0,348.0,354.0,373.5
infant7,4748,344.52,6.138669669083233,2.1570955529345,0.0,4.843301758674222,332.0,354.0,340.0,344.0,350.0
infant7,4749,333.32,10.242847180708443,1.8735538640862859,0.0,144.9892376798252,320.0,352.0,324.0,332.0,342.0
infant7,4750,326.76,3.6564731529668517,1.9166296949998198,0.0,8.170636680190093,320.0,332.0,324.0,328.0,330.0
infant7,4751,327.96,2.725241049065239,2.0203050891044216,0.0,6.9831875518910405,322.0,332.0,326.0,328.0,330.0
infant7,4752,331.16,5.88446588702069,3.077237032648288,0.0,18.101133616344516,322.0,344.0,326.0,330.0,336.0
infant7,4753,337.8,6.6792398443205485,3.0371845179241856,0.0,5.30962689961838,326.0,350.0,332.0,336.0,342.0
infant7,4754,331.24,10.481392647770365,1.6659862556700857,0.0,51.959229760770846,320.0,350.0,322.0,326.0,341.5
infant7,4755,328.72,14.662238045052874,2.8996833043120627,0.0,40.29154777859585,318.0,372.0,320.0,322.0,326.0
infant7,4756,356.4,27.12330122584187,4.65109159888563,0.0,27.039744150799525,318.0,404.0,326.5,363.0,375.5
infant7,4757,369.64,13.866359232594075,4.370588154508101,0.0,7.1807759620264235,350.0,404.0,360.0,368.0,375.5
infant7,4758,362.44,6.655241911302638,3.077237032648288,0.0,1.0190277626133493,350.0,374.0,356.0,364.0,368.0
infant7,4759,362.84,6.008021848380068,3.010186786529354,0.0,3.245022544586782,350.0,372.0,356.5,364.0,368.0
infant7,4760,360.44,5.775246262087454,2.842821248876057,0.0,4.179339492284153,350.0,372.0,356.0,359.0,364.0
infant7,4761,363.12,7.13897037108179,2.523360247522242,0.0,10.345047962354275,352.0,378.0,358.0,361.0,368.0
infant7,4762,367.28,7.706451047992328,3.0639443699324596,0.0,1.1616501426415493,354.0,388.0,360.5,367.0,372.0
infant7,4763,363.04,11.008271472684825,3.534090536243709,0.0,9.909823630701549,344.0,388.0,354.5,362.0,370.0
infant7,4764,367.48,12.485485450665326,3.8861344310672696,0.0,2.036344708186303,344.0,394.0,357.0,370.0,375.5
infant7,4765,377.96,5.890012300323249,3.614031611621005,0.0,4.621823331464367,368.0,394.0,374.0,376.0,382.0
infant7,4766,376.8,14.669140174849641,4.179639668093655,0.0,11.344240364099926,354.0,418.0,368.0,376.0,384.0
infant7,4767,376.32,16.89033052684649,4.499433070863892,0.0,3.847803162030206,354.0,418.0,364.5,370.0,383.5
infant7,4768,368.04,15.49451515859725,3.0639443699324596,0.0,9.255836527772905,344.0,414.0,357.0,366.0,377.5
infant7,4769,350.52,12.012306614638241,3.989782869648269,0.0,42.357517458223604,334.0,388.0,340.0,348.0,360.0
infant7,4770,352.4,16.111853919853356,4.3985155195259,0.0,4.402629706349687,334.0,388.0,340.0,346.0,360.0
infant7,4771,346.12,18.513800699114448,2.7255405754769875,0.0,90.40586802884873,326.0,388.0,330.5,340.0,354.0
infant7,4772,327.52,5.353770367027067,1.8070158058105026,0.0,144.02434913906512,320.0,340.0,324.0,326.0,330.0
infant7,4773,322.8,1.616244071283537,1.8070158058105026,0.0,0.8207160933131245,320.0,326.0,322.0,322.0,324.0
infant7,4774,321.52,1.6442850937072182,1.8294640678379568,0.0,8.447777506181271,318.0,324.0,320.0,322.0,322.0
infant7,4775,345.64,35.88118715757235,7.537660547584525,0.0,8.002158060076084,318.0,440.0,320.0,322.0,367.5
infant7,4776,374.72,30.263495893129555,9.701672483628368,0.0,0.4162379857550268,320.0,440.0,360.0,368.0,394.0
infant7,4777,366.28,20.42811188294309,6.458659745975609,0.0,6.694822522002293,346.0,426.0,354.0,360.0,371.0
infant7,4778,361.88,13.256711815652679,4.780914437337574,0.0,4.8211742861971665,346.0,402.0,352.0,358.0,372.0
infant7,4779,370.6,10.499757042864546,5.046720495044484,0.0,0.7649683155349237,348.0,402.0,366.0,370.0,377.5
infant7,4780,370.68,4.705359514773054,2.75532878885513,0.0,3.6618535431686636,364.0,388.0,368.0,370.0,372.0
infant7,4781,371.4,3.9434782119549316,2.3733211036908783,0.0,4.247225662573375,364.0,382.0,368.5,370.0,374.0
infant7,4782,366.4,10.061038206662289,2.602981022612657,0.0,5.827798960627214,346.0,382.0,362.5,370.0,374.0
infant7,4783,376.56,22.131480948630433,4.780914437337574,0.0,26.2576897398658,346.0,420.0,360.0,372.0,394.0
infant7,4784,381.08,18.098190235377636,4.668609896676626,0.0,19.960364097414224,360.0,420.0,368.0,374.0,394.0
infant7,4785,367.2,5.174505793221381,2.0995626366712954,0.0,17.354827892288302,360.0,378.0,362.5,366.0,370.0
infant7,4786,364.56,3.381582771545941,2.0,0.0,0.3719205451612569,358.0,370.0,362.0,364.0,367.5
infant7,4787,364.36,2.9606948991266027,2.3211538298959886,0.0,2.152960208428432,358.0,370.0,362.0,364.0,366.0
infant7,4788,365.0,7.230886134196436,2.634155559226539,0.0,2.8532169394031652,348.0,380.0,362.0,364.0,368.0
infant7,4789,367.76,15.828880863401402,3.614031611621005,0.0,23.416166486153088,344.0,400.0,354.0,368.0,378.0
infant7,4790,370.52,14.878062195523903,3.614031611621005,0.0,14.61385982570929,344.0,400.0,362.0,370.0,379.5
infant7,4791,370.4,5.855400437691198,2.6186146828319083,0.0,29.644339039933097,362.0,388.0,366.0,370.0,374.0
infant7,4792,372.48,5.518946956639834,2.5555062599997598,0.0,6.90546257467284,362.0,382.0,368.5,372.0,376.0
infant7,4793,369.0,7.75386671149252,2.634155559226539,0.0,11.231094562628874,356.0,382.0,362.0,368.0,375.5
infant7,4794,365.44,4.899645968051661,2.649605284427344,0.0,8.681591917385203,356.0,374.0,362.0,364.0,369.5
infant7,4795,363.0,6.404717648988542,2.523360247522242,0.0,56.94287772244015,354.0,374.0,358.0,362.0,368.0
infant7,4796,363.84,6.588053504609069,2.2131333406899527,0.0,21.754601146602216,354.0,374.0,358.0,364.0,369.5
infant7,4797,369.76,2.8468385616185485,2.8284271247461903,0.0,2.2233625600790297,364.0,374.0,368.0,370.0,372.0
infant7,4798,374.08,7.361898601611419,2.8855728395320224,0.0,11.273246765623064,364.0,386.0,370.0,372.0,382.0
infant7,4799,378.56,5.883772217736177,2.1759351731039738,0.0,32.07730754708083,364.0,386.0,376.5,379.0,384.0
infant7,4800,380.96,4.164769636180251,2.3211538298959886,0.0,1.4457363646894394,376.0,390.0,378.0,380.0,384.0
infant7,4801,381.84,6.1656057186257875,2.6649654437396615,0.0,29.484944962268337,370.0,392.0,378.0,380.0,388.0
infant7,4802,377.68,7.4435014801983,2.6802375770419595,0.0,35.707625226237106,366.0,392.0,372.0,376.0,384.0
infant7,4803,381.8,9.833304508201726,3.1687247161169765,0.0,13.795792660876241,366.0,404.0,372.0,382.0,386.0
infant7,4804,384.08,10.380200933920857,3.475864303027554,0.0,5.934857161911341,366.0,404.0,377.0,386.0,392.0
infant7,4805,377.8,8.332380897952964,2.9965967090575756,0.0,4.268730937642482,366.0,396.0,372.0,376.0,381.5
infant7,4806,374.2,4.558016038155376,2.424366106925306,0.0,8.935346988999205,366.0,384.0,370.5,374.0,378.0
infant7,4807,372.44,6.4306663253317,2.5714285714285716,0.0,0.3677272909876137,358.0,388.0,368.0,372.0,376.0
infant7,4808,357.96,16.85225110621542,2.710523708715754,0.0,78.91615322356874,332.0,388.0,342.5,357.0,372.0
infant7,4809,336.84,8.47652219789629,2.0603150145508513,0.0,50.101986294899575,328.0,356.0,330.0,332.0,342.0
infant7,4810,327.16,4.334766900495649,2.080031396937291,0.0,36.90287617739453,320.0,334.0,324.0,328.0,330.0
infant7,4811,322.96,5.6603165700753335,7.461465632686054,0.0,0.5106922098954282,296.0,344.0,320.0,322.0,324.0
infant7,4812,322.28,5.190415028036323,7.483314773547883,0.0,1.9669230302662253,296.0,344.0,320.0,322.0,324.0
infant7,4813,320.96,2.5631613133720923,2.0203050891044216,0.0,2.723299699618426,316.0,326.0,320.0,322.0,322.0
infant7,4814,318.2,2.294625486315573,1.737932151513777,0.0,3.793536400146614,314.0,322.0,316.0,318.0,320.0
infant7,4815,319.68,9.146070863758817,2.4907993963089563,0.0,21.65688573224434,310.0,348.0,314.0,316.0,319.5
infant7,4816,340.96,21.00044703119922,3.7471077281725718,0.0,18.917405617449543,310.0,372.0,316.5,350.0,360.0
infant7,4817,350.8,12.873006086935783,5.0142653642240695,0.0,17.190172068248366,328.0,378.0,339.0,353.0,360.0
infant7,4818,358.16,19.398464067117924,5.458563764155086,0.0,3.01413459958192,328.0,392.0,339.0,361.0,377.5
infant7,4819,370.6,7.806329195608143,3.938299643454349,0.0,0.5853415438295241,360.0,392.0,364.0,368.0,377.5
infant7,4820,369.68,5.846471114253102,3.428571428571429,0.0,2.026838015467841,362.0,386.0,366.0,368.0,372.0
infant7,4821,376.64,6.355970999535694,3.6477558099439156,0.0,9.253040154869478,364.0,386.0,370.5,378.0,382.0
infant7,4822,376.08,6.736558801776759,2.5555062599997598,0.0,3.0409092647318894,362.0,386.0,370.5,378.0,382.0
infant7,4823,369.08,6.44233447357305,2.5714285714285716,0.0,3.1958603371178462,356.0,382.0,364.5,368.0,374.0
infant7,4824,362.2,7.387247699341654,2.799416848895061,0.0,6.2739812599621105,346.0,376.0,358.0,362.0,367.5
infant7,4825,363.68,12.77983104867404,2.9965967090575756,0.0,34.505174312736806,346.0,386.0,354.0,361.0,373.5
infant7,4826,371.84,10.96070904901425,3.1298431857438063,0.0,15.366080583446863,346.0,386.0,370.0,374.0,380.0
infant7,4827,372.32,4.854789345773587,3.0371845179241856,0.0,0.5326599246302794,356.0,380.0,370.0,372.0,376.0
infant7,4828,364.28,11.021389223149834,3.010186786529354,0.0,37.7268067133587,346.0,382.0,352.5,369.0,373.5
infant7,4829,367.76,13.954093832774578,2.9554515522253144,0.0,27.79496904295738,346.0,388.0,352.5,368.0,382.0
infant7,4830,375.68,6.5944936832766405,2.9554515522253144,0.0,6.228819752909731,364.0,388.0,370.0,375.0,381.5
infant7,4831,378.52,7.315736463268753,2.5872528966106905,0.0,0.8418252579443827,368.0,392.0,372.0,377.0,386.0
infant7,4832,379.88,8.537169630862588,3.245090483314442,0.0,31.360103366809927,360.0,392.0,374.0,380.0,388.0
infant7,4833,372.92,7.485605233665859,3.270149469217028,0.0,5.007692935757004,360.0,388.0,368.0,370.0,377.5
infant7,4834,366.84,6.234728280742785,2.4907993963089563,0.0,5.572326641092618,352.0,374.0,364.0,368.0,372.0
infant7,4835,351.56,14.463409144514742,2.0203050891044216,0.0,87.2687166993805,330.0,374.0,338.5,351.0,363.5
infant7,4836,332.72,7.894818760763677,1.5907898179514348,0.0,58.86878360627605,324.0,350.0,328.0,330.0,338.0
infant7,4837,325.2,2.2131333406899523,1.8070158058105026,0.0,1.4501007044511356,322.0,330.0,324.0,324.0,328.0
infant7,4838,327.08,3.794948307034132,2.040408122440814,0.0,21.50662540473897,322.0,334.0,324.0,326.0,330.0
infant7,4839,326.52,4.272551214151917,1.8516401995451028,0.0,34.87771949821363,320.0,334.0,322.0,326.0,330.0
infant7,4840,323.84,3.677621236503791,2.1189138534559038,0.0,5.468466870904788,318.0,336.0,322.0,322.0,324.0
infant7,4841,327.2,5.480950312357394,2.1759351731039738,0.0,33.94349093027083,318.0,338.0,322.5,326.0,332.0
infant7,4842,323.16,7.516946840035411,2.040408122440814,0.0,12.313626915699558,314.0,338.0,316.0,323.0,328.0
infant7,4843,348.96,58.91708459473243,11.043513194335821,0.0,35.30395750923125,314.0,520.0,316.0,317.0,351.5
infant7,4844,371.16,52.78077881430794,12.907836569230305,0.0,6.971763092166854,314.0,520.0,338.5,354.0,395.0
infant7,4845,354.32,18.053706725506878,5.086998232789958,0.0,0.5673439990535585,336.0,422.0,346.0,346.0,356.0
infant7,4846,353.0,11.733433827646325,3.440455593940656,0.0,12.988943395466643,340.0,378.0,346.0,347.0,356.0
infant7,4847,358.32,10.485052528748353,3.510915922127002,0.0,9.85806210636282,340.0,378.0,352.0,358.0,365.5
infant7,4848,359.6,3.917516914514882,2.4411439272335804,0.0,0.12020129209793999,350.0,366.0,356.5,361.0,362.0
infant7,4849,364.56,5.063514952428736,2.813959371941744,0.0,10.934827919254596,356.0,376.0,362.0,362.0,368.0
infant7,4850,365.12,6.076518874541003,2.7847983842311326,0.0,1.1652705692087741,352.0,376.0,362.0,366.0,370.0
infant7,4851,356.16,7.632797117488103,2.1759351731039738,0.0,43.76619958385091,346.0,372.0,350.0,354.0,362.0
infant7,4852,355.6,7.999999999999999,2.0995626366712954,0.0,5.796842763012855,346.0,372.0,350.0,352.0,362.0
infant7,4853,358.68,7.086751076221495,2.695423180587601,0.0,27.855127216406757,346.0,372.0,352.5,358.0,364.0
infant7,4854,361.4,7.398289929270886,2.799416848895061,0.0,8.886949237971807,346.0,374.0,356.0,362.0,368.0
infant7,4855,362.4,5.841442371503106,2.4907993963089563,0.0,14.950909012403283,352.0,374.0,358.0,360.0,368.0
infant7,4856,357.96,2.8711087241904387,2.1759351731039738,0.0,5.460644218521345,352.0,364.0,356.0,358.0,360.0
infant7,4857,358.4,4.7979587496419045,2.4411439272335804,0.0,20.85805652494285,348.0,366.0,354.0,358.0,362.0
infant7,4858,357.32,6.109343797221848,2.3386722205349857,0.0,114.3494000497327,348.0,366.0,352.0,357.0,362.0
infant7,4859,354.52,6.4118512720347685,2.1570955529345,0.0,43.42894930801971,342.0,364.0,350.0,355.0,360.0
infant7,4860,342.96,12.264034026870803,1.979486637221574,0.0,50.7522645178515,324.0,364.0,332.5,341.0,354.0
infant7,4861,325.68,7.859584036352674,1.5118578920369088,0.0,78.51665951541946,316.0,340.0,318.0,324.0,332.0
infant7,4862,316.36,3.2748889995210027,1.616244071283537,0.0,27.9379563581987,310.0,324.0,314.0,316.0,318.0
infant7,4863,316.8,3.428571428571428,1.8070158058105026,0.0,38.893275209528305,310.0,324.0,314.0,317.0,320.0
infant7,4864,320.72,1.9276717478209142,2.0603150145508513,0.0,1.0691164516464458,316.0,326.0,320.0,320.0,322.0
infant7,4865,321.72,2.2860714006740017,2.2677868380553634,0.0,0.9526390351787312,316.0,326.0,320.0,322.0,324.0
infant7,4866,327.68,9.110299172936537,2.4411439272335804,0.0,3.4279792811237573,316.0,348.0,322.0,324.0,333.0
infant7,4867,329.08,9.09998878671657,2.6186146828319083,0.0,9.074948501452592,314.0,348.0,324.0,327.0,336.0
infant7,4868,318.08,8.07070793243147,2.0603150145508513,0.0,45.36506952348651,308.0,336.0,312.0,315.0,325.5
infant7,4869,321.68,12.495615557597205,2.4411439272335804,0.0,12.65566983259142,308.0,344.0,312.0,314.0,334.0
infant7,4870,348.96,22.013873176815068,4.333071682315172,0.0,16.89262112335193,310.0,394.0,334.5,342.0,360.0
infant7,4871,353.92,22.296554140283924,5.917804336345137,0.0,18.74633230000029,324.0,402.0,336.0,354.0,369.5
infant7,4872,364.08,28.75926824875907,6.827316083056298,0.0,2.8499861552712114,324.0,426.0,336.0,374.0,384.0
infant7,4873,381.6,16.121983976761012,5.532833351724881,0.0,4.279457114264537,360.0,426.0,372.0,379.0,391.0
infant7,4874,370.12,15.755323039583562,3.487587318781058,0.0,11.164421929482094,350.0,402.0,360.0,366.0,378.0
infant7,4875,360.8,11.993195349608776,3.5685702847990846,0.0,3.92692262702819,346.0,394.0,350.5,357.0,368.0
infant7,4876,361.28,10.92280893827411,3.510915922127002,0.0,5.346956022922564,346.0,382.0,352.0,360.0,370.0
infant7,4877,361.96,11.538683828314038,2.842821248876057,0.0,31.648347679521592,340.0,380.0,352.0,363.0,372.0
infant7,4878,354.08,11.499494221353336,2.7847983842311326,0.0,30.933076954996753,338.0,376.0,344.0,353.0,359.5
infant7,4879,347.08,5.816373791429902,2.8855728395320224,0.0,11.647325851456213,338.0,358.0,342.0,346.0,350.0
infant7,4880,352.6,8.891637896911677,2.9554515522253144,0.0,8.101744349345354,340.0,370.0,346.0,351.0,360.0
infant7,4881,352.2,9.606545387688245,2.424366106925306,0.0,6.344453759269197,338.0,370.0,344.0,352.0,360.0
infant7,4882,346.0,5.0142653642240695,2.407471363764674,0.0,166.37465024001892,338.0,354.0,340.5,347.0,350.0
infant7,4883,348.36,3.4685761355581146,2.424366106925306,0.0,1.3710905898149621,338.0,354.0,346.5,350.0,350.0
infant7,4884,357.2,11.938618523300674,2.842821248876057,0.0,4.408598786404541,344.0,388.0,348.5,350.0,368.0
infant7,4885,386.68,25.76696191891105,5.405967979549858,0.0,4.810003801321073,344.0,440.0,368.0,389.0,404.0
infant7,4886,386.92,24.99701206634301,5.252793231671496,0.0,61.37435464697139,354.0,440.0,362.0,390.0,404.0
infant7,4887,365.36,7.378291379002959,2.8996833043120627,0.0,101.90406328578155,354.0,390.0,360.0,364.0,368.0
infant7,4888,365.96,2.267426843317314,2.2857142857142856,0.0,0.7317167760786452,360.0,370.0,364.0,366.0,368.0
infant7,4889,367.88,4.3030127082483665,2.2314999074019015,0.0,3.4462044725773446,360.0,378.0,366.0,367.0,370.0
infant7,4890,368.2,4.242640687119285,2.2314999074019015,0.0,3.3902089135272884,360.0,378.0,366.0,368.0,370.0
infant7,4891,368.04,2.8711087241904387,1.6659862556700857,0.0,2.5180457306014397,364.0,376.0,366.0,368.0,368.0
infant7,4892,372.04,5.213639881726253,1.8516401995451028,0.0,13.529820296836588,366.0,382.0,368.0,370.0,376.0
infant7,4893,369.68,7.377406214177148,2.2131333406899527,0.0,3.945509730256,356.0,382.0,363.0,370.0,376.0
infant7,4894,370.32,8.584371180897792,2.6186146828319083,0.0,40.44753234749477,356.0,386.0,362.0,370.0,377.5
infant7,4895,380.64,9.650547198189841,3.0904725218262765,0.0,3.7593876918889713,362.0,402.0,372.5,380.0,386.0
infant7,4896,386.24,7.820851250708857,2.9554515522253144,0.0,1.114053108286394,370.0,402.0,384.0,386.0,390.0
infant7,4897,381.92,7.493779733477463,2.740475156178697,0.0,7.7128486275379,366.0,394.0,376.5,384.0,388.0
infant7,4898,379.24,8.34843257926973,2.857142857142857,0.0,1.3256089583016049,366.0,396.0,372.5,378.0,384.0
infant7,4899,381.8,7.77489418525016,2.649605284427344,0.0,2.357025402879287,368.0,396.0,376.0,381.0,388.0
infant7,4900,379.88,8.42164364198896,3.4522988495984492,0.0,1.861337069875819,366.0,400.0,374.0,378.0,386.0
infant7,4901,385.52,11.623761729091573,4.040610178208843,0.0,2.8548096744569933,366.0,412.0,376.0,385.0,394.0
infant7,4902,379.44,15.015855565612867,3.116774889895918,0.0,76.09996226338981,358.0,412.0,366.0,380.0,392.0
infant7,4903,387.52,25.74144597368855,6.369570517030843,0.0,7.426942996587566,358.0,444.0,366.0,376.0,408.0
infant7,4904,396.76,19.36919498290299,6.975174637562116,0.0,0.9238911373672365,364.0,444.0,380.0,393.0,408.0
infant7,4905,383.44,8.590835173578402,3.319700011034929,0.0,5.7644024943959815,370.0,408.0,376.5,382.0,388.0
infant7,4906,389.28,17.837177410094448,4.5175395145262565,0.0,3.9200783452253347,368.0,428.0,376.0,384.0,400.5
infant7,4907,391.52,18.23457133679689,4.110712734268045,0.0,10.175331863175545,368.0,428.0,376.0,388.0,406.0
infant7,4908,388.44,13.409043552005931,2.799416848895061,0.0,16.40500587524402,368.0,410.0,376.0,388.0,401.5
infant7,4909,396.0,11.88379105319167,3.440455593940656,0.0,5.944481980545665,372.0,410.0,392.5,401.0,404.0
infant7,4910,389.36,13.397776239483376,3.510915922127002,0.0,11.266620245939604,368.0,408.0,378.0,394.0,402.0
infant7,4911,382.04,8.792297185373023,3.282607226593159,0.0,10.19233896415905,368.0,398.0,376.0,380.0,390.0
infant7,4912,389.48,22.25569406617882,4.323641700120445,0.0,19.187397008830327,358.0,434.0,374.5,387.0,396.0
infant7,4913,403.04,26.33920024199207,6.020373573058708,0.0,23.786223251245914,358.0,440.0,382.0,409.0,428.0
infant7,4914,403.72,15.701345321276108,5.022398808927699,0.0,0.8975356945513104,384.0,440.0,392.0,400.0,412.0
infant7,4915,383.2,11.897521607804007,2.6802375770419595,0.0,41.590146118522576,366.0,410.0,374.0,383.0,392.0
infant7,4916,375.24,5.991694932426492,2.9416086117105715,0.0,16.990867021015617,366.0,386.0,370.0,374.0,380.0
infant7,4917,377.96,5.7069953494257675,3.1943828249996997,0.0,5.494920666286544,368.0,392.0,374.0,378.0,382.0
infant7,4918,383.32,6.7806447228226645,2.634155559226539,0.0,10.5954025739012,370.0,396.0,378.0,384.0,389.5
infant7,4919,389.72,4.571607139369556,2.4743582965269675,0.0,5.864101979120393,382.0,400.0,386.0,390.0,392.0
infant7,4920,385.76,7.820851250708857,3.404678653660853,0.0,6.396078855475546,372.0,400.0,378.5,387.0,391.5
infant7,4921,383.4,6.3148674586572415,3.404678653660853,0.0,9.602343364618154,372.0,394.0,378.0,384.0,388.0
infant7,4922,387.04,8.487589980287066,3.475864303027554,0.0,12.111567539593317,372.0,406.0,382.0,386.0,392.0
infant7,4923,391.52,9.566608594481119,3.6477558099439156,0.0,58.2079009432575,372.0,406.0,386.5,392.0,398.0
infant7,4924,386.88,11.256997823576231,3.1687247161169765,0.0,8.770432507285623,362.0,406.0,380.5,389.0,394.0
infant7,4925,363.8,16.685567514031586,2.602981022612657,0.0,118.58471352607074,338.0,390.0,348.5,362.0,380.0
infant7,4926,339.28,11.889010531939629,2.0603150145508513,0.0,110.8140277208849,322.0,362.0,328.5,338.0,348.0
infant7,4927,324.68,5.694393949225817,1.979486637221574,0.0,93.29479981380864,318.0,338.0,320.0,323.0,328.0
infant7,4928,320.28,1.7147618386427037,1.958758457257441,0.0,4.909819735847556,318.0,324.0,320.0,320.0,322.0
infant7,4929,319.72,2.250079363679678,2.0995626366712954,0.0,7.327087931021894,316.0,324.0,318.0,320.0,321.5
infant7,4930,324.12,7.542099529051739,2.3386722205349857,0.0,8.705759019277387,316.0,340.0,320.0,322.0,325.5
infant7,4931,339.56,13.50609839581924,2.740475156178697,0.0,2.7986223013449085,320.0,364.0,326.5,338.0,349.5
infant7,4932,349.76,9.228527200247843,2.8713930346059686,0.0,24.971270148295122,334.0,366.0,342.0,347.0,358.0
infant7,4933,357.52,15.457961425381143,4.100771455544949,0.0,2.0960692591457293,340.0,398.0,346.0,352.0,365.5
infant7,4934,359.2,13.6665837064016,4.0708019567928595,0.0,5.720426643386732,346.0,398.0,350.0,354.0,363.5
infant7,4935,358.36,6.948087389155877,2.5394841192330255,0.0,10.436244998903256,348.0,370.0,352.5,360.0,364.0
infant7,4936,361.0,4.8529393575608655,2.5872528966106905,0.0,1.5774613458443387,350.0,370.0,358.0,362.0,364.0
infant7,4937,359.4,5.484672520129276,2.8713930346059686,0.0,16.33382232501917,350.0,372.0,354.0,360.0,364.0
infant7,4938,357.64,7.599033236040555,3.0639443699324596,0.0,36.4172787504286,344.0,372.0,352.0,358.0,364.0
infant7,4939,354.64,5.720567975226207,2.5872528966106905,0.0,3.263420251188918,344.0,368.0,350.5,354.0,356.0
infant7,4940,361.52,14.526878676495947,4.746642207381757,0.0,2.085842233165669,348.0,408.0,352.5,356.0,364.5
infant7,4941,353.04,20.59617559110409,4.780914437337574,0.0,15.626429723751754,324.0,408.0,336.5,348.0,364.5
infant7,4942,333.04,6.8361583674231685,2.4907993963089563,0.0,13.02805406407987,324.0,350.0,328.0,332.0,336.0
infant7,4943,326.28,3.023985746646034,1.9166296949998198,0.0,94.99763964965497,322.0,332.0,324.0,326.0,328.0
infant7,4944,328.0,4.981598792617913,2.4411439272335804,0.0,12.60540111945164,322.0,340.0,324.0,326.0,331.5
infant7,4945,327.32,5.504877243807327,2.5555062599997598,0.0,22.116339173353154,320.0,340.0,322.0,326.0,331.5
infant7,4946,321.2,2.710523708715754,1.8294640678379568,0.0,7.526348400177986,314.0,326.0,320.0,322.0,322.0
infant7,4947,315.68,4.854789345773587,1.8294640678379568,0.0,48.19780730989728,306.0,324.0,312.0,315.0,320.0
infant7,4948,308.96,3.3864074034352125,1.6659862556700857,0.0,21.72649082085467,304.0,316.0,306.0,308.0,312.0
infant7,4949,307.36,1.7351115943644546,1.5649215928719031,0.0,18.315909396431838,304.0,310.0,306.0,307.0,308.0
infant7,4950,308.04,1.590276577151514,1.8952141659173714,0.0,1.782525511875881,304.0,310.0,306.5,308.0,310.0
infant7,4951,306.12,2.1912627987216013,1.6659862556700857,0.0,12.499625468812422,302.0,310.0,304.0,306.0,308.0
infant7,4952,306.52,2.349468024894146,1.3702375780893485,0.0,7.482461068832199,302.0,310.0,304.0,308.0,308.0
infant7,4953,309.8,1.8626292586293283,1.3997084244475304,0.0,19.427664835419197,306.0,314.0,308.0,310.0,312.0
infant7,4954,309.92,1.8934904600892444,1.5649215928719031,0.0,19.482381341661533,306.0,314.0,308.0,310.0,312.0
infant7,4955,305.72,3.452535300326414,1.8735538640862859,0.0,9.557663458367365,298.0,312.0,304.0,306.0,308.0
infant7,4956,302.2,2.294625486315573,1.7842851423995423,0.0,22.15575208483654,298.0,306.0,300.0,302.0,304.0
infant7,4957,303.8,2.8926366759023696,1.6413036132965795,0.0,8.595246290013366,298.0,308.0,300.0,304.0,306.0
infant7,4958,307.4,2.3647064796066926,1.6903085094570331,0.0,9.56750379320749,304.0,314.0,306.0,306.0,309.5
infant7,4959,308.24,2.2366155189463917,1.9378085666072196,0.0,13.934784862573741,304.0,314.0,306.0,308.0,310.0
infant7,4960,305.68,2.56698027945328,1.8735538640862859,0.0,26.411996100527627,302.0,312.0,304.0,306.0,307.5
infant7,4961,305.28,2.2409910344145803,1.7842851423995423,0.0,10.332944858683195,302.0,310.0,304.0,304.0,308.0
infant7,4962,313.36,32.98840860121653,37.294197174053004,6.122448979591836,0.3586214085445728,304.0,520.0,306.0,308.0,308.0
infant7,4963,317.64,32.452640532798256,37.341228514053675,6.122448979591836,1.5667526076106235,304.0,520.0,308.0,311.0,316.0
infant7,4964,310.64,5.6632002202547875,2.695423180587601,0.0,62.47925310139519,302.0,320.0,304.0,310.0,316.0
infant7,4965,303.72,3.1301039951426795,1.958758457257441,0.0,5.564719416194279,300.0,312.0,302.0,303.0,304.0
infant7,4966,300.96,1.4702491806021265,1.6659862556700857,0.0,2.196837564066336,298.0,306.0,300.0,300.0,302.0
infant7,4967,302.6,2.5951288749407073,1.3997084244475304,0.0,33.31915728617066,298.0,306.0,300.0,302.0,305.5
infant7,4968,305.8,1.52529689314733,1.5118578920369088,0.0,1.9059463709293267,302.0,308.0,304.5,306.0,306.0
infant7,4969,306.24,1.697056274847714,2.138089935299395,0.0,4.149619667133617,302.0,308.0,306.0,306.0,308.0
infant7,4970,303.92,2.5220658846530184,2.3733211036908783,0.0,13.790355822096211,300.0,308.0,302.0,304.0,306.0
infant7,4971,301.08,1.6268160966270582,1.9378085666072196,0.0,3.3537002416521617,296.0,304.0,300.0,300.0,302.0
infant7,4972,306.08,12.758094669339805,3.2071349029490928,0.0,53.11804820062931,296.0,346.0,300.0,301.0,304.0
infant7,4973,315.44,13.06836029562724,3.6811710647786073,0.0,3.531715671018914,300.0,346.0,304.5,312.0,321.5
infant7,4974,311.52,9.489500105110805,2.4411439272335804,0.0,36.99842737475443,300.0,338.0,304.0,309.0,315.5
infant7,4975,304.16,1.7997732283455565,2.1759351731039738,0.0,3.6005357267316334,300.0,308.0,304.0,304.0,304.0
infant7,4976,303.8,2.070196678027062,3.232488142567074,0.0,1.0923787384291868,296.0,310.0,302.5,304.0,304.0
infant7,4977,303.04,2.0698023172885525,3.0237157840738176,0.0,2.6689282552653446,296.0,310.0,302.0,304.0,304.0
infant7,4978,302.8,1.6659862556700857,1.9166296949998198,0.0,2.5525605885300098,300.0,306.0,302.0,302.0,304.0
infant7,4979,304.76,2.825250575847482,2.1570955529345,0.0,5.118754475803669,300.0,314.0,302.0,304.0,306.0
infant7,4980,310.8,4.848732213850612,1.9166296949998198,0.0,11.624171415757615,302.0,318.0,306.0,312.0,316.0
infant7,4981,314.12,1.6859563990779352,1.616244071283537,0.0,15.388094510444786,312.0,318.0,312.0,314.0,316.0
infant7,4982,312.92,1.3528503544859103,1.6413036132965795,0.0,1.7003779114487432,310.0,316.0,312.0,312.0,314.0
infant7,4983,311.12,2.560612171703781,1.6903085094570331,0.0,14.496410462648319,306.0,316.0,310.0,312.0,313.5
infant7,4984,312.36,3.6070226288308698,2.0,0.0,17.59926502604132,306.0,318.0,310.0,312.0,316.0
infant7,4985,318.64,6.730254566553352,2.424366106925306,0.0,8.986074981895404,312.0,336.0,314.0,316.0,323.5
infant7,4986,318.4,6.869037302955031,2.6802375770419595,0.0,10.681626056415793,312.0,336.0,314.0,316.0,323.5
infant7,4987,313.12,2.685106314164739,2.649605284427344,0.0,1.281885134825343,304.0,320.0,312.0,314.0,314.0
infant7,4988,309.2,6.2857142857142865,10.198039027185569,0.0,3.8741666143312465,290.0,324.0,308.0,310.0,312.0
infant7,4989,306.12,8.07525825706939,14.153675516000956,0.0,1.685348617972986,286.0,324.0,302.0,306.0,312.0
infant7,4990,305.36,12.258707858797635,21.2410845643387,6.122448979591836,0.548243401465469,260.0,332.0,302.0,304.0,312.0
infant7,4991,310.52,46.60701532549601,68.13072668310053,18.367346938775512,1.1879015287725774,228.0,598.0,302.0,304.0,310.0
infant7,4992,308.8,45.830210159514934,66.0049472481002,12.244897959183673,0.28644256029470505,228.0,598.0,302.0,304.0,305.5
infant7,4993,311.68,58.80352620275038,75.00367337942964,8.16326530612245,0.46049232705622467,272.0,598.0,296.0,300.0,304.0
infant7,4994,313.68,71.50779606419977,104.37921444503817,14.285714285714285,0.156945540229761,270.0,598.0,294.0,296.0,298.0
infant7,4995,307.2,42.778976335654995,59.8487890522474,4.081632653061225,0.24331942738729967,270.0,588.0,294.0,296.0,303.5
infant7,4996,309.56,12.792153207082434,7.63985254692625,0.0,13.89742722070156,294.0,348.0,300.5,306.0,317.0
infant7,4997,307.68,7.817928114276825,7.267484195415374,0.0,13.6538108073686,300.0,348.0,304.0,306.0,308.0
infant7,4998,305.72,3.659151234248462,2.249716535431946,0.0,8.083373170248588,300.0,312.0,302.5,306.0,308.0
infant7,4999,305.24,3.7447105552842324,1.8516401995451028,0.0,13.922773659059919,300.0,312.0,302.0,305.0,308.0
infant7,5000,303.28,1.8410289935528013,1.8070158058105026,0.0,20.110372522785813,300.0,308.0,302.0,302.0,304.0
infant7,5001,304.64,4.452745083149293,2.1570955529345,0.0,4.1859098185362615,300.0,320.0,302.0,304.0,304.0
infant7,5002,317.08,11.91267546501179,2.523360247522242,0.0,25.814831870481846,302.0,338.0,304.0,320.0,326.0
infant7,5003,323.0,6.236822843698021,2.1759351731039738,0.0,44.936177361213204,314.0,338.0,318.0,322.0,326.0
infant7,5004,318.6,3.5283111529224196,2.3386722205349857,0.0,37.56953025252661,314.0,326.0,316.0,318.0,322.0
infant7,5005,320.08,11.050607149263199,3.907084094622098,0.0,11.531928102032213,310.0,356.0,314.0,316.0,322.0
infant7,5006,329.76,13.918949057207692,4.3799170619302545,0.0,2.552030990018015,310.0,356.0,314.0,334.0,339.5
infant7,5007,335.08,6.196905086659084,3.475864303027554,0.0,1.3485802532033018,324.0,348.0,332.0,335.0,339.5
infant7,5008,328.08,6.5147869481351295,2.390457218668787,0.0,2.821404295111813,320.0,348.0,324.0,326.0,332.0
infant7,5009,323.72,2.8287157250351664,1.6659862556700857,0.0,9.786317270092352,320.0,332.0,322.0,324.0,324.0
infant7,5010,325.04,3.6642787524300338,1.8294640678379568,0.0,3.0705178308240915,320.0,332.0,322.0,324.0,327.5
infant7,5011,327.68,4.718353223621261,2.0995626366712954,0.0,34.658015011668965,320.0,336.0,324.0,328.0,332.0
infant7,5012,335.64,9.533528374390361,2.138089935299395,0.0,13.389371759324677,320.0,354.0,330.0,333.0,342.0
infant7,5013,337.68,7.595487382086061,1.979486637221574,0.0,8.803177652192767,328.0,354.0,332.0,336.0,342.0
infant7,5014,329.8,4.184519575964802,1.979486637221574,0.0,29.367412683398666,324.0,338.0,326.0,329.0,334.0
infant7,5015,337.72,13.130491076816865,2.8855728395320224,0.0,17.919258692176548,324.0,364.0,326.0,334.0,348.0
infant7,5016,337.24,13.647994545061952,2.7255405754769875,0.0,55.21676889328898,318.0,364.0,326.5,333.0,348.0
infant7,5017,322.16,4.9625536546731865,1.8516401995451028,0.0,31.676162306317874,316.0,332.0,318.0,320.0,326.0
infant7,5018,319.0,2.030381486221699,1.8070158058105026,0.0,6.0385653936555785,316.0,324.0,318.0,318.0,320.0
infant7,5019,316.88,3.456080120008558,2.0603150145508513,0.0,32.649781449548115,312.0,324.0,314.0,316.0,320.0
infant7,5020,318.4,8.637837975903413,2.634155559226539,0.0,15.001467358567096,312.0,340.0,312.5,314.0,319.0
infant7,5021,324.16,7.686086023936171,2.6649654437396615,0.0,8.16982089920415,312.0,340.0,320.5,324.0,328.0
infant7,5022,321.2,5.405967979549858,2.1759351731039738,0.0,16.086140769484334,312.0,332.0,316.0,322.0,326.0
infant7,5023,320.64,7.333902266118604,2.2857142857142856,0.0,35.31589135705761,312.0,336.0,314.0,318.0,327.5
infant7,5024,325.92,7.032983516464199,2.634155559226539,0.0,3.743654284291858,312.0,336.0,320.0,328.0,332.0
infant7,5025,328.72,6.599443390258339,2.407471363764674,0.0,144.7698313749284,318.0,344.0,322.5,329.0,334.0
infant7,5026,336.88,11.059468194026957,2.5071326821120348,0.0,6.261289226294436,318.0,362.0,330.5,334.0,342.0
infant7,5027,334.32,11.927399429165485,2.523360247522242,0.0,20.698831311888434,320.0,362.0,324.0,332.0,341.5
infant7,5028,325.08,2.431426892730661,2.0203050891044216,0.0,3.979380180783153,320.0,332.0,324.0,325.0,326.0
infant7,5029,324.88,1.6243051889773594,2.080031396937291,0.0,1.0282490041950973,322.0,328.0,324.0,326.0,326.0
infant7,5030,322.92,2.397617865417971,2.407471363764674,0.0,10.536886817561854,318.0,326.0,322.0,324.0,324.0
infant7,5031,323.44,3.332952359181185,2.4907993963089563,0.0,2.225342782242083,318.0,330.0,320.0,324.0,325.5
infant7,5032,324.32,3.266652783532903,2.4907993963089563,0.0,13.171405084439542,316.0,330.0,322.0,324.0,326.0
infant7,5033,324.04,6.343757979787883,2.740475156178697,0.0,54.83515296939062,314.0,344.0,320.0,323.0,326.0
infant7,5034,331.16,8.981522983438877,2.356060357495806,0.0,31.220765667810575,314.0,344.0,322.5,334.0,338.0
infant7,5035,348.08,15.145336724213031,3.319700011034929,0.0,8.033783824812973,332.0,384.0,338.0,342.0,361.5
infant7,5036,357.24,10.735331710700676,3.534090536243709,0.0,2.6240815969529065,340.0,384.0,350.5,356.0,362.0
infant7,5037,343.44,13.309747847164575,2.356060357495806,0.0,129.94435265691465,324.0,362.0,330.0,345.0,356.0
infant7,5038,330.16,4.568570535155814,2.1946130708196026,0.0,14.250861313585789,324.0,344.0,328.0,330.0,332.0
infant7,5039,324.08,5.670690848025269,2.0995626366712954,0.0,66.92989449213714,316.0,332.0,318.0,324.0,330.0
infant7,5040,322.0,8.060991988380506,2.407471363764674,0.0,14.960721621726757,316.0,344.0,318.0,318.0,322.0
infant7,5041,328.36,8.803431612914665,3.356382892705923,0.0,19.427347110957754,316.0,344.0,318.0,328.0,335.5
infant7,5042,329.64,4.438973957562532,3.116774889895918,0.0,2.3231908692393346,324.0,340.0,328.0,328.0,330.0
infant7,5043,327.56,2.149133665039027,2.138089935299395,0.0,67.81241066829453,324.0,332.0,326.0,328.0,330.0
infant7,5044,326.2,2.9485382057928993,2.0,0.0,8.143627150960251,320.0,332.0,324.0,326.0,328.0
infant7,5045,330.2,6.184245949118103,1.979486637221574,0.0,15.018031340257476,320.0,340.0,326.0,330.0,336.0
infant7,5046,333.8,3.2888184094918103,2.138089935299395,0.0,57.042788220594296,328.0,340.0,332.0,334.0,336.0
infant7,5047,328.44,4.903809431327396,2.1570955529345,0.0,11.80915901426547,318.0,338.0,324.0,330.0,332.0
infant7,5048,323.92,3.3796509903134275,1.8516401995451028,0.0,1.7354164743573195,318.0,334.0,322.0,324.0,326.0
infant7,5049,324.8,4.314191105868999,1.8735538640862859,0.0,65.72652291642987,318.0,336.0,322.0,324.0,326.0
infant7,5050,330.24,5.370212628329478,1.5907898179514348,0.0,20.92217911085513,320.0,338.0,326.5,332.0,334.0
infant7,5051,334.32,2.62981337120088,1.4285714285714286,0.0,5.52321457312153,330.0,340.0,332.0,334.0,336.0
infant7,5052,334.24,2.5439804902345218,1.5907898179514348,0.0,34.45123380644931,330.0,340.0,332.0,334.0,336.0
infant7,5053,335.8,3.0033994345183763,1.4846149779161804,0.0,6.976912249300887,330.0,342.0,334.0,336.0,338.0
infant7,5054,337.32,3.2728942443491627,1.6903085094570331,0.0,17.20932073203328,332.0,344.0,336.0,338.0,340.0
infant7,5055,337.52,3.737509811604076,1.979486637221574,0.0,6.161440381010551,332.0,344.0,334.0,338.0,340.0
infant7,5056,336.16,3.7217507400991505,1.9378085666072196,0.0,1.626201687529575,330.0,344.0,334.0,336.0,338.0
infant7,5057,336.44,4.802890286279796,1.8294640678379568,0.0,1.698651085049556,330.0,348.0,334.0,336.0,338.0
infant7,5058,340.0,4.426266681379905,2.0603150145508513,0.0,12.696279317603466,332.0,348.0,338.0,340.0,343.5
infant7,5059,341.88,3.5779369269260775,2.0,0.0,5.2558183241483105,336.0,348.0,338.5,342.0,344.0
infant7,5060,342.6,4.145319465299117,1.5649215928719031,0.0,8.760955099603354,336.0,350.0,338.5,342.0,346.0
infant7,5061,347.16,6.738133938976861,1.6903085094570331,0.0,11.973325507770117,336.0,360.0,342.0,346.0,350.0
infant7,5062,351.08,4.203205773634001,1.958758457257441,0.0,14.174504649378441,344.0,360.0,348.0,351.0,353.5
infant7,5063,348.52,3.30268907135395,1.737932151513777,0.0,11.679513801611812,342.0,356.0,346.0,348.0,352.0
infant7,5064,355.04,10.006038992854796,2.0203050891044216,0.0,7.21079533479265,342.0,370.0,346.0,350.0,366.0
infant7,5065,357.64,9.343250319380951,2.249716535431946,0.0,67.76976145590199,344.0,370.0,346.5,360.0,366.0
infant7,5066,355.52,7.368548717629655,2.0203050891044216,0.0,48.49879660597662,344.0,366.0,348.0,358.0,362.0
infant7,5067,358.6,3.8597874531732272,1.9378085666072196,0.0,1.17457869622382,348.0,366.0,356.0,358.0,362.0
infant7,5068,359.32,3.1971926461079145,1.979486637221574,0.0,3.442718240678291,354.0,368.0,356.0,360.0,362.0
infant7,5069,365.28,7.631941470703565,2.2131333406899527,0.0,3.1452818123927453,356.0,382.0,360.0,362.0,371.5
infant7,5070,369.48,5.668531105847368,1.9378085666072196,0.0,7.968666213046137,360.0,382.0,366.5,369.0,372.0
infant7,5071,366.44,5.983514768059977,2.1570955529345,0.0,4.773141365790546,348.0,374.0,366.5,368.0,370.0
infant7,5072,354.84,10.537319490307596,2.4411439272335804,0.0,58.950888890995415,344.0,372.0,346.0,348.0,368.0
infant7,5073,345.28,2.4162713727846827,1.9166296949998198,0.0,0.39113429375031394,340.0,354.0,344.0,344.0,346.0
infant7,5074,347.44,4.4819820688291605,1.9378085666072196,0.0,4.787162096378379,340.0,358.0,344.0,346.0,352.0
infant7,5075,350.04,3.1941272641508567,2.0,0.0,1.827284549013864,344.0,358.0,348.0,350.0,352.0
infant7,5076,352.4,5.656854249492381,2.457807219155036,0.0,4.919529245411199,342.0,366.0,348.0,352.0,355.5
infant7,5077,344.44,12.076558504231347,2.424366106925306,0.0,153.0716909575136,326.0,366.0,334.5,342.0,355.5
infant7,5078,332.24,4.053519508792731,1.8952141659173714,0.0,70.52848784803496,326.0,342.0,328.5,332.0,335.5
infant7,5079,337.4,7.342912729083655,2.040408122440814,0.0,13.13829736494578,328.0,348.0,330.0,337.0,344.0
infant7,5080,342.88,3.8999738356003553,2.0995626366712954,0.0,3.877759645642806,334.0,348.0,340.5,344.0,346.0
infant7,5081,345.0,6.848208465261076,2.4907993963089563,0.0,3.916959967638441,334.0,362.0,340.0,344.0,348.0
infant7,5082,353.32,10.25877424352402,2.8996833043120627,0.0,32.81613159396697,340.0,372.0,344.0,353.0,360.0
infant7,5083,360.32,10.531662659207564,3.1036515689143473,0.0,8.350113098565672,340.0,380.0,354.0,360.0,369.5
infant7,5084,364.4,8.241260058203403,2.8284271247461903,0.0,10.411939088880581,352.0,380.0,358.0,364.0,369.5
infant7,5085,363.68,6.159247237334465,2.1189138534559038,0.0,4.092755198068792,354.0,380.0,360.0,363.0,368.0
infant7,5086,362.44,5.099659852602417,1.7842851423995423,0.0,14.405886109919223,354.0,372.0,358.0,363.0,367.5
infant7,5087,359.24,6.526429783142214,1.5907898179514348,0.0,1.4450440334325287,348.0,372.0,356.0,360.0,364.0
infant7,5088,361.6,8.446711713768275,2.356060357495806,0.0,3.1811182473392803,348.0,378.0,356.0,361.0,368.0
infant7,5089,366.16,5.922492580607166,2.6186146828319083,0.0,7.108069257619627,354.0,378.0,362.0,366.0,370.0
infant7,5090,368.92,7.386805666807789,2.249716535431946,0.0,16.77465551258668,356.0,380.0,362.0,370.0,376.0
infant7,5091,369.88,6.4701512457482115,2.2677868380553634,0.0,9.972006196691543,358.0,380.0,364.5,371.0,375.5
infant7,5092,355.92,11.349440335028302,2.0995626366712954,0.0,130.3648861443522,338.0,374.0,344.5,358.0,365.5
infant7,5093,344.72,5.058998852318026,1.8516401995451028,0.0,17.437991381091308,338.0,358.0,342.0,344.0,347.5
infant7,5094,341.6,3.499271061118826,1.8516401995451028,0.0,14.099854239594269,338.0,350.0,338.5,340.0,344.0
infant7,5095,347.92,10.961602742933058,2.0,0.0,23.38651605810577,338.0,368.0,340.0,342.0,358.5
infant7,5096,357.92,8.141202839474607,1.979486637221574,0.0,101.6753866565947,342.0,368.0,354.0,360.0,364.0
infant7,5097,366.0,7.351245903010633,2.0203050891044216,0.0,129.7876264286843,354.0,378.0,360.0,367.0,372.0
infant7,5098,367.92,5.094374648690896,2.0203050891044216,0.0,16.973958000496555,360.0,378.0,364.0,368.0,372.0
infant7,5099,359.2,5.756983337031396,1.979486637221574,0.0,60.746129171019305,348.0,368.0,354.0,361.0,364.0
infant7,5100,358.24,5.370212628329478,2.0,0.0,25.181226655632813,348.0,366.0,354.0,358.0,362.0
infant7,5101,356.12,6.705587070434897,1.6413036132965795,0.0,14.915492449906518,346.0,366.0,350.5,356.0,362.0
infant7,5102,356.44,6.884350783791142,1.5907898179514348,0.0,48.11461212035926,346.0,366.0,350.5,356.0,364.0
infant7,5103,364.72,4.015480249316769,1.9378085666072196,0.0,12.439489967625702,354.0,372.0,362.0,364.0,368.0
infant7,5104,368.36,4.724059133190179,2.138089935299395,0.0,10.712797539206221,358.0,376.0,366.0,368.0,372.0
infant7,5105,369.76,4.269301907280651,2.0,0.0,3.8760401527392343,360.0,376.0,366.5,370.0,372.0
infant7,5106,364.8,6.928203230275509,2.6186146828319083,0.0,111.05806600305166,350.0,374.0,360.0,366.0,370.0
infant7,5107,358.84,4.9004789436902,2.4907993963089563,0.0,5.461809362394618,350.0,370.0,356.0,357.0,362.0
infant7,5108,360.04,4.737863119463827,1.8735538640862859,0.0,8.084828833803474,354.0,372.0,356.0,358.0,363.5
infant7,5109,360.04,5.806259816889396,1.979486637221574,0.0,48.46814978699069,350.0,372.0,356.0,360.0,364.0
infant7,5110,354.76,6.551398043664468,1.7612611437054218,0.0,56.77771255041501,344.0,366.0,350.0,354.0,361.5
infant7,5111,353.8,7.637180802642091,1.8735538640862859,0.0,68.56388824415734,344.0,368.0,346.0,352.0,360.0
infant7,5112,356.64,7.564039521152108,1.8735538640862859,0.0,104.08849362331863,346.0,368.0,350.0,356.0,364.0
infant7,5113,358.96,10.046747874667844,2.138089935299395,0.0,21.320241852086685,344.0,378.0,350.0,358.0,365.5
infant7,5114,360.64,10.07271521669975,2.2131333406899527,0.0,33.18647780743539,344.0,378.0,354.0,360.0,369.5
infant7,5115,361.76,5.324414310992529,1.737932151513777,0.0,34.54260935351763,352.0,372.0,358.0,364.0,365.5
infant7,5116,363.68,2.8957393049874116,1.538618516324144,0.0,10.52742912839906,356.0,368.0,362.0,364.0,366.0
infant7,5117,365.08,3.1353156271151796,1.5649215928719031,0.0,7.39023509525763,358.0,370.0,364.0,366.0,368.0
infant7,5118,367.72,3.5227540246754883,2.1189138534559038,0.0,1.2612983637211284,358.0,376.0,366.0,368.0,370.0
infant7,5119,372.76,3.722847275504959,2.2314999074019015,0.0,7.171281494735881,364.0,378.0,370.0,372.0,376.0
infant7,5120,374.0,3.1036515689143473,2.0,0.0,5.0090780965945,366.0,378.0,372.0,375.0,376.0
infant7,5121,371.4,3.7525501533039134,2.1570955529345,0.0,5.4604129542166,362.0,376.0,370.0,372.0,374.0
infant7,5122,370.96,3.162019504515868,2.2677868380553634,0.0,5.251973544384926,362.0,376.0,370.0,372.0,372.0
infant7,5123,371.0,1.7261494247992246,1.8952141659173714,0.0,6.1449760278274,368.0,374.0,370.0,371.0,372.0
infant7,5124,365.48,6.437263964367064,1.8070158058105026,0.0,143.13449568669475,354.0,374.0,358.0,368.0,370.0
infant7,5125,369.04,9.606460411236442,2.457807219155036,0.0,19.1908239687116,354.0,382.0,358.0,371.0,378.0
infant7,5126,374.72,5.123136794215522,2.602981022612657,0.0,13.746283688182995,364.0,382.0,372.0,376.0,378.0
infant7,5127,372.8,6.311634866964149,2.5555062599997598,0.0,11.24842878531649,364.0,384.0,368.0,372.0,378.0
infant7,5128,373.76,7.358349415626373,2.4411439272335804,0.0,3.869850307870895,364.0,386.0,366.5,373.0,380.0
infant7,5129,375.6,6.074369035848371,2.1570955529345,0.0,5.823664273374029,364.0,386.0,372.0,378.0,380.0
infant7,5130,374.32,4.414447523617821,1.6903085094570331,0.0,17.561001409976388,368.0,380.0,370.0,376.0,378.0
infant7,5131,370.56,4.160847637348007,1.5907898179514348,0.0,20.977431929113386,362.0,378.0,368.0,370.0,374.0
infant7,5132,375.12,17.79777560052184,3.282607226593159,0.0,21.006213939375197,354.0,432.0,362.5,371.0,376.0
infant7,5133,387.96,27.97809638897937,6.3759753155489705,0.0,4.075855951338852,354.0,464.0,368.0,382.0,403.0
infant7,5134,380.96,26.255386230685108,5.306907320287631,0.0,12.254740521870119,356.0,464.0,366.0,373.0,384.0
infant7,5135,377.04,14.149291465638546,3.232488142567074,0.0,17.018470002076974,356.0,406.0,366.0,374.0,389.5
infant7,5136,378.4,12.308948130593151,3.1298431857438063,0.0,13.337983093713113,364.0,406.0,368.0,373.0,389.5
infant7,5137,371.68,5.304753355554365,2.080031396937291,0.0,25.500048032097617,364.0,382.0,368.0,370.0,376.0
infant7,5138,370.4,6.285714285714286,2.2857142857142856,0.0,60.6156659230471,362.0,382.0,366.0,368.0,376.0
infant7,5139,364.88,4.298267330078054,2.710523708715754,0.0,1.3022059661477603,356.0,376.0,362.5,364.0,368.0
infant7,5140,392.28,73.57352008122798,27.66564214150904,6.122448979591836,22.097329191790724,356.0,708.0,364.0,370.0,377.5
infant7,5141,423.6,81.79316871829573,33.04048228140375,10.204081632653061,10.629195822740959,370.0,708.0,374.0,391.0,426.5
infant7,5142,391.96,57.780005015505466,13.714285714285715,2.0408163265306123,183.829180860132,346.0,624.0,358.5,369.0,400.5
infant7,5143,352.0,7.61309291112813,2.0603150145508513,0.0,51.314368454299256,344.0,368.0,346.0,349.0,357.5
infant7,5144,343.96,3.0636779284023303,1.8735538640862859,0.0,6.585972051403218,338.0,350.0,342.0,344.0,346.0
infant7,5145,341.28,2.010584238372478,1.7142857142857144,0.0,1.8485006974705642,338.0,346.0,340.0,340.0,342.0
infant7,5146,346.36,6.708994875903392,1.8735538640862859,0.0,50.29827170866778,338.0,360.0,340.0,344.0,351.5
infant7,5147,345.16,8.56275751884465,1.979486637221574,0.0,45.99374761033004,330.0,360.0,338.0,346.0,351.5
infant7,5148,349.32,12.484177741347287,2.5872528966106905,0.0,10.692054664331685,330.0,368.0,338.0,347.0,360.0
infant7,5149,358.4,5.237229365663817,2.5714285714285716,0.0,1.5254569937032858,340.0,368.0,354.5,358.0,361.5
infant7,5150,356.8,3.2071349029490928,2.1189138534559038,0.0,2.939517422730518,350.0,364.0,354.0,357.0,360.0
infant7,5151,362.64,6.838546211419082,2.1946130708196026,0.0,12.369923861017941,350.0,374.0,358.0,361.0,368.0
infant7,5152,365.2,5.142857142857143,2.1570955529345,0.0,46.310953368234735,356.0,374.0,360.0,366.0,369.5
infant7,5153,363.24,3.473279929603682,2.138089935299395,0.0,3.1890585409112986,356.0,370.0,360.0,364.0,366.0
infant7,5154,362.08,3.5676551494372495,1.7842851423995423,0.0,3.101747203730405,354.0,368.0,360.0,363.0,364.0
infant7,5155,365.16,10.045529008530336,2.8713930346059686,0.0,21.74949216169644,352.0,390.0,358.5,362.0,371.5
infant7,5156,368.24,8.662751601317126,3.1815796359028696,0.0,9.999981946220268,352.0,390.0,364.0,367.0,371.5
infant7,5157,363.04,4.449076950816395,2.2314999074019015,0.0,9.590174568066791,352.0,370.0,362.0,364.0,366.0
infant7,5158,360.24,4.492896888309323,1.979486637221574,0.0,57.550275977197046,352.0,368.0,356.0,362.0,364.0
infant7,5159,359.48,3.8716130688773696,1.9166296949998198,0.0,1.9536963114652142,352.0,368.0,356.5,359.0,362.0
infant7,5160,363.0,7.475128829686359,2.080031396937291,0.0,20.91488204423126,354.0,380.0,358.0,360.0,368.0
infant7,5161,364.76,9.336258045154615,2.695423180587601,0.0,83.55981971684665,350.0,380.0,356.0,365.0,372.0
infant7,5162,367.68,9.708906073438817,3.0237157840738176,0.0,15.282662677252578,350.0,384.0,360.0,370.0,376.0
infant7,5163,368.0,6.880911187881312,2.5872528966106905,0.0,57.42284158786652,360.0,384.0,362.0,366.0,373.5
infant7,5164,364.72,6.071142850419852,2.040408122440814,0.0,4.661646530753921,360.0,382.0,362.0,362.0,366.0
infant7,5165,371.08,9.189257259408501,2.3386722205349857,0.0,28.009500495639045,358.0,386.0,362.0,370.0,380.0
infant7,5166,371.2,13.767752917893437,3.636549160387959,0.0,39.700374493111426,350.0,392.0,356.5,374.0,382.0
infant7,5167,362.28,14.602264291848014,3.534090536243709,0.0,13.44744755503733,346.0,392.0,350.5,356.0,373.5
infant7,5168,350.36,10.580613770245185,2.1946130708196026,0.0,46.623128921273945,338.0,380.0,344.0,346.0,355.5
infant7,5169,352.52,11.667572365233447,2.7847983842311326,0.0,9.589263854475064,338.0,376.0,344.0,348.0,362.0
infant7,5170,351.72,12.707124789194575,2.75532878885513,0.0,44.5450379943927,334.0,376.0,342.0,348.0,362.0
infant7,5171,342.36,7.512601658112147,2.457807219155036,0.0,74.87515480427811,332.0,360.0,336.0,342.0,346.0
infant7,5172,351.12,10.405336150656705,2.8284271247461903,0.0,20.130648783606745,332.0,362.0,342.0,356.0,360.0
infant7,5173,364.0,9.680613912055666,3.116774889895918,0.0,5.191670398642818,352.0,386.0,358.0,360.0,367.5
infant7,5174,372.4,9.493284414763513,3.0639443699324596,0.0,27.19030933246156,352.0,386.0,366.5,374.0,380.0
infant7,5175,373.72,4.882455053243069,2.3386722205349857,0.0,12.768189612739365,364.0,384.0,370.0,374.0,378.0
infant7,5176,369.76,5.415623656776451,2.799416848895061,0.0,37.19683471374757,362.0,380.0,364.5,370.0,374.0
infant7,5177,366.32,5.705135531130827,2.8713930346059686,0.0,21.23727658144627,358.0,380.0,362.0,364.0,371.5
infant7,5178,368.72,5.624436479709386,2.2314999074019015,0.0,6.042367291123072,358.0,378.0,364.0,370.0,372.0
infant7,5179,373.0,2.147613768338987,2.390457218668787,0.0,0.45396497586286977,368.0,378.0,372.0,372.0,374.0
infant7,5180,370.68,3.222624105049948,2.356060357495806,0.0,2.1358665956176623,364.0,376.0,368.0,372.0,373.5
infant7,5181,363.04,5.587741685408975,2.2131333406899527,0.0,112.68673221409679,354.0,372.0,358.0,363.0,368.0
infant7,5182,356.96,4.16476963618025,2.2131333406899527,0.0,10.394768660107387,350.0,370.0,354.0,356.0,360.0
infant7,5183,363.44,9.764910106486138,2.649605284427344,0.0,9.451522673923524,350.0,388.0,356.0,364.0,370.0
infant7,5184,375.72,8.60953434470489,3.3926691677251193,0.0,13.167420623556437,362.0,394.0,370.0,374.0,382.0
infant7,5185,377.04,6.3918315218786566,3.0237157840738176,0.0,0.9300608764668981,370.0,394.0,372.0,376.0,379.5
infant7,5186,375.0,2.8066975291983574,2.3386722205349857,0.0,0.991735858140581,368.0,380.0,374.0,376.0,376.0
infant7,5187,376.24,7.736898075891571,2.982944716831586,0.0,2.994234286426381,360.0,390.0,374.0,377.0,380.0
infant7,5188,373.08,8.620904824900922,3.1815796359028696,0.0,7.149411469230299,360.0,390.0,366.0,372.0,379.5
infant7,5189,366.76,4.9137873501454035,2.356060357495806,0.0,3.307659119212597,360.0,376.0,364.0,366.0,370.0
infant7,5190,370.0,8.320125587749164,2.0995626366712954,0.0,37.88464459997673,360.0,388.0,364.0,367.0,376.0
infant7,5191,370.92,8.371087267542748,2.424366106925306,0.0,95.47812291358306,358.0,388.0,362.0,372.0,376.0
infant7,5192,366.24,4.876264880384727,2.4743582965269675,0.0,1.7306655303094476,358.0,376.0,362.0,366.0,370.0
infant7,5193,362.56,5.686216776072628,2.0995626366712954,0.0,10.70581727056234,352.0,374.0,358.0,362.0,368.0
infant7,5194,358.8,6.272713828600042,2.1946130708196026,0.0,29.416012439383895,350.0,372.0,354.0,358.0,362.0
infant7,5195,363.8,7.4313181735085445,2.799416848895061,0.0,1.569942788052211,350.0,372.0,359.0,367.0,369.5
infant7,5196,367.8,2.531435020952764,2.695423180587601,0.0,2.1708945332820466,362.0,372.0,366.0,368.0,370.0
infant7,5197,370.88,3.9622710453393637,2.457807219155036,0.0,22.84354583283695,362.0,378.0,368.0,371.0,374.0
infant7,5198,374.88,2.3267740653145528,2.0995626366712954,0.0,1.217313424344462,370.0,380.0,374.0,374.0,376.0
infant7,5199,373.6,4.0203563655629395,2.249716535431946,0.0,13.890156681444843,364.0,380.0,372.0,374.0,376.0
infant7,5200,366.12,7.542099529051739,2.3211538298959886,0.0,12.103421152140244,354.0,378.0,358.0,368.0,372.0
infant7,5201,367.16,9.107879522026797,2.3035022137995855,0.0,82.85389593929213,354.0,384.0,358.0,368.0,374.0
infant7,5202,374.72,6.190974338931323,2.602981022612657,0.0,1.5590780282367127,360.0,384.0,368.5,376.0,380.0
infant7,5203,373.8,6.8123537243236365,2.5872528966106905,0.0,7.699554982836473,360.0,384.0,368.0,376.0,379.5
infant7,5204,370.36,5.780897465809619,2.6649654437396615,0.0,7.56459446308524,360.0,380.0,366.0,370.0,373.5
infant7,5205,366.76,3.5199721705764455,2.4411439272335804,0.0,2.230367666450893,360.0,372.0,364.0,366.0,370.0
infant7,5206,368.92,6.454993321105004,2.634155559226539,0.0,6.166817352198308,360.0,384.0,364.0,367.0,372.0
infant7,5207,368.24,6.923960173903076,2.649605284427344,0.0,21.327891706373734,358.0,384.0,364.0,366.0,372.0
infant7,5208,366.16,5.697690187206369,2.424366106925306,0.0,37.02592349190411,358.0,376.0,362.0,364.0,372.0
infant7,5209,372.12,6.03946206551679,2.1946130708196026,0.0,11.473268182956417,358.0,380.0,368.5,374.0,376.0
infant7,5210,372.92,4.784498779540922,2.1189138534559038,0.0,25.311352293158045,364.0,380.0,370.0,374.0,378.0
infant7,5211,371.6,4.65985898008574,2.6186146828319083,0.0,5.068546074923468,364.0,382.0,368.0,371.0,376.0
infant7,5212,371.12,4.662661060302937,2.649605284427344,0.0,50.35136620821427,364.0,382.0,368.0,370.0,374.0
infant7,5213,362.36,8.719576847999177,1.958758457257441,0.0,20.183174092843764,348.0,378.0,354.5,364.0,370.0
infant7,5214,349.88,6.329845083057736,1.9166296949998198,0.0,47.76637735852178,342.0,364.0,344.5,348.0,354.0
infant7,5215,346.8,3.1298431857438063,2.2314999074019015,0.0,10.783598769260747,342.0,352.0,344.0,348.0,350.0
infant7,5216,352.32,5.589494519148563,2.4411439272335804,0.0,7.3008873712737765,344.0,364.0,348.0,350.0,357.5
infant7,5217,350.36,7.403143292699723,2.249716535431946,0.0,16.606802779664424,340.0,364.0,344.0,348.0,357.5
infant7,5218,351.52,7.401709675639068,1.8952141659173714,0.0,13.879817310139343,340.0,360.0,344.0,354.0,358.0
infant7,5219,361.52,7.629801933931208,2.3386722205349857,0.0,26.2258731232276,354.0,380.0,356.0,358.0,360.0
infant7,5220,368.8,8.446711713768275,2.813959371941744,0.0,10.967191119877722,354.0,382.0,361.0,370.0,376.0
infant7,5221,372.84,3.792366123718349,2.3733211036908783,0.0,4.887533209796591,366.0,382.0,370.0,373.0,376.0
infant7,5222,375.6,4.831867007225075,1.958758457257441,0.0,29.575851343118813,368.0,384.0,372.0,374.0,379.5
infant7,5223,374.32,6.185697789486416,2.138089935299395,0.0,7.286331651459643,364.0,384.0,370.0,374.0,379.5
infant7,5224,374.44,5.732684665092592,2.5071326821120348,0.0,0.9126503751310046,364.0,384.0,370.0,376.0,378.0
infant7,5225,376.0,4.27617987059879,2.3035022137995855,0.0,2.5191245654487995,368.0,384.0,374.0,376.0,378.0
infant7,5226,369.2,5.9521904731427595,2.0603150145508513,0.0,8.683637961295908,356.0,378.0,366.0,370.0,374.0
infant7,5227,374.84,11.270984963206025,3.116774889895918,0.0,4.5534296293463585,356.0,396.0,366.0,370.0,384.0
infant7,5228,379.8,6.788345354580984,3.010186786529354,0.0,8.369106188398268,368.0,396.0,376.0,378.0,384.0
infant7,5229,373.72,4.295417586789201,2.5071326821120348,0.0,8.569659736550177,364.0,382.0,370.0,374.0,376.0
infant7,5230,376.2,6.197431989566817,2.6186146828319083,0.0,1.1491240345078246,364.0,388.0,372.0,376.0,381.5
infant7,5231,375.56,6.824804699306308,2.4743582965269675,0.0,166.69062956681603,366.0,388.0,370.0,374.0,382.0
infant7,5232,375.08,7.128099039601466,2.6802375770419595,0.0,9.188741106869095,366.0,392.0,370.0,374.0,379.5
infant7,5233,378.28,9.99599919967984,3.077237032648288,0.0,44.2709335705878,364.0,404.0,370.5,376.0,384.0
infant7,5234,379.72,10.53669971178483,3.1687247161169765,0.0,10.620300966952414,364.0,404.0,372.0,378.0,386.0
infant7,5235,381.92,5.727983582236191,2.5714285714285716,0.0,6.449532364319323,370.0,396.0,378.0,382.0,384.0
infant7,5236,381.04,10.255829601564495,3.5456210417116734,0.0,8.072390966106804,366.0,414.0,376.0,380.0,384.0
infant7,5237,386.48,14.248866764821427,3.938299643454349,0.0,5.521898793095468,366.0,416.0,376.0,384.0,395.0
infant7,5238,384.2,12.204047505242023,2.8713930346059686,0.0,8.006810875328545,366.0,416.0,376.5,382.0,388.0
infant7,5239,391.8,23.716867329357967,5.5549205986353085,0.0,5.60711686616926,364.0,446.0,374.5,379.0,411.5
infant7,5240,394.32,23.11059479625599,5.532833351724881,0.0,6.1924680922976165,364.0,446.0,372.0,390.0,411.5
infant7,5241,388.72,14.477343312491938,3.557114170853924,0.0,47.41353364439498,370.0,414.0,374.0,388.0,400.0
infant7,5242,390.6,11.494452965652252,3.6922422809485957,0.0,8.022288163310785,374.0,414.0,384.0,388.0,397.5
infant7,5243,378.64,8.460617047020065,3.0371845179241856,0.0,15.155513445528475,364.0,392.0,372.0,381.0,386.0
infant7,5244,380.76,9.721761829073188,2.695423180587601,0.0,3.139402071434218,364.0,394.0,372.0,384.0,388.0
infant7,5245,383.6,6.114552731152199,2.8713930346059686,0.0,41.98816643017279,372.0,394.0,378.5,384.0,388.0
infant7,5246,383.04,5.318278070264196,2.770102775666474,0.0,19.955363636181684,372.0,390.0,378.5,385.0,388.0
infant7,5247,388.0,1.7142857142857144,2.249716535431946,0.0,0.32434458917245285,384.0,392.0,386.5,388.0,390.0
infant7,5248,386.0,4.677344441069971,2.457807219155036,0.0,10.66108926743122,376.0,392.0,382.5,388.0,390.0
infant7,5249,377.88,7.277698671914336,2.3035022137995855,0.0,2.026407369692372,366.0,392.0,374.0,378.0,382.0
infant7,5250,374.56,5.406571964578227,1.9378085666072196,0.0,5.857770928735613,366.0,388.0,372.0,374.0,377.5
infant7,5251,375.92,6.1006523572216,1.737932151513777,0.0,22.506015196735426,366.0,388.0,372.0,374.0,381.5
infant7,5252,376.72,5.667811008903972,2.2131333406899527,0.0,3.6591436863043754,366.0,386.0,372.0,376.0,382.0
infant7,5253,383.6,6.904597699196898,2.2857142857142856,0.0,6.262793247561669,372.0,402.0,378.0,385.0,388.0
infant7,5254,390.6,4.869731585445518,2.1946130708196026,0.0,5.73012604143516,384.0,402.0,386.0,388.0,394.0
infant7,5255,396.52,6.3607213042393305,2.2677868380553634,0.0,6.077246168030671,384.0,410.0,392.0,396.0,401.5
infant7,5256,398.44,7.605476007859235,2.9965967090575756,0.0,7.607159809295963,384.0,410.0,394.0,400.0,406.0
infant7,5257,395.12,7.297301709871804,3.077237032648288,0.0,37.773788115740295,384.0,410.0,388.0,395.0,399.5
infant7,5258,393.92,4.388482141948863,2.138089935299395,0.0,3.5775911521572517,386.0,402.0,388.5,396.0,398.0
infant7,5259,395.8,3.901857223927903,2.0603150145508513,0.0,7.13503475118801,388.0,400.0,394.0,396.0,398.0
infant7,5260,395.32,4.132696900750088,2.080031396937291,0.0,22.885960184159853,388.0,400.0,392.0,396.0,398.0
infant7,5261,391.68,3.9663894032178915,1.8516401995451028,0.0,1.3226845416515038,384.0,400.0,388.0,392.0,395.5
infant7,5262,394.04,4.580170213395291,1.8294640678379568,0.0,4.279926736779147,384.0,402.0,390.5,396.0,398.0
infant7,5263,397.96,2.7550325010120393,2.138089935299395,0.0,3.0638866515170053,394.0,406.0,396.0,398.0,400.0
infant7,5264,399.08,4.280186911806539,2.0603150145508513,0.0,18.377894036251796,392.0,408.0,396.0,398.0,402.0
infant7,5265,399.56,3.818109372932298,2.0995626366712954,0.0,4.434021420476231,392.0,408.0,396.0,400.0,402.0
infant7,5266,398.96,2.8923544536785744,2.2131333406899527,0.0,0.5530338835333727,392.0,404.0,398.0,400.0,402.0
infant7,5267,398.48,3.90833750344265,1.9166296949998198,0.0,30.541572928776542,390.0,404.0,396.0,399.0,402.0
infant7,5268,398.68,3.1457129881922845,1.6903085094570331,0.0,25.50925984531775,390.0,404.0,398.0,399.0,401.5
infant7,5269,399.8,3.1879876577744852,2.0995626366712954,0.0,5.644836083310915,394.0,406.0,398.0,400.0,402.0
infant7,5270,400.12,3.3663399854974814,2.0603150145508513,0.0,18.031723349469157,394.0,406.0,398.0,400.0,402.0
infant7,5271,401.12,2.8040786620309253,1.8294640678379568,0.0,6.353783218937011,396.0,406.0,398.0,402.0,404.0
infant7,5272,401.56,4.629805831869877,2.080031396937291,0.0,6.14159747331478,392.0,408.0,398.5,404.0,404.0
infant7,5273,400.8,4.65985898008574,2.0995626366712954,0.0,20.431451002146794,392.0,408.0,398.0,402.0,404.0
infant7,5274,399.16,5.223025942880239,2.424366106925306,0.0,25.216023575958523,388.0,408.0,396.0,401.0,403.5
infant7,5275,400.0,5.771145679064045,2.6186146828319083,0.0,7.190634249690316,388.0,406.0,396.0,402.0,404.0
infant7,5276,401.08,3.7516798958355078,2.1946130708196026,0.0,8.616398064798272,394.0,406.0,398.0,402.0,404.0
infant7,5277,400.36,3.7837461191096784,1.7612611437054218,0.0,1.9069085377469563,394.0,406.0,398.0,400.0,404.0
infant7,5278,390.92,13.487469619416899,2.2131333406899527,0.0,125.81782914891718,368.0,406.0,378.0,396.0,402.0
infant7,5279,378.76,8.37771582527001,2.249716535431946,0.0,5.769084323248261,368.0,402.0,374.0,378.0,380.0
infant7,5280,384.4,10.044797617855398,2.080031396937291,0.0,4.296460221707331,368.0,404.0,378.0,380.0,394.0
infant7,5281,391.4,7.572776160399183,2.4743582965269675,0.0,17.55646458902249,376.0,404.0,386.0,393.0,398.0
infant7,5282,379.32,12.883211667016221,2.3035022137995855,0.0,136.79589042326143,362.0,398.0,366.5,376.0,392.0
infant7,5283,380.96,18.201771611464594,3.232488142567074,0.0,10.649359380736577,362.0,418.0,366.5,372.0,397.5
infant7,5284,393.48,12.221159302368887,3.1943828249996997,0.0,5.368925938376945,370.0,418.0,386.5,394.0,398.0
infant7,5285,391.92,6.324039009031735,2.634155559226539,0.0,14.837545974008364,378.0,402.0,386.5,394.0,396.0
infant7,5286,394.48,6.5721738707793715,2.710523708715754,0.0,4.72343223906617,378.0,402.0,394.0,398.0,398.0
infant7,5287,396.88,2.9736255614303286,2.1946130708196026,0.0,11.848639307547732,392.0,406.0,394.5,396.0,398.0
infant7,5288,398.48,4.111904072572805,2.080031396937291,0.0,5.4295544089198176,392.0,406.0,394.5,398.0,402.0
infant7,5289,396.48,5.183332786490773,1.538618516324144,0.0,56.40415878143951,388.0,406.0,392.0,396.0,402.0
infant7,5290,394.56,3.4056375830288776,1.5649215928719031,0.0,23.26310850502252,388.0,402.0,392.0,394.0,398.0
infant7,5291,394.96,3.0301882476715094,1.538618516324144,0.0,1.5554018968397603,390.0,402.0,394.0,394.0,398.0
infant7,5292,391.32,3.1715572689459797,1.6413036132965795,0.0,3.0542862760410125,386.0,396.0,388.0,391.0,394.0
infant7,5293,391.92,3.635651136134141,1.7612611437054218,0.0,8.016909379344073,386.0,398.0,388.0,392.0,395.5
infant7,5294,397.24,4.930372341778199,1.6659862556700857,0.0,2.0427329615123577,390.0,408.0,394.0,396.0,399.5
infant7,5295,403.76,4.892977057967462,1.737932151513777,0.0,3.375448541580557,392.0,410.0,400.5,406.0,408.0
infant7,5296,406.68,1.8343658193456598,1.737932151513777,0.0,0.5329663241178123,404.0,410.0,406.0,406.0,408.0
infant7,5297,402.96,6.249767342608418,2.457807219155036,0.0,7.1600770231824855,388.0,412.0,400.5,405.0,408.0
infant7,5298,403.88,6.991656835552104,2.649605284427344,0.0,13.151140614041964,388.0,414.0,400.5,406.0,409.5
infant7,5299,406.48,2.9845862530744216,2.1189138534559038,0.0,1.057100867651758,400.0,414.0,404.0,406.0,408.0
infant7,5300,405.08,2.7762844058274747,2.6802375770419595,0.0,0.2696983700560846,400.0,414.0,404.0,405.0,406.0
infant7,5301,409.76,6.096368942716172,2.842821248876057,0.0,193.77829464401708,400.0,422.0,404.5,408.0,416.0
infant7,5302,412.6,4.280949732506199,2.813959371941744,0.0,66.237034490203,404.0,422.0,408.5,412.0,416.0
infant7,5303,411.12,3.706805654908995,2.407471363764674,0.0,12.561825941994599,404.0,420.0,408.0,412.0,414.0
infant7,5304,413.08,3.9218904229715443,2.2314999074019015,0.0,6.78549081229803,406.0,420.0,410.0,414.0,416.0
infant7,5305,411.16,6.453475570479485,2.5555062599997598,0.0,35.19180482372276,396.0,420.0,408.5,414.0,416.0
infant7,5306,411.84,7.146741800803142,2.740475156178697,0.0,51.905520226094126,396.0,424.0,408.5,414.0,416.0
infant7,5307,415.12,3.159953500045369,2.3211538298959886,0.0,5.243450069055298,412.0,424.0,412.5,414.0,416.0
infant7,5308,411.92,3.853649211448541,2.1946130708196026,0.0,5.263338374023407,404.0,418.0,410.0,413.0,414.0
infant7,5309,403.68,11.301869088693214,2.2677868380553634,0.0,18.307398351468397,376.0,418.0,398.5,407.0,413.5
infant7,5310,385.76,15.921439787216455,2.5714285714285716,0.0,99.39283521098531,366.0,416.0,372.0,384.0,397.5
infant7,5311,388.92,16.62655854287326,2.5071326821120348,0.0,62.41100568147312,366.0,412.0,372.0,392.0,404.0
infant7,5312,406.04,5.070764544052946,2.4743582965269675,0.0,9.89910079368778,392.0,414.0,404.0,408.0,410.0
infant7,5313,406.88,2.7748138382123395,2.2857142857142856,0.0,0.9668839812212187,402.0,414.0,404.5,407.0,408.0
infant7,5314,402.84,4.74818977321347,1.958758457257441,0.0,1.4724075019337413,388.0,410.0,402.0,404.0,406.0
infant7,5315,401.72,10.528949402015574,2.7847983842311326,0.0,6.076710346685441,380.0,418.0,394.0,404.0,413.5
infant7,5316,404.36,11.063379562635404,3.0371845179241856,0.0,13.50361398359083,380.0,418.0,396.5,408.0,414.0
infant7,5317,403.36,7.466277929627919,2.6649654437396615,0.0,14.313704857892665,388.0,416.0,398.0,405.0,410.0
infant7,5318,403.4,7.208271892310207,2.5071326821120348,0.0,1.7093701827633796,388.0,414.0,398.0,404.0,410.0
infant7,5319,407.24,5.141110814616163,2.523360247522242,0.0,6.404766833046986,394.0,414.0,406.0,408.0,410.0
infant7,5320,407.2,2.710523708715754,2.1946130708196026,0.0,1.3916517815349623,402.0,412.0,406.0,408.0,408.0
infant7,5321,404.16,2.2799928392297146,1.8294640678379568,0.0,10.970227239093157,400.0,408.0,402.0,404.0,406.0
infant7,5322,402.68,2.0044847676331865,1.9166296949998198,0.0,12.919531522515484,400.0,408.0,402.0,402.0,404.0
infant7,5323,401.6,2.2857142857142856,1.8070158058105026,0.0,5.438855628961576,398.0,408.0,400.0,402.0,402.0
infant7,5324,394.08,8.339333894018056,1.8070158058105026,0.0,28.296452851167746,374.0,404.0,386.0,398.0,402.0
infant7,5325,382.64,9.717982489872545,2.2314999074019015,0.0,29.047429281954024,366.0,398.0,372.5,384.0,390.0
infant7,5326,387.2,12.700634726224497,2.710523708715754,0.0,3.6934626996230167,366.0,410.0,373.5,390.0,396.0
infant7,5327,398.6,9.874725519305974,3.1687247161169765,0.0,5.04088040067209,378.0,416.0,392.0,399.0,406.0
infant7,5328,402.36,8.663222758963812,2.8996833043120627,0.0,5.078792169656684,378.0,416.0,402.0,404.0,407.5
infant7,5329,403.32,2.874518593235595,1.958758457257441,0.0,3.0545099235299076,396.0,408.0,402.0,404.0,406.0
infant7,5330,403.2,7.125693664765672,2.457807219155036,0.0,4.03821839612909,388.0,416.0,398.5,404.0,408.0
infant7,5331,401.6,7.782764841072134,2.857142857142857,0.0,12.091123205236512,388.0,416.0,396.0,401.0,408.0
infant7,5332,402.76,5.0449408887942955,2.6802375770419595,0.0,7.9433254435446745,392.0,412.0,400.0,404.0,406.0
infant7,5333,401.08,6.480236831147076,2.2857142857142856,0.0,41.14432858992683,390.0,412.0,394.5,403.0,406.0
infant7,5334,398.96,4.785010609247616,1.6903085094570331,0.0,50.92187227862367,390.0,406.0,394.5,400.0,402.0
infant7,5335,400.32,2.4027195476147014,1.8294640678379568,0.0,7.848761747775811,396.0,406.0,398.0,400.0,402.0
infant7,5336,399.64,1.9247051192113478,2.3035022137995855,0.0,10.841927748174863,396.0,404.0,398.0,400.0,400.0
infant7,5337,397.52,4.381035195904628,2.390457218668787,0.0,4.892051565169853,386.0,404.0,394.0,399.0,400.0
infant7,5338,392.16,4.929544417414788,2.1946130708196026,0.0,3.387772451655907,380.0,404.0,390.0,392.0,394.0
infant7,5339,391.32,4.3632977605177,2.0,0.0,2.8649367261935827,380.0,402.0,390.0,392.0,394.0
infant7,5340,397.64,5.865012135276344,1.8294640678379568,0.0,6.490410759616839,388.0,408.0,392.0,398.0,402.0
infant7,5341,402.4,2.390457218668787,1.7612611437054218,0.0,17.625569549066885,398.0,408.0,400.0,402.0,404.0
infant7,5342,401.6,1.979486637221574,1.7612611437054218,0.0,1.749804833596832,398.0,406.0,400.0,402.0,402.0
infant7,5343,400.68,4.3819667562706615,2.3733211036908783,0.0,1.521994212154273,390.0,408.0,398.0,401.0,404.0
infant7,5344,402.96,5.178290632781344,2.2314999074019015,0.0,8.110820541929575,390.0,410.0,402.0,404.0,406.0
infant7,5345,404.52,2.2789184688696307,1.8070158058105026,0.0,5.990460396898233,402.0,410.0,402.0,404.0,406.0
infant7,5346,403.08,1.4119027543549527,1.8952141659173714,0.0,0.4522122755324627,400.0,406.0,402.0,403.0,404.0
infant7,5347,399.36,4.049489763777503,2.0203050891044216,0.0,7.938466655881426,390.0,404.0,396.0,400.0,402.0
infant7,5348,394.72,3.446619165714337,2.0995626366712954,0.0,4.734954670108664,388.0,402.0,392.0,395.0,397.5
infant7,5349,384.64,10.040245545415953,2.5555062599997598,0.0,36.157363363208276,362.0,398.0,376.0,388.0,393.5
infant7,5350,378.0,13.803282661921328,19.732910456950865,4.081632653061225,13.065022508818863,350.0,430.0,370.5,376.0,384.0
infant7,5351,370.16,16.824860129206037,19.68942531888006,4.081632653061225,22.054514032912564,350.0,430.0,358.0,366.0,377.5
infant7,5352,369.2,17.538296289397493,20.857142857142858,8.16326530612245,7.057894584629563,352.0,436.0,358.0,366.0,372.0
infant7,5353,379.8,16.364471221745813,20.882567673853263,8.16326530612245,1.9166583144741858,352.0,436.0,366.5,376.0,390.0
infant7,5354,386.84,9.329260530225122,2.4907993963089563,0.0,4.970901778052945,364.0,396.0,384.0,390.0,392.0
infant7,5355,393.72,2.828715725035166,2.457807219155036,0.0,1.6489036218560755,388.0,400.0,392.0,394.0,396.0
infant7,5356,394.28,4.060963995337631,2.5872528966106905,0.0,13.056454407019547,384.0,400.0,392.0,396.0,396.0
infant7,5357,393.32,4.03272329113431,2.1946130708196026,0.0,6.511584876717004,384.0,400.0,390.5,394.0,396.0
infant7,5358,391.64,3.3731230608552467,1.8294640678379568,0.0,3.832408063396179,386.0,398.0,388.5,392.0,394.0
infant7,5359,388.92,3.0023120342530034,1.737932151513777,0.0,5.142116195689522,384.0,396.0,386.0,388.0,390.0
infant7,5360,384.44,4.1657495589335545,1.8735538640862859,0.0,3.7021179688073804,378.0,392.0,382.0,384.0,388.0
infant7,5361,381.64,2.04799553570942,1.7842851423995423,0.0,3.824027042804001,378.0,388.0,380.0,382.0,382.0
infant7,5362,385.6,5.0142653642240695,2.0203050891044216,0.0,5.082975423998769,380.0,398.0,382.0,384.0,387.5
infant7,5363,391.76,4.825781104163981,2.2677868380553634,0.0,2.695584002004812,382.0,398.0,386.5,394.0,396.0
infant7,5364,395.16,2.3243168845043134,2.080031396937291,0.0,0.625772990961889,388.0,398.0,394.0,396.0,396.0
infant7,5365,397.08,3.504166616111367,1.8735538640862859,0.0,11.89091930484545,390.0,402.0,394.0,398.0,400.0
infant7,5366,397.88,4.578744146508262,1.6903085094570331,0.0,14.492178396014538,390.0,406.0,394.0,400.0,402.0
infant7,5367,398.56,4.295987686677143,1.7842851423995423,0.0,30.7805809705686,390.0,406.0,396.0,398.0,402.0
infant7,5368,398.32,3.1651159826574236,2.2131333406899527,0.0,0.7140208002127619,392.0,406.0,396.0,398.0,400.0
infant7,5369,404.68,8.968061242486003,2.75532878885513,0.0,2.519219577485677,392.0,424.0,396.0,405.0,411.5
infant7,5370,406.88,7.070028721472705,2.4907993963089563,0.0,17.43883138922219,396.0,424.0,400.5,406.0,411.5
infant7,5371,398.08,4.728722483560503,2.3386722205349857,0.0,1.9882140512573296,388.0,406.0,396.0,399.0,400.0
infant7,5372,397.96,5.260402716018411,2.424366106925306,0.0,14.111626542839572,388.0,406.0,396.0,398.0,402.0
infant7,5373,402.44,3.6653924811425482,2.1189138534559038,0.0,1.5757734273956172,390.0,408.0,402.0,404.0,404.0
infant7,5374,402.76,2.352245995743174,2.138089935299395,0.0,0.4827367601771069,396.0,408.0,402.0,402.0,404.0
infant7,5375,397.0,6.117889458675388,2.813959371941744,0.0,10.98063999714173,384.0,406.0,392.5,398.0,402.0
infant7,5376,395.0,5.558593273812491,2.7255405754769875,0.0,11.233735217397843,384.0,408.0,392.0,396.0,398.0
infant7,5377,398.92,3.816398558744052,2.0,0.0,15.61688789960166,390.0,408.0,398.0,400.0,402.0
infant7,5378,400.12,2.115443698332888,1.9378085666072196,0.0,2.170473356271465,394.0,404.0,398.0,400.0,402.0
infant7,5379,401.48,3.1767008942342323,1.8070158058105026,0.0,5.833666014090013,394.0,408.0,400.0,402.0,404.0
infant7,5380,397.04,8.184006303985443,1.8952141659173714,0.0,40.84006072456226,382.0,408.0,388.5,400.0,404.0
infant7,5381,397.08,8.083341398411013,2.1570955529345,0.0,36.17073269195805,382.0,406.0,388.5,400.0,404.0
infant7,5382,398.4,5.785273351804739,2.040408122440814,0.0,10.514450214107042,386.0,406.0,396.0,399.0,404.0
infant7,5383,396.64,6.1735446107746315,2.649605284427344,0.0,12.16855821954774,386.0,408.0,392.0,396.0,401.5
infant7,5384,392.84,8.60080679651743,2.6649654437396615,0.0,5.155216822763117,380.0,408.0,386.0,390.0,401.5
infant7,5385,389.0,4.785181206984064,2.2131333406899527,0.0,1.9758517079560698,380.0,400.0,386.0,390.0,392.0
infant7,5386,389.24,5.0449408887942955,2.2857142857142856,0.0,1.0169588399345484,378.0,400.0,386.0,390.0,392.0
infant7,5387,392.76,8.47459589067255,2.842821248876057,0.0,3.2434990134431683,378.0,412.0,386.0,392.0,398.0
infant7,5388,394.72,6.648737796432815,3.05059378629466,0.0,5.377100969191482,386.0,412.0,390.0,392.0,398.0
infant7,5389,387.76,4.511029567083555,2.8284271247461903,0.0,3.8242631054161267,378.0,396.0,384.5,388.0,391.5
infant7,5390,387.16,3.8775123521165384,2.3386722205349857,0.0,11.023092258236211,378.0,392.0,384.0,388.0,390.0
infant7,5391,402.96,28.27630435108347,14.211234417652443,2.0408163265306123,1.8984511333117116,376.0,496.0,388.0,390.0,415.0
infant7,5392,403.36,28.28842699834716,14.291427429028342,2.0408163265306123,10.814559330701625,376.0,496.0,386.0,390.0,415.0
infant7,5393,390.92,4.299216824739414,3.1298431857438063,0.0,3.192660169986515,384.0,404.0,388.0,390.0,394.0
infant7,5394,391.32,2.510711745578882,2.770102775666474,0.0,0.31200054944609645,386.0,396.0,390.0,391.0,392.0
infant7,5395,376.8,15.856499343441838,2.982944716831586,0.0,22.577268869952515,352.0,394.0,360.0,386.0,390.0
infant7,5396,366.56,10.10184868916455,2.9554515522253144,0.0,91.80991972327004,352.0,384.0,358.0,364.0,376.0
infant7,5397,375.88,9.020701814409442,2.6186146828319083,0.0,5.43928437155831,356.0,388.0,368.0,380.0,382.0
infant7,5398,372.72,9.439474215727683,2.6802375770419595,0.0,34.62742731583173,360.0,388.0,364.0,370.0,382.0
infant7,5399,360.52,11.012497538742805,12.398156544998361,0.0,1.6761315608679443,320.0,378.0,360.0,364.0,366.0
infant7,5400,348.4,20.134243345654703,28.029139356413076,10.204081632653061,0.39306835319936234,286.0,378.0,336.5,352.0,362.0
infant7,5401,342.12,16.31030724569527,25.14448046707634,10.204081632653061,0.2338500698340348,286.0,378.0,336.0,341.0,352.0
infant7,5402,352.32,10.031460715251427,2.4411439272335804,0.0,67.77589741987764,336.0,364.0,342.5,358.0,360.0
infant7,5403,363.72,10.125820702439837,12.496530130645164,2.0408163265306123,2.786943927638447,336.0,420.0,360.0,362.0,365.5
infant7,5404,361.72,11.292113917893934,12.564933387026299,2.0408163265306123,1.8609807339475193,336.0,420.0,354.0,360.0,366.0
infant7,5405,358.2,4.025429372458677,2.5714285714285716,0.0,106.66925097898742,352.0,366.0,354.0,358.0,362.0
infant7,5406,360.76,2.48719167917947,1.8070158058105026,0.0,6.61974800827712,354.0,366.0,358.0,362.0,362.0
infant7,5407,355.44,11.110135104525792,12.89834667462367,2.0408163265306123,1.6907772261749834,320.0,390.0,348.0,360.0,362.0
infant7,5408,347.8,9.581018649775553,12.929952570268297,2.0408163265306123,4.6022763077500874,320.0,390.0,344.0,346.0,350.0
infant7,5409,349.12,5.0654491913554995,1.8952141659173714,0.0,5.784265045955573,340.0,362.0,346.0,348.0,350.0
infant7,5410,356.2,6.157789160643516,1.8294640678379568,0.0,275.8204730088431,346.0,366.0,350.0,357.0,362.0
infant7,5411,354.4,6.809357307321704,1.737932151513777,0.0,49.16602342540582,346.0,366.0,348.5,352.0,362.0
infant7,5412,351.32,4.705359514773054,1.5649215928719031,0.0,41.94704598234013,346.0,360.0,348.0,350.0,356.0
infant7,5413,356.6,4.43087497693452,1.7612611437054218,0.0,8.136037776732644,346.0,362.0,356.0,358.0,360.0
infant7,5414,361.4,2.835633320182744,1.8952141659173714,0.0,14.901677295404241,356.0,366.0,360.0,362.0,364.0
infant7,5415,364.04,1.7838275747186247,2.1189138534559038,0.0,1.1172617803351361,360.0,368.0,364.0,364.0,365.5
infant7,5416,364.56,2.1774353009437313,2.3733211036908783,0.0,5.898072867814821,360.0,368.0,364.0,364.0,366.0
infant7,5417,362.08,3.724381882697217,2.1570955529345,0.0,77.46989427864071,356.0,368.0,358.5,362.0,365.5
infant7,5418,357.56,3.90269399366172,2.2857142857142856,0.0,2.976260833783053,348.0,366.0,356.0,358.0,360.0
infant7,5419,368.32,19.84577269540168,5.038626311013828,0.0,3.4138583995709375,346.0,406.0,354.0,358.0,389.5
infant7,5420,467.88,163.52265523623998,51.66848800827468,20.408163265306122,23.472343212658842,346.0,986.0,386.5,397.0,425.0
infant7,5421,458.84,168.09962546547408,51.50312057119868,20.408163265306122,34.973425585183186,350.0,986.0,360.5,383.0,425.0
infant7,5422,359.56,17.544299614963027,23.452948989978438,8.16326530612245,2.319841943872989,320.0,424.0,350.5,359.0,366.0
infant7,5423,358.92,18.188177366585343,25.3417458284281,8.16326530612245,0.21819172291442,320.0,424.0,350.0,358.0,369.5
infant7,5424,361.0,10.406042200842466,9.9713876380658,0.0,9.299887021967459,340.0,394.0,352.0,360.0,368.0
infant7,5425,359.48,7.470322234396204,2.2677868380553634,0.0,34.78690495835902,346.0,372.0,352.5,361.0,366.0
infant7,5426,356.76,5.867795191395425,1.9378085666072196,0.0,78.77011200318209,346.0,366.0,352.5,356.0,362.0
infant7,5427,354.4,2.424366106925306,2.602981022612657,0.0,2.9106207767599903,350.0,362.0,352.0,354.0,356.0
infant7,5428,351.44,2.886704214929163,2.424366106925306,0.0,16.99431568585815,348.0,358.0,348.5,352.0,354.0
infant7,5429,352.84,4.999428538771778,2.5071326821120348,0.0,21.82854742040525,348.0,364.0,348.0,350.0,356.0
infant7,5430,354.12,4.245718131126888,2.4743582965269675,0.0,56.05520235077802,348.0,364.0,350.0,352.0,356.0
infant7,5431,345.56,9.741893542629091,9.156240205121179,0.0,22.748402050369737,310.0,364.0,340.0,349.0,352.0
infant7,5432,344.88,10.428845397575449,10.617659529178313,0.0,3.635928340033858,310.0,364.0,338.5,346.0,352.0
infant7,5433,347.12,6.274795711773396,5.792324266489512,0.0,15.337528784681325,336.0,362.0,342.5,346.0,352.0
infant7,5434,342.72,3.8494102384226956,2.1759351731039738,0.0,127.58639991160773,336.0,350.0,340.0,342.0,346.0
infant7,5435,344.36,4.601508182218131,2.5394841192330255,0.0,22.812459001332222,336.0,354.0,342.0,344.0,348.0
infant7,5436,348.04,2.6338456403409176,2.5071326821120348,0.0,8.588462140829643,342.0,354.0,346.0,348.0,350.0
infant7,5437,345.96,3.510683403439233,1.7842851423995423,0.0,38.706648876494256,340.0,352.0,342.0,346.0,348.0
infant7,5438,344.72,2.7032859822891133,2.0203050891044216,0.0,5.600505033350358,340.0,350.0,342.0,345.0,346.0
infant7,5439,349.08,3.262902176321702,1.737932151513777,0.0,43.84250935730811,342.0,354.0,346.0,350.0,352.0
infant7,5440,359.8,10.295630140986999,2.523360247522242,0.0,30.130889736213515,350.0,380.0,352.0,354.0,372.0
infant7,5441,367.16,6.453475570479484,2.8713930346059686,0.0,13.051512250517495,352.0,380.0,364.0,368.0,372.0
infant7,5442,360.76,6.7840148247816465,2.2857142857142856,0.0,50.804805797572115,348.0,370.0,354.5,362.0,366.0
infant7,5443,354.96,6.064146893918418,2.424366106925306,0.0,65.42033228742461,348.0,368.0,350.0,354.0,360.0
infant7,5444,356.88,6.222539674441618,2.2314999074019015,0.0,52.76045469874453,348.0,368.0,352.0,356.0,362.0
infant7,5445,360.56,5.095656413624675,2.1946130708196026,0.0,7.901972592035186,354.0,372.0,356.0,358.0,365.5
infant7,5446,357.72,6.928321055859148,2.5714285714285716,0.0,24.669245291334903,348.0,372.0,352.0,357.0,362.0
infant7,5447,350.84,4.353558244442711,2.390457218668787,0.0,16.854700330578765,346.0,364.0,348.0,350.0,352.0
infant7,5448,349.72,4.314380320627796,2.1759351731039738,0.0,2.2922112811272046,344.0,362.0,348.0,348.0,350.0
infant7,5449,356.12,6.814270739725985,1.8952141659173714,0.0,7.863108854076571,344.0,366.0,350.0,358.0,362.0
infant7,5450,361.6,2.710523708715754,2.1570955529345,0.0,1.9720172021805205,356.0,368.0,360.0,362.0,364.0
infant7,5451,357.32,5.323954338263841,2.5394841192330255,0.0,14.033239043905407,348.0,368.0,352.0,356.0,362.0
infant7,5452,345.8,10.866537288992351,9.107072828862416,0.0,59.46944397434538,300.0,356.0,342.0,348.0,352.0
infant7,5453,350.52,19.565942922562655,21.390442267708334,4.081632653061225,1.6796938775329509,300.0,396.0,340.0,346.0,361.5
infant7,5454,366.8,15.591729885305432,17.709676819784843,2.0408163265306123,14.500524171729323,324.0,396.0,360.0,368.0,380.0
infant7,5455,362.16,11.562359761973598,3.2071349029490928,0.0,57.61004363049336,348.0,386.0,352.0,356.0,370.0
infant7,5456,357.96,8.518790754465527,10.675166681296803,2.0408163265306123,15.787435625845625,338.0,394.0,352.0,356.0,363.5
infant7,5457,359.44,7.645620328271711,10.435418495856956,2.0408163265306123,4.598201684621709,338.0,394.0,356.0,358.0,363.5
infant7,5458,358.76,3.8732994952097153,2.249716535431946,0.0,11.991434394470245,352.0,368.0,356.0,358.0,362.0
infant7,5459,358.6,4.005098791107482,2.3035022137995855,0.0,24.301694244955623,352.0,368.0,356.0,358.0,362.0
infant7,5460,365.12,13.211992078936376,3.3441999744913216,0.0,7.213138475847592,352.0,394.0,356.0,357.0,374.0
infant7,5461,361.08,17.143857113692178,3.5225222874108435,0.0,57.85642961451315,338.0,394.0,346.0,357.0,374.0
infant7,5462,347.2,12.525891552447414,18.421371794074137,4.081632653061225,6.373016218526247,292.0,398.0,340.0,349.0,352.0
infant7,5463,346.64,11.734755634265179,18.425802671298545,4.081632653061225,9.394435902013415,292.0,398.0,344.0,346.0,351.5
infant7,5464,356.08,17.12360824077897,17.40044568981156,2.0408163265306123,4.577224680899552,308.0,410.0,344.0,348.0,372.0
infant7,5465,361.96,15.55760854609311,19.405448424899348,2.0408163265306123,11.721239154845888,308.0,410.0,354.0,361.0,372.0
infant7,5466,362.96,8.032993190077827,9.039595439746499,0.0,4.661280853065607,336.0,384.0,356.5,365.0,368.0
infant7,5467,361.92,6.8328139839143525,2.857142857142857,0.0,80.31371940148378,352.0,372.0,354.0,364.0,368.0
infant7,5468,358.24,5.892090859268682,2.602981022612657,0.0,8.861383972940104,352.0,372.0,354.0,356.0,363.5
infant7,5469,361.2,5.329930887479323,2.982944716831586,0.0,17.278359925121375,352.0,372.0,358.0,360.0,366.0
infant7,5470,363.24,3.3046658418863797,2.6802375770419595,0.0,31.903457162161235,358.0,370.0,360.0,364.0,366.0
infant7,5471,363.8,2.4327694808466287,2.1189138534559038,0.0,16.35869482572238,358.0,368.0,362.0,364.0,366.0
infant7,5472,365.0,4.522054797526976,2.2857142857142856,0.0,1.5567072609991006,358.0,378.0,362.0,364.0,366.0
infant7,5473,368.6,13.721724173212134,17.489355363203305,2.0408163265306123,4.644613745213092,320.0,420.0,362.0,364.0,373.5
infant7,5474,381.12,18.965747858619622,17.566201313073595,2.0408163265306123,13.407262848572541,320.0,420.0,364.0,383.0,394.0
infant7,5475,379.84,14.998448899394733,2.9277002188455996,0.0,81.74461018509491,364.0,412.0,366.5,376.0,391.5
infant7,5476,366.92,3.858941379631022,2.4411439272335804,0.0,3.9084107115188056,360.0,376.0,364.0,366.0,370.0
infant7,5477,372.16,15.67965014186951,3.5799897388976194,0.0,11.305791504395614,352.0,408.0,362.0,368.0,377.0
infant7,5478,378.72,14.533620417809857,3.7142857142857144,0.0,9.486665033464135,352.0,408.0,374.0,378.0,388.0
infant7,5479,380.4,5.897076411585798,2.695423180587601,0.0,20.20601112504493,374.0,396.0,376.0,378.0,384.0
infant7,5480,382.12,6.956541481782101,3.05059378629466,0.0,32.875836044245794,372.0,396.0,376.0,382.0,387.5
infant7,5481,381.96,6.160969973990148,3.404678653660853,0.0,4.508484090096325,372.0,396.0,376.0,382.0,386.0
infant7,5482,377.64,5.325180843915835,3.1558174334820746,0.0,4.699396797463205,370.0,388.0,374.0,376.0,382.0
infant7,5483,370.48,4.509581635874024,2.9692299558323607,0.0,10.311250607250399,360.0,378.0,368.0,370.0,374.0
infant7,5484,358.6,10.715238052913815,8.4370417487048,0.0,31.926643697996788,318.0,370.0,350.0,361.0,368.0
infant7,5485,348.08,9.079782430190265,9.275818903284529,0.0,11.5175144470542,318.0,370.0,342.0,347.0,353.5
infant7,5486,358.24,13.983313671104208,2.6649654437396615,0.0,6.961099516425071,340.0,374.0,342.0,368.0,370.0
infant7,5487,371.96,2.842534080710379,2.4743582965269675,0.0,0.773546924342525,368.0,378.0,370.0,372.0,374.0
infant7,5488,373.28,3.4228523729993,2.5714285714285716,0.0,0.7135350247457655,368.0,380.0,370.0,374.0,376.0
infant7,5489,375.12,6.64136696035092,3.0904725218262765,0.0,3.857717665924971,364.0,390.0,370.0,374.0,378.0
infant7,5490,372.88,11.007678210768916,3.0237157840738176,0.0,25.990458788500277,356.0,392.0,364.0,372.0,383.5
infant7,5491,362.08,11.124233520947474,2.407471363764674,0.0,15.289018788234015,350.0,392.0,354.0,358.0,363.5
infant7,5492,359.56,5.179078792879786,2.390457218668787,0.0,25.38084955438012,350.0,368.0,354.0,362.0,364.0
infant7,5493,366.64,3.509520578922077,2.523360247522242,0.0,10.243504073767491,360.0,372.0,364.0,366.0,370.0
infant7,5494,373.12,6.542295671479639,3.4641016151377544,0.0,4.855407939974368,364.0,390.0,370.0,371.0,376.0
infant7,5495,378.36,6.002584477386658,3.440455593940656,0.0,2.828991390261692,364.0,390.0,374.5,380.0,382.0
infant7,5496,376.08,5.359865974565607,2.5714285714285716,0.0,8.63009799933195,366.0,384.0,372.0,376.0,380.0
infant7,5497,374.28,4.000204076426755,2.857142857142857,0.0,9.930857636269707,366.0,380.0,372.0,376.0,376.0
infant7,5498,369.64,9.395526508256307,2.6802375770419595,0.0,54.920030357928894,350.0,380.0,362.5,374.0,376.0
infant7,5499,353.64,13.09737471746899,11.142857142857142,2.0408163265306123,48.37646168797467,318.0,378.0,346.0,350.0,363.5
infant7,5500,341.32,16.195791844469593,26.791713613864772,8.16326530612245,0.6581021635392219,288.0,372.0,340.0,344.0,348.0
infant7,5501,340.0,17.67738091229488,27.355557581819546,8.16326530612245,0.0886840541854677,288.0,370.0,336.0,342.0,351.5
infant7,5502,352.44,16.14369150814658,15.512996526283688,2.0408163265306123,5.310813963189874,288.0,392.0,342.0,352.0,364.0
infant7,5503,368.92,11.515455452812724,9.32409649833184,0.0,7.549172857651561,342.0,396.0,364.0,366.0,375.5
infant7,5504,377.12,12.975078152412973,15.49456784337857,2.0408163265306123,3.894046636720906,338.0,424.0,368.5,377.0,384.0
infant7,5505,382.0,12.828539611796371,15.612658391216286,2.0408163265306123,3.9123424645693534,338.0,424.0,374.0,380.0,388.0
infant7,5506,379.08,9.973106694649221,3.7032803990902057,0.0,10.032647666054299,364.0,402.0,372.0,377.0,384.0
infant7,5507,370.68,5.504877243807327,2.8996833043120627,0.0,19.651471935954547,362.0,384.0,366.0,370.0,372.0
infant7,5508,370.28,4.746814184056417,2.8996833043120627,0.0,5.261411276137166,362.0,380.0,366.0,370.0,373.5
infant7,5509,380.32,15.25489550061533,13.014905113063284,2.0408163265306123,2.692042436096347,364.0,446.0,370.0,376.0,384.0
infant7,5510,380.36,15.106100943469354,12.96148139681572,2.0408163265306123,79.31943580557909,364.0,446.0,372.0,376.0,384.0
infant7,5511,373.36,5.763219055141929,3.3319725113401715,0.0,11.098035507101967,364.0,384.0,368.5,374.0,377.5
infant7,5512,372.28,6.128021953389568,3.295017884191656,0.0,34.96515986624864,364.0,384.0,368.0,370.0,377.5
infant7,5513,376.84,7.939464845996632,3.499271061118826,0.0,5.385689170230265,366.0,394.0,370.0,376.0,382.0
infant7,5514,380.16,5.156173236905407,3.3441999744913216,0.0,11.688780337278926,372.0,394.0,378.0,378.0,382.0
infant7,5515,375.6,3.232488142567074,2.7847983842311326,0.0,7.06615600625561,368.0,382.0,374.0,376.0,378.0
infant7,5516,374.44,3.5751980107857704,2.9137254363387344,0.0,2.549418503028495,368.0,382.0,372.0,376.0,377.5
infant7,5517,388.52,29.25694754399093,6.55276853781698,0.0,3.803997931433441,368.0,470.0,374.0,377.0,380.0
infant7,5518,396.04,27.418123009931865,7.108488745499845,0.0,5.180709756452221,368.0,470.0,378.0,388.0,404.0
infant7,5519,391.48,7.822625479195275,3.927922024247863,0.0,1.196507414482686,378.0,422.0,388.0,390.0,395.5
infant7,5520,387.48,8.960776205445688,10.257898897723567,2.0408163265306123,4.024693070280739,358.0,414.0,380.0,388.0,392.0
infant7,5521,383.12,7.731831897409301,9.345958419312073,2.0408163265306123,9.912857610940604,358.0,414.0,378.0,383.0,388.0
infant7,5522,381.4,6.679239844320548,2.695423180587601,0.0,8.132613714033857,370.0,394.0,376.0,381.0,388.0
infant7,5523,387.12,10.888376127498423,3.0904725218262765,0.0,7.637505687519949,370.0,406.0,376.0,388.0,396.0
infant7,5524,394.8,8.83407133356589,3.636549160387959,0.0,8.371874973279564,376.0,406.0,388.5,397.0,400.0
infant7,5525,390.24,11.85380331628733,14.095881581193154,2.0408163265306123,7.210502496786014,346.0,424.0,384.0,388.0,400.0
infant7,5526,378.96,17.091542245406956,24.594673390465537,10.204081632653061,2.140125797971536,330.0,424.0,375.0,382.0,388.0
infant7,5527,360.0,21.07711787600913,28.840164736714254,14.285714285714285,1.7342143656048332,298.0,406.0,348.0,357.0,381.0
infant7,5528,343.56,19.80018552788775,32.91547616894781,16.3265306122449,0.06591558911383937,292.0,388.0,338.0,346.0,354.0
infant7,5529,341.44,15.607638109173944,25.602933505394116,10.204081632653061,0.29457166741133967,292.0,374.0,340.0,342.0,346.0
infant7,5530,345.08,4.448526470091196,5.714285714285714,0.0,5.262258565297932,340.0,368.0,342.0,344.0,346.0
infant7,5531,356.44,11.544342195841818,2.5714285714285716,0.0,13.880549971184907,340.0,374.0,346.0,354.0,368.0
infant7,5532,372.56,9.881254154886888,4.0,0.0,1.6576649459191242,354.0,400.0,366.0,370.0,377.5
infant7,5533,378.36,7.4141618486763115,3.779644730092272,0.0,1.0916501109555656,364.0,400.0,374.5,378.0,382.0
infant7,5534,374.16,6.722973103243741,2.2677868380553634,0.0,13.409263293896819,362.0,384.0,367.0,376.0,380.0
infant7,5535,371.64,5.446436768143715,2.1189138534559038,0.0,46.498564383580245,362.0,382.0,366.5,372.0,376.0
infant7,5536,374.52,2.936331183011639,2.8713930346059686,0.0,3.602035293980378,368.0,380.0,372.0,375.0,376.0
infant7,5537,375.24,2.171804478740559,3.232488142567074,0.0,1.8081887823244784,370.0,380.0,374.0,376.0,376.0
infant7,5538,371.72,4.781085181232822,2.770102775666474,0.0,16.25728349273068,362.0,378.0,368.0,374.0,376.0
infant7,5539,374.32,7.164082748869743,2.813959371941744,0.0,6.368744323429614,362.0,386.0,368.0,374.0,380.0
infant7,5540,378.64,3.2183149349322795,2.9692299558323607,0.0,13.115408476350542,372.0,386.0,376.0,378.0,380.0
infant7,5541,378.48,2.233693746936236,2.649605284427344,0.0,2.9448585078488185,374.0,384.0,378.0,378.0,380.0
infant7,5542,378.04,3.7577674657342244,2.424366106925306,0.0,28.544284411967176,368.0,384.0,376.5,378.0,380.0
infant7,5543,373.72,5.555067552262896,1.958758457257441,0.0,26.85665213780821,362.0,382.0,368.5,376.0,378.0
infant7,5544,374.6,8.919137873593124,10.349011586442762,2.0408163265306123,1.031776568140578,340.0,398.0,370.0,376.0,378.0
infant7,5545,386.12,11.178769966288048,10.474458731327633,2.0408163265306123,7.767424888690285,340.0,400.0,378.0,390.0,394.0
infant7,5546,400.96,25.453406812592828,4.923910839889739,0.0,17.29094043469887,374.0,482.0,386.5,394.0,399.5
infant7,5547,412.24,33.07786731520714,6.755194524306794,0.0,122.83919674075173,374.0,490.0,387.0,399.0,429.0
infant7,5548,399.0,28.879058156387302,5.547567953985029,0.0,34.98751354949627,368.0,490.0,380.5,392.0,400.0
infant7,5549,386.64,10.241492238209535,3.917516914514882,0.0,4.344434576570297,368.0,408.0,380.0,388.0,393.5
infant7,5550,380.44,14.676317171357592,3.6811710647786073,0.0,12.14246197637564,356.0,408.0,370.0,381.0,388.0
infant7,5551,363.6,14.037849710329425,4.150239727523986,0.0,48.45348723684066,348.0,406.0,352.0,360.0,372.0
infant7,5552,366.24,17.00247280934903,4.247448213519573,0.0,3.9702529035413847,348.0,406.0,352.0,361.0,377.0
infant7,5553,361.2,20.251480167622113,18.202937641367402,2.0408163265306123,11.281545198158186,300.0,400.0,348.0,358.0,373.5
infant7,5554,355.68,19.968791978014707,25.949715896364662,8.16326530612245,3.261867880393093,300.0,410.0,346.0,354.0,363.0
infant7,5555,370.0,16.005101227612478,18.65694596264515,6.122448979591836,11.073957894149288,304.0,410.0,360.0,374.0,378.0
infant7,5556,380.84,6.929263588401802,2.842821248876057,0.0,18.14717860087511,372.0,396.0,374.5,380.0,386.0
infant7,5557,377.68,11.530686653182348,9.18739153760773,2.0408163265306123,377.6605644459342,358.0,414.0,370.0,377.0,385.5
infant7,5558,383.48,17.027277036135462,14.127697502944132,4.081632653061225,3.3537384719071075,358.0,420.0,368.5,383.0,396.0
infant7,5559,390.88,10.118965825999963,10.663690060869442,2.0408163265306123,0.9179734064137598,360.0,420.0,384.0,390.0,396.0
infant7,5560,379.36,9.692749236161124,12.305631695633158,0.0,10.023121235475898,350.0,396.0,372.5,380.0,385.5
infant7,5561,380.6,17.807359175810614,22.335110092792085,2.0408163265306123,1.5516536959408636,338.0,452.0,372.0,377.0,387.5
infant7,5562,384.52,15.448717006368431,18.883099019266634,2.0408163265306123,9.620144338305296,338.0,452.0,376.0,383.0,386.0
infant7,5563,383.16,8.26193632490197,3.510915922127002,0.0,14.067208305754125,370.0,400.0,376.0,384.0,387.5
infant7,5564,382.2,9.589535112479092,2.9965967090575756,0.0,146.7373440890184,370.0,400.0,374.0,380.0,391.5
infant7,5565,383.88,12.144772958111718,3.232488142567074,0.0,41.166913541209745,370.0,408.0,374.0,380.0,392.0
infant7,5566,386.08,12.168611343979078,3.6922422809485957,0.0,43.85983398721749,370.0,408.0,374.5,382.0,396.0
infant7,5567,380.36,7.925057136213271,2.7255405754769875,0.0,2.147366437348652,372.0,402.0,374.0,378.0,382.0
infant7,5568,377.08,4.61072396812085,2.770102775666474,0.0,36.80342360158773,368.0,384.0,374.0,378.0,380.0
infant7,5569,386.72,24.956321026619158,32.29456263073095,6.122448979591836,10.96399672379794,288.0,470.0,376.5,382.0,402.0
infant7,5570,392.52,23.473163139106372,32.308462276838206,6.122448979591836,1.1467603935309474,288.0,470.0,384.0,390.0,402.0
infant7,5571,389.4,7.785386624822121,3.356382892705923,0.0,16.492251022021954,376.0,402.0,384.0,390.0,396.0
infant7,5572,390.72,8.91465200712643,9.612916480720413,2.0408163265306123,1.527068761923949,362.0,414.0,386.0,390.0,396.0
infant7,5573,391.32,6.94714741047411,9.831228876620145,2.0408163265306123,2.0168445022157706,362.0,414.0,388.0,390.0,395.5
infant7,5574,392.48,6.596969000988256,10.297612166251486,2.0408163265306123,6.108878239412955,366.0,420.0,390.0,392.0,395.5
infant7,5575,387.6,11.904380946285519,17.044958558028174,4.081632653061225,3.8378767221477674,338.0,420.0,382.0,386.0,394.0
infant7,5576,385.44,12.519633560523882,19.464252948858398,4.081632653061225,0.7269195136042209,338.0,422.0,382.0,384.0,391.5
infant7,5577,385.96,12.710208013840766,13.767752917893437,2.0408163265306123,24.534623306685642,344.0,422.0,380.0,389.0,394.0
infant7,5578,384.48,16.49519410529711,4.257046978786097,0.0,10.213745861611882,360.0,422.0,368.0,388.0,397.5
infant7,5579,391.2,15.370260178643163,4.5175395145262565,0.0,0.7226780363783276,360.0,422.0,386.5,394.0,401.5
infant7,5580,388.72,9.050966799187808,3.1943828249996997,0.0,67.23161405890517,372.0,408.0,382.0,385.0,395.5
infant7,5581,378.4,4.199125273342591,2.75532878885513,0.0,20.542590235568948,372.0,386.0,376.0,378.0,382.0
infant7,5582,374.4,2.857142857142857,2.5714285714285716,0.0,18.47786290631938,370.0,380.0,372.0,374.0,376.0
infant7,5583,374.04,3.1684670857481523,2.602981022612657,0.0,20.112009984961208,370.0,382.0,372.0,374.0,376.0
infant7,5584,377.64,5.961646122489653,2.5872528966106905,0.0,38.94026039375925,370.0,390.0,372.0,376.0,382.0
infant7,5585,385.28,12.307356353342632,14.450478418744906,2.0408163265306123,1.3516151092255864,358.0,444.0,378.5,384.0,388.0
infant7,5586,393.8,14.212670403551895,15.740238309530652,2.0408163265306123,2.877297647756713,358.0,444.0,384.5,390.0,400.0
infant7,5587,397.28,11.820148830169058,4.571428571428571,0.0,6.813471787381532,382.0,424.0,388.5,393.0,403.5
infant7,5588,392.88,9.520418443899343,3.875617133214439,0.0,2.9735227389101313,380.0,424.0,386.0,392.0,396.0
infant7,5589,388.08,4.980943275963634,3.404678653660853,0.0,17.617816225745663,380.0,398.0,384.0,388.0,392.0
infant7,5590,387.2,11.88379105319167,18.39254507363552,4.081632653061225,4.4876822559614515,342.0,446.0,382.0,388.0,390.0
infant7,5591,393.36,18.828723173028237,18.663507993200124,4.081632653061225,1.0137699422765785,342.0,446.0,382.0,389.0,396.0
infant7,5592,402.12,14.859395433632596,5.006118705124352,0.0,2.3945903580781653,380.0,434.0,390.5,401.0,413.5
infant7,5593,396.12,11.374227939710448,7.881779556647841,0.0,4.819002760544473,370.0,418.0,388.0,394.0,404.0
infant7,5594,387.64,5.370972625025704,7.634508123364221,0.0,1.1984575708049787,370.0,410.0,384.5,388.0,390.0
infant7,5595,386.6,3.3380918415851206,2.9965967090575756,0.0,4.177501893995099,380.0,392.0,384.0,386.0,389.5
infant7,5596,391.12,7.441307763054138,3.116774889895918,0.0,29.08600711072604,380.0,406.0,384.5,390.0,397.5
infant7,5597,392.84,13.756423360505789,17.783275793823353,4.081632653061225,20.545163845164016,356.0,440.0,382.5,396.0,400.0
infant7,5598,390.52,16.678520954343934,22.681467756559247,6.122448979591836,4.534309580958623,344.0,440.0,378.5,394.0,400.0
infant7,5599,376.76,19.199872448555908,14.265700266079918,2.0408163265306123,17.812556492174508,344.0,414.0,360.0,370.0,396.0
infant7,5600,372.12,22.726088577685697,8.989790127172727,0.0,46.43585069324394,356.0,460.0,358.0,364.0,374.0
infant7,5601,390.0,21.68418966972603,9.432899439553816,0.0,2.0767495024397764,356.0,460.0,374.0,394.0,400.0
infant7,5602,391.08,8.544815828970242,3.801181341614306,0.0,16.038748087815506,378.0,420.0,384.5,390.0,396.0
infant7,5603,384.32,6.025252979700334,9.419909441048306,0.0,2.2300994629004065,356.0,406.0,382.0,384.0,386.0
infant7,5604,381.32,6.293631377699789,9.306569985658475,0.0,0.5313011975811867,356.0,406.0,378.0,382.0,384.0
infant7,5605,384.52,8.357423682705388,3.1815796359028696,0.0,11.213981657817111,372.0,412.0,378.5,384.0,387.5
infant7,5606,395.04,8.752748839358865,3.245090483314442,0.0,5.247745032520907,384.0,412.0,388.0,394.0,402.0
infant7,5607,391.52,9.869019759854988,3.295017884191656,0.0,95.89090098385381,378.0,412.0,382.0,390.0,400.0
infant7,5608,387.28,5.387210856865223,2.770102775666474,0.0,47.27181710571783,378.0,396.0,382.0,388.0,391.5
infant7,5609,394.6,7.174216873994125,2.982944716831586,0.0,3.97651300386421,384.0,418.0,390.0,394.0,396.0
infant7,5610,400.0,7.969328960560773,3.499271061118826,0.0,5.133369482284973,386.0,418.0,394.0,400.0,406.0
infant7,5611,402.28,9.697548606714578,3.843892584878203,0.0,13.916460018943535,384.0,420.0,394.5,404.0,409.5
infant7,5612,402.24,8.821495083612758,3.614031611621005,0.0,8.51701283827841,384.0,420.0,398.0,404.0,408.0
infant7,5613,393.88,9.011647791517783,2.695423180587601,0.0,23.51126774790123,382.0,408.0,386.0,393.0,402.0
infant7,5614,384.12,3.9879410062572083,2.75532878885513,0.0,1.3994582156384716,372.0,394.0,382.5,384.0,386.0
infant7,5615,370.56,13.516671489803446,2.5714285714285716,0.0,97.27943889661994,346.0,388.0,358.5,372.0,384.0
infant7,5616,350.88,9.268423461915612,2.0995626366712954,0.0,222.1846276868339,340.0,372.0,344.0,347.0,357.5
infant7,5617,343.68,4.283046788901373,2.080031396937291,0.0,3.1888836506765013,336.0,354.0,340.0,342.0,346.0
infant7,5618,350.92,8.620904824900922,2.040408122440814,0.0,17.89091820394849,336.0,366.0,342.0,352.0,357.5
infant7,5619,355.64,4.2318520092946805,1.8516401995451028,0.0,1.3996705465535433,348.0,366.0,352.5,355.0,357.5
infant7,5620,349.48,4.656529319796284,1.6903085094570331,0.0,14.666399062357,342.0,356.0,344.5,349.0,354.0
infant7,5621,347.52,3.802469659340372,1.7612611437054218,0.0,13.073868883789292,342.0,356.0,344.0,348.0,349.5
infant7,5622,349.24,3.678730925807132,1.8516401995451028,0.0,35.62961002325319,342.0,356.0,346.0,348.0,352.0
infant7,5623,351.4,6.630172220498453,2.0,0.0,21.65513994211662,344.0,364.0,346.0,348.0,355.5
infant7,5624,370.08,19.29771055470211,3.5456210417116734,0.0,11.91719715474356,344.0,408.0,355.0,366.0,388.0
infant7,5625,384.8,9.15178135888398,3.9692697112713726,0.0,3.0782050641397056,368.0,408.0,378.0,384.0,388.0
infant7,5626,385.2,4.981598792617913,3.232488142567074,0.0,1.4132032191128139,378.0,398.0,382.0,384.0,388.0
infant7,5627,382.84,7.407552681870976,3.1943828249996997,0.0,9.72836850677515,370.0,398.0,376.0,383.0,387.5
infant7,5628,384.88,10.428845397575449,3.907084094622098,0.0,3.361640676780786,370.0,412.0,376.0,384.0,391.5
infant7,5629,395.04,10.030484148080689,4.481253468959463,0.0,5.465364296182873,374.0,418.0,388.0,393.0,403.5
infant7,5630,394.16,8.970154595623631,3.875617133214439,0.0,2.9255691054961686,380.0,418.0,388.0,392.0,398.0
infant7,5631,388.16,5.373251970147489,3.499271061118826,0.0,2.7876534101740944,378.0,400.0,384.0,388.0,392.0
infant7,5632,385.96,3.9277141921873855,3.356382892705923,0.0,4.4292516314559895,378.0,394.0,384.0,386.0,388.0
infant7,5633,386.72,3.4936677411732053,3.05059378629466,0.0,1.138414226419788,378.0,394.0,384.0,386.0,388.0
infant7,5634,386.08,4.139604634577105,3.3926691677251193,0.0,8.081137231645073,378.0,394.0,384.0,386.0,388.0
infant7,5635,383.6,4.746642207381757,3.7579846965616874,0.0,10.438550943892855,374.0,394.0,380.0,383.0,387.5
infant7,5636,385.48,7.415482975174445,3.865071216705338,0.0,5.713507131519419,374.0,408.0,378.5,386.0,390.0
infant7,5637,391.4,8.919137873593122,4.266624149448022,0.0,2.4722425856665726,374.0,412.0,386.0,390.0,397.0
infant7,5638,393.68,6.393363906490567,4.333071682315172,0.0,2.173319110124454,384.0,412.0,388.5,392.0,398.0
infant7,5639,393.84,6.112416269615578,3.843892584878203,0.0,5.012122631193126,382.0,406.0,390.0,394.0,398.0
infant7,5640,386.88,10.397487922668669,2.457807219155036,0.0,188.04905383855984,374.0,406.0,378.0,384.0,397.5
infant7,5641,390.8,14.228456683415695,2.8855728395320224,0.0,24.196047785031432,374.0,414.0,378.0,386.0,405.5
infant7,5642,394.16,12.452948179742295,3.7252585172586565,0.0,67.2586422360269,374.0,414.0,384.5,395.0,405.5
infant7,5643,384.12,7.487785972870099,3.3926691677251193,0.0,42.07375750281368,370.0,400.0,376.5,385.0,390.0
infant7,5644,391.6,11.109841197270617,3.319700011034929,0.0,3.2678883402897543,370.0,412.0,384.5,390.0,401.5
infant7,5645,391.96,10.732289635316713,3.1298431857438063,0.0,26.32764035993107,374.0,412.0,384.0,390.0,401.5
infant7,5646,386.88,9.00938286409434,3.6027200608338545,0.0,5.616434826588,374.0,412.0,380.0,384.0,391.5
infant7,5647,385.84,9.754873193456087,3.5799897388976194,0.0,5.233781885877265,372.0,412.0,378.5,382.0,393.5
infant7,5648,387.32,8.147717847498708,3.245090483314442,0.0,18.286088577149393,372.0,400.0,380.0,388.0,394.0
infant7,5649,388.68,6.001496412035373,3.282607226593159,0.0,6.625830568041332,376.0,400.0,384.0,388.0,393.5
infant7,5650,389.04,8.87316523144305,3.440455593940656,0.0,22.165456468449843,376.0,410.0,382.0,386.0,395.5
infant7,5651,394.88,8.57295224552672,3.4522988495984492,0.0,3.9287662029978154,376.0,410.0,388.0,396.0,402.0
infant7,5652,403.8,9.02830017675712,3.6922422809485957,0.0,19.08195007782096,386.0,420.0,398.0,406.0,411.5
infant7,5653,398.96,15.20601384791087,9.797958971132712,2.0408163265306123,29.12710186051691,350.0,420.0,386.5,405.0,411.5
infant7,5654,381.64,13.147142158612857,9.612916480720413,2.0408163265306123,12.370260610776745,350.0,406.0,370.0,381.0,392.0
infant7,5655,383.8,13.745500191342769,11.721252283866294,2.0408163265306123,3.2731535601976782,364.0,428.0,370.0,386.0,395.5
infant7,5656,387.16,8.926822685889203,11.682884743006213,2.0408163265306123,2.150052223774655,364.0,428.0,382.0,384.0,388.0
infant7,5657,387.28,5.682195608985624,2.8713930346059686,0.0,18.184766859172072,380.0,400.0,384.0,386.0,391.5
infant7,5658,390.48,4.687107806722258,2.7847983842311326,0.0,34.97441516346814,382.0,400.0,386.0,390.0,394.0
infant7,5659,385.04,7.827111438416329,2.9137254363387344,0.0,12.26355355173506,370.0,398.0,378.5,386.0,390.0
infant7,5660,378.96,9.127129329417786,3.1558174334820746,0.0,12.77409534937821,366.0,396.0,372.0,378.0,386.0
infant7,5661,368.88,11.515100999140572,2.5071326821120348,0.0,30.932380302011452,354.0,396.0,360.0,367.0,373.5
infant7,5662,358.64,4.525483399593904,1.737932151513777,0.0,77.69873693113263,352.0,368.0,356.0,357.0,362.0
infant7,5663,357.04,5.514211694543916,2.390457218668787,0.0,20.687620355203357,348.0,368.0,354.0,356.0,362.0
infant7,5664,350.44,13.89928789836489,18.365895634272224,6.122448979591836,5.45386167515377,302.0,372.0,348.0,350.0,360.0
infant7,5665,349.2,16.398108402607708,25.618870595954167,12.244897959183673,0.5644692491148176,302.0,382.0,346.0,348.0,355.5
infant7,5666,348.68,18.63334732819257,29.175052244501426,10.204081632653061,0.2947131882487619,298.0,386.0,340.5,351.0,356.0
infant7,5667,340.88,17.28115642388954,28.069883636148884,4.081632653061225,0.8035173009230198,298.0,386.0,334.0,340.0,350.0
infant7,5668,349.12,18.143014622488643,17.35346815892596,2.0408163265306123,5.797537367553232,312.0,376.0,338.0,344.0,366.0
infant7,5669,363.4,14.39529401561213,10.18602483998622,2.0408163265306123,30.22702926312857,312.0,400.0,356.0,367.0,372.0
infant7,5670,376.52,12.81459626952876,4.080816244881628,0.0,3.372602029010829,354.0,400.0,368.0,380.0,385.5
infant7,5671,380.36,8.067976505788746,3.0904725218262765,0.0,0.4459716078700621,366.0,400.0,376.5,380.0,384.0
infant7,5672,376.72,8.27842043495975,3.8332593899996397,0.0,9.276212131057768,364.0,394.0,370.0,378.0,382.0
infant7,5673,377.68,7.299538705022561,3.907084094622098,0.0,6.923168756244886,364.0,394.0,374.5,378.0,380.0
infant7,5674,375.8,2.498979383505129,2.7255405754769875,0.0,6.834762923790062,370.0,380.0,374.0,376.0,378.0
infant7,5675,370.6,4.337778985911136,2.1570955529345,0.0,45.61323424692894,364.0,378.0,366.0,372.0,374.0
infant7,5676,370.16,4.215423575201827,2.040408122440814,0.0,61.10985261140963,364.0,376.0,366.0,370.0,374.0
infant7,5677,366.92,9.05502453821938,8.52367650867217,0.0,19.26865345012091,336.0,384.0,358.5,369.0,374.0
infant7,5678,367.28,11.540593837513258,8.870956969291441,0.0,3.075601945717166,336.0,390.0,358.0,364.0,376.0
infant7,5679,376.16,9.603060736567487,3.510915922127002,0.0,6.216266933095885,358.0,392.0,370.0,376.0,384.0
infant7,5680,382.44,8.322970427359087,3.077237032648288,0.0,1.3173918058801195,366.0,394.0,378.5,384.0,390.0
infant7,5681,384.44,4.486533137271666,3.356382892705923,0.0,12.862342566099953,376.0,394.0,380.5,384.0,387.5
infant7,5682,380.12,5.0371679766005215,3.356382892705923,0.0,15.455673701050523,370.0,392.0,376.0,380.0,384.0
infant7,5683,379.24,7.112966027915901,2.695423180587601,0.0,15.118425390457718,368.0,394.0,374.0,378.0,384.0
infant7,5684,379.44,6.916882629199548,2.356060357495806,0.0,72.44115035880402,368.0,394.0,374.0,380.0,384.0
infant7,5685,377.12,6.352373813089441,2.6649654437396615,0.0,119.13444488331884,368.0,388.0,370.5,378.0,382.0
infant7,5686,378.96,7.806224622513937,2.5872528966106905,0.0,19.825548593755908,368.0,394.0,374.0,378.0,385.5
infant7,5687,385.88,6.8976186366849,2.2131333406899527,0.0,16.047954080458172,372.0,394.0,380.0,388.0,391.5
infant7,5688,387.28,3.6758450368172326,2.4411439272335804,0.0,1.9189563413788624,380.0,394.0,384.0,388.0,390.0
infant7,5689,381.96,4.030293451613971,2.9137254363387344,0.0,18.46572963075294,374.0,388.0,378.0,382.0,384.0
infant7,5690,381.6,6.477590885002647,2.5872528966106905,0.0,9.914901265792414,374.0,398.0,378.0,378.0,384.0
infant7,5691,385.92,6.651192926606383,2.5555062599997598,0.0,28.171389913481196,376.0,400.0,380.5,386.0,391.5
infant7,5692,383.88,5.212387129889407,3.1687247161169765,0.0,3.3903308516777093,376.0,400.0,380.0,382.0,386.0
infant7,5693,382.16,3.1774717198760785,2.9692299558323607,0.0,13.719141090181118,376.0,390.0,380.0,382.0,384.0
infant7,5694,380.72,11.45539708822787,16.854721375717286,2.0408163265306123,9.26942906210472,328.0,422.0,380.0,383.0,385.5
infant7,5695,366.72,17.48590102608034,22.24905409592204,4.081632653061225,4.181168251735894,318.0,422.0,354.5,365.0,382.0
infant7,5696,358.28,9.116121624319616,14.67192237310602,2.0408163265306123,6.302065303176071,318.0,400.0,356.0,358.0,362.0
infant7,5697,357.56,10.986373749480094,14.405214475377749,0.0,0.3949417111242855,326.0,384.0,356.0,358.0,362.0
infant7,5698,357.56,17.03916257403778,26.03451398369762,4.081632653061225,0.24789252084750074,326.0,400.0,349.0,356.0,369.5
infant7,5699,374.64,21.75725072668129,24.629499485331795,8.16326530612245,2.21238457150546,326.0,424.0,356.5,379.0,386.0
infant7,5700,386.36,15.304741162163321,18.2499650544815,4.081632653061225,2.7590137954560072,354.0,424.0,376.0,385.0,393.5
infant7,5701,386.28,13.241924762985606,12.522632571892073,0.0,0.41306627978034655,354.0,422.0,376.0,390.0,395.5
infant7,5702,392.56,7.845862031695955,2.799416848895061,0.0,13.3546514244942,374.0,404.0,390.0,395.0,398.0
infant7,5703,393.76,8.443231802177772,2.982944716831586,0.0,10.178488453056337,380.0,416.0,388.0,395.0,398.0
infant7,5704,395.04,9.064305414815921,3.0639443699324596,0.0,2.7636860753681076,380.0,416.0,388.0,396.0,400.0
infant7,5705,397.6,4.677344441069971,2.602981022612657,0.0,5.878118807827136,390.0,414.0,394.0,398.0,400.0
infant7,5706,395.84,4.292185590448897,2.6649654437396615,0.0,7.416033609148609,390.0,404.0,392.0,396.0,400.0
infant7,5707,392.24,8.394750546305344,3.4166459266003995,0.0,8.931608172883355,380.0,414.0,386.0,392.0,396.0
infant7,5708,397.36,13.56730764502279,3.6477558099439156,0.0,6.8698357736746845,380.0,420.0,384.5,394.0,411.5
infant7,5709,400.4,14.337050617479287,3.404678653660853,0.0,59.743991706562255,378.0,420.0,386.0,405.0,412.0
infant7,5710,398.0,13.504345483538827,3.475864303027554,0.0,19.546760303919303,378.0,420.0,388.0,398.0,412.0
infant7,5711,398.28,12.040814942926243,15.269016246728443,2.0408163265306123,2.2766897672154176,354.0,440.0,392.5,396.0,401.5
infant7,5712,403.28,19.431764443502168,16.066189622296626,2.0408163265306123,1.8468606511384267,354.0,454.0,394.0,396.0,416.0
infant7,5713,406.92,17.581112314187678,6.054177171547741,0.0,2.001747351979287,380.0,454.0,392.5,407.0,418.0
infant7,5714,397.6,10.044797617855398,2.8284271247461903,0.0,4.632525566864005,380.0,422.0,392.0,396.0,400.0
infant7,5715,386.52,8.209601148680012,2.080031396937291,0.0,16.591197721166054,376.0,400.0,378.0,387.0,394.0
infant7,5716,383.08,6.2100642475890435,6.77329690921697,0.0,17.18497322190682,364.0,400.0,378.0,384.0,388.0
infant7,5717,388.24,5.780191367497962,6.712765785411846,0.0,5.9096588838114945,364.0,400.0,384.5,388.0,391.5
infant7,5718,396.28,14.895609543535619,4.47213595499958,0.0,4.231774582484267,382.0,444.0,388.0,391.0,396.0
infant7,5719,400.24,17.99156264838083,4.932193286180591,0.0,6.187943683947313,376.0,444.0,388.0,394.0,410.0
infant7,5720,394.2,14.417959322331582,3.077237032648288,0.0,45.451975597169245,372.0,430.0,381.0,395.0,400.0
infant7,5721,387.96,7.756393018218018,2.3733211036908783,0.0,14.451079545047417,372.0,402.0,384.0,386.0,395.5
infant7,5722,390.36,8.366014826763855,2.7847983842311326,0.0,4.272650508025741,382.0,422.0,384.0,388.0,394.0
infant7,5723,396.88,10.933266965121279,3.5913728828504383,0.0,3.7814609133026855,382.0,422.0,388.5,394.0,403.5
infant7,5724,397.08,10.843675858418537,9.959100033104786,2.0408163265306123,3.6630825801688585,362.0,420.0,390.0,395.0,404.0
infant7,5725,396.16,9.141428459803986,9.963197585235825,2.0408163265306123,16.686818023273908,362.0,418.0,390.0,396.0,404.0
infant7,5726,399.28,7.663962847679538,3.1943828249996997,0.0,4.197167491920264,384.0,412.0,392.5,402.0,406.0
infant7,5727,405.6,10.796824930109247,3.232488142567074,0.0,4.950061151614047,386.0,422.0,400.0,406.0,415.5
infant7,5728,407.44,10.490345415608369,3.1558174334820746,0.0,46.248617411011296,386.0,422.0,398.5,411.0,416.0
infant7,5729,401.12,6.787262981166282,2.799416848895061,0.0,17.761738202300194,392.0,418.0,396.0,400.0,404.0
infant7,5730,396.92,6.42965070305264,2.6186146828319083,0.0,21.827193568224228,384.0,406.0,394.0,398.0,402.0
infant7,5731,419.08,38.128054912735465,21.552025332166984,6.122448979591836,22.791794744253135,384.0,532.0,396.0,404.0,430.5
infant7,5732,436.56,31.725969533761184,21.944270787797056,6.122448979591836,12.983409718086154,384.0,532.0,418.0,432.0,447.5
infant7,5733,425.44,12.454259168195088,6.363159271805739,0.0,18.630628920774043,402.0,454.0,416.5,423.0,433.5
infant7,5734,408.84,12.649691453847838,4.865538961693257,0.0,68.64878282824222,392.0,440.0,396.5,410.0,418.0
infant7,5735,396.36,5.431427819944338,2.7847983842311326,0.0,19.35752219419949,386.0,410.0,394.0,396.0,400.0
infant7,5736,395.64,7.599033236040555,2.8284271247461903,0.0,8.918482826964713,384.0,408.0,388.0,396.0,404.0
infant7,5737,394.88,8.761325032581007,2.740475156178697,0.0,12.363722669284316,384.0,408.0,386.0,394.0,404.0
infant7,5738,395.0,7.518684209680439,2.5714285714285716,0.0,78.82053964406902,384.0,408.0,388.0,396.0,402.0
infant7,5739,395.36,5.25962674240176,2.6186146828319083,0.0,9.49240484275224,384.0,406.0,392.0,396.0,398.0
infant7,5740,387.56,11.768446224145832,13.130428906372636,2.0408163265306123,43.646198067785335,342.0,418.0,378.0,392.0,396.0
infant7,5741,393.28,15.922055041190312,13.235696939314822,2.0408163265306123,21.125952822772135,342.0,418.0,378.0,400.0,406.0
infant7,5742,398.0,9.561828874675149,3.2576440717118227,0.0,7.60060377696874,380.0,414.0,390.5,399.0,405.5
infant7,5743,396.36,9.507805601027966,3.0371845179241856,0.0,2.443613315909473,380.0,418.0,390.5,396.0,401.5
infant7,5744,401.24,6.387359966914247,2.9277002188455996,0.0,7.538465306632891,392.0,418.0,396.0,400.0,404.0
infant7,5745,400.88,6.313703916312289,3.142857142857143,0.0,1.7018270580748067,388.0,414.0,396.0,400.0,405.5
infant7,5746,397.28,7.727607544858042,2.8284271247461903,0.0,18.501396844493748,386.0,414.0,392.0,396.0,400.0
infant7,5747,388.32,6.66835352808399,2.0,0.0,25.57678574082604,374.0,400.0,382.5,388.0,394.0
infant7,5748,372.84,15.779552772949105,16.85956399077935,4.081632653061225,15.80688161000785,314.0,394.0,366.0,376.0,383.5
infant7,5749,357.64,15.336710660293198,22.302191710727463,6.122448979591836,0.3358743806831946,314.0,386.0,352.0,357.0,370.0
infant7,5750,355.16,15.102858223879753,22.488092087019872,4.081632653061225,0.2586090298460663,312.0,386.0,352.0,352.0,361.5
infant7,5751,358.96,15.45098900473655,22.409910344145803,4.081632653061225,0.3022552871190179,312.0,408.0,354.5,360.0,362.0
infant7,5752,358.2,12.468736413731026,17.607975929292117,2.0408163265306123,0.25153627370444215,322.0,408.0,356.0,358.0,360.0
infant7,5753,353.76,12.451637053260203,19.871012627874375,6.122448979591836,0.016542003217192014,322.0,408.0,350.0,354.0,358.0
infant7,5754,349.0,10.889050857234002,16.972967703176167,6.122448979591836,1.7159191682838497,322.0,408.0,346.0,348.0,350.0
infant7,5755,346.44,8.439847179194851,9.31971796017148,0.0,1.7921555826934328,326.0,380.0,344.0,346.0,348.0
infant7,5756,349.32,10.33014214494137,12.607092270234405,2.0408163265306123,0.8303426452351472,326.0,382.0,344.0,348.0,354.0
infant7,5757,351.56,6.860594369443571,4.47213595499958,0.0,68.31423918090978,342.0,382.0,346.5,352.0,356.0
infant7,5758,365.92,16.898061717129522,3.1558174334820746,0.0,15.066420536645586,342.0,392.0,352.0,360.0,384.0
infant7,5759,381.64,8.404954806905415,3.3441999744913216,0.0,3.6783349901228335,360.0,392.0,374.5,384.0,388.0
infant7,5760,383.44,6.32507158949564,3.3441999744913216,0.0,4.6991220900764645,372.0,394.0,378.5,384.0,388.0
infant7,5761,376.52,9.051417748911279,3.319700011034929,0.0,40.09685280779971,364.0,394.0,368.5,374.0,384.0
infant7,5762,371.84,4.709348063551203,2.6802375770419595,0.0,31.202181780303118,364.0,382.0,368.0,370.0,376.0
infant7,5763,385.32,11.990540489256095,3.3806170189140663,0.0,5.245302374837904,366.0,408.0,376.0,381.0,396.0
infant7,5764,388.24,11.311110665615288,3.7904283318347427,0.0,8.349756927929732,364.0,408.0,382.0,390.0,396.0
infant7,5765,391.6,16.413036132965797,4.030495994190253,0.0,9.161053422560478,364.0,418.0,379.0,390.0,406.0
infant7,5766,397.6,11.59873321724825,3.9692697112713726,0.0,28.29474413567999,368.0,418.0,390.0,396.0,406.0
infant7,5767,389.32,4.705359514773053,2.457807219155036,0.0,131.81740904974444,384.0,400.0,386.0,388.0,392.0
infant7,5768,385.88,2.5042005527040496,1.958758457257441,0.0,4.716481745158412,380.0,390.0,384.0,386.0,388.0
infant7,5769,388.92,4.318162874677714,1.8516401995451028,0.0,7.759232900844639,380.0,396.0,386.0,389.0,392.0
infant7,5770,390.84,2.8597131296116873,2.2314999074019015,0.0,2.9506233393614116,386.0,396.0,388.0,390.0,392.0
infant7,5771,388.36,2.6089328493169193,2.2131333406899527,0.0,0.6598797748365927,382.0,394.0,388.0,388.0,390.0
infant7,5772,387.88,2.9529646120466806,2.0995626366712954,0.0,0.23350820114749238,382.0,394.0,386.0,388.0,390.0
infant7,5773,377.16,13.649190751222774,2.2677868380553634,0.0,210.762892279679,352.0,394.0,364.5,384.0,388.0
infant7,5774,354.8,13.024310080047407,2.3035022137995855,0.0,88.87179203381397,338.0,386.0,344.0,352.0,364.0
infant7,5775,347.72,10.598498160838927,16.37569129246526,2.0408163265306123,7.482625413720466,308.0,400.0,342.5,348.0,352.0
infant7,5776,358.56,17.25695364134678,21.042231588025107,4.081632653061225,15.3900829899779,308.0,400.0,348.0,354.0,364.0
infant7,5777,382.44,22.883163760141855,16.886173549471092,2.0408163265306123,0.723487164638928,324.0,448.0,364.0,388.0,397.5
infant7,5778,398.76,13.867536602748572,16.232997384390618,2.0408163265306123,7.72314786932718,362.0,448.0,388.5,398.0,406.0
infant7,5779,401.12,11.6279747126646,12.394863979133635,2.0408163265306123,1.7987401819638233,362.0,436.0,394.0,404.0,408.0
infant7,5780,398.36,7.501727692161782,3.7032803990902057,0.0,12.741485922610845,386.0,416.0,392.0,396.0,404.0
infant7,5781,396.52,8.31826119977938,3.7032803990902057,0.0,5.601082109556788,382.0,414.0,390.0,395.0,403.5
infant7,5782,396.36,8.895676546755158,3.1298431857438063,0.0,11.714009141648503,382.0,414.0,388.5,396.0,404.0
infant7,5783,387.72,8.889434223634625,2.523360247522242,0.0,4.905078812201846,368.0,404.0,384.0,390.0,393.5
infant7,5784,386.8,13.991250910508906,3.1036515689143473,0.0,28.203859824434137,364.0,412.0,374.5,387.0,397.5
infant7,5785,394.08,13.117739974584657,3.219836477024184,0.0,30.56617483523294,364.0,412.0,388.0,398.0,404.0
infant7,5786,398.04,6.445881456798755,2.9965967090575756,0.0,4.464452056384766,384.0,408.0,392.5,400.0,403.5
infant7,5787,398.68,5.7229933654709475,3.077237032648288,0.0,2.4008879983058105,384.0,408.0,396.5,400.0,402.0
infant7,5788,402.56,6.299206299209449,2.9277002188455996,0.0,6.968027621443287,388.0,416.0,398.0,402.0,407.5
infant7,5789,406.2,4.7680912195081815,3.1687247161169765,0.0,4.708632221902952,396.0,416.0,404.0,406.0,410.0
infant7,5790,406.4,3.7904283318347427,2.982944716831586,0.0,1.312536931622803,400.0,416.0,404.0,406.0,408.0
infant7,5791,405.52,4.454944512813252,2.634155559226539,0.0,2.163226084564061,396.0,416.0,402.0,406.0,408.0
infant7,5792,406.12,8.726314882501745,2.407471363764674,0.0,42.17526136774338,388.0,420.0,400.0,405.0,413.5
infant7,5793,391.8,18.482203243517638,2.1189138534559038,0.0,147.45699373784106,366.0,420.0,376.0,387.0,410.0
infant7,5794,368.6,13.881422029137376,17.943221106408664,2.0408163265306123,4.306293581848956,316.0,388.0,362.0,369.0,378.0
infant7,5795,356.36,14.420450331217193,19.714285714285715,2.0408163265306123,1.244703103943314,316.0,388.0,350.0,358.0,362.0
infant7,5796,346.48,15.730173786291706,23.395446966782025,4.081632653061225,0.3412456808115691,298.0,382.0,342.0,346.0,356.0
infant7,5797,347.88,14.919703449479421,21.95170952387099,4.081632653061225,6.745624750516723,298.0,382.0,342.0,352.0,357.5
infant7,5798,351.4,5.018333734357228,2.1189138534559038,0.0,6.6933471885346565,342.0,364.0,348.0,352.0,354.0
infant7,5799,348.32,8.264603648656585,12.328828005937952,2.0408163265306123,1.0414687579340483,316.0,372.0,346.0,348.0,350.0
infant7,5800,363.56,18.544111777937843,12.476917463370313,2.0408163265306123,185.07079542486895,316.0,386.0,346.5,364.0,382.0
infant7,5801,381.36,5.875441798412321,2.9137254363387344,0.0,4.7747654036425455,362.0,390.0,380.0,383.0,384.0
infant7,5802,386.0,3.6811710647786073,2.813959371941744,0.0,10.33782916808844,378.0,392.0,384.0,386.0,388.0
infant7,5803,390.76,6.04594652538005,2.7255405754769875,0.0,8.58324326115935,384.0,408.0,386.0,388.0,392.0
infant7,5804,395.36,7.639211413516984,3.010186786529354,0.0,29.76822677536725,384.0,408.0,388.5,394.0,402.0
infant7,5805,397.28,5.264590997157038,3.3926691677251193,0.0,11.509905080529046,388.0,408.0,394.0,396.0,400.0
infant7,5806,394.6,3.4345186514775166,2.710523708715754,0.0,7.035423153840276,388.0,406.0,392.0,396.0,396.0
infant7,5807,395.08,3.550452687434982,2.1759351731039738,0.0,2.011194638534451,388.0,400.0,392.0,396.0,398.0
infant7,5808,399.6,2.799416848895061,2.457807219155036,0.0,6.7203133052623425,394.0,406.0,398.0,400.0,402.0
infant7,5809,399.36,2.8979936761385066,2.5872528966106905,0.0,7.749113254497961,394.0,406.0,398.0,399.0,402.0
infant7,5810,397.12,2.3615975222596375,2.4907993963089563,0.0,1.2416636306512097,392.0,402.0,396.0,398.0,398.0
infant7,5811,397.72,2.587568396020023,2.0995626366712954,0.0,8.346802335553184,392.0,402.0,396.0,398.0,400.0
infant7,5812,399.56,5.544476935635672,2.4743582965269675,0.0,2.11274077837023,390.0,416.0,396.0,398.0,400.0
infant7,5813,397.88,11.345483682946268,2.9137254363387344,0.0,7.49722543409674,374.0,416.0,392.0,398.0,406.0
infant7,5814,375.52,23.923551712289967,13.275725891987364,0.0,52.339077801384214,328.0,416.0,358.0,373.0,395.5
infant7,5815,350.72,17.74080963571314,25.867795753462588,4.081632653061225,0.2141757049661,304.0,382.0,342.5,354.0,364.0
infant7,5816,341.96,18.43904464301062,25.87095132477698,6.122448979591836,0.7144060962397549,298.0,382.0,336.5,342.0,349.5
infant7,5817,340.0,14.291427429028342,19.681131542050885,4.081632653061225,0.057625003320584234,298.0,372.0,338.0,340.0,344.0
infant7,5818,348.24,13.544424261349338,16.6353447177253,2.0408163265306123,1.7414391554365662,314.0,380.0,340.0,347.0,357.5
infant7,5819,368.64,17.111590534262,10.21803128128438,0.0,26.962074160031975,320.0,394.0,356.0,366.0,384.0
infant7,5820,395.16,14.61947261674773,3.5456210417116734,0.0,31.44703308204981,362.0,414.0,384.0,394.0,408.0
infant7,5821,403.68,5.97081336543841,3.3073819722257785,0.0,10.264404048769336,394.0,414.0,398.0,404.0,408.0
infant7,5822,401.76,3.9721479307389185,3.67006645104718,0.0,3.4455136192403133,394.0,410.0,398.5,402.0,404.0
infant7,5823,401.84,4.532693032011872,3.938299643454349,0.0,0.39896228231382475,392.0,412.0,398.0,402.0,404.0
infant7,5824,398.32,3.7766198038533267,3.3073819722257785,0.0,0.5202199730023489,392.0,412.0,396.0,398.0,400.0
infant7,5825,396.48,3.715604161602025,3.0237157840738176,0.0,0.8876135282414332,388.0,410.0,394.0,396.0,398.0
infant7,5826,396.2,7.094119438820079,2.9277002188455996,0.0,7.058496495132716,384.0,412.0,390.5,395.0,402.0
infant7,5827,396.76,6.662597397534437,2.2857142857142856,0.0,16.566381855188578,384.0,412.0,392.0,397.0,402.0
infant7,5828,399.8,7.8480466827544975,2.3386722205349857,0.0,9.217842302602854,388.0,418.0,394.0,398.0,404.0
infant7,5829,406.84,8.447581467678262,2.424366106925306,0.0,9.998325349891248,388.0,418.0,401.0,410.0,414.0
infant7,5830,411.08,3.2377871001847,1.8735538640862859,0.0,9.722235064404398,404.0,416.0,410.0,412.0,414.0
infant7,5831,412.84,3.309602602693427,2.2314999074019015,0.0,5.231754613741214,404.0,418.0,412.0,414.0,414.0
infant7,5832,413.04,2.465765601187591,2.2857142857142856,0.0,10.882170355372747,408.0,418.0,412.0,412.0,414.0
infant7,5833,412.08,1.8498758921415592,1.9166296949998198,0.0,1.7843050735500998,408.0,416.0,410.0,412.0,414.0
infant7,5834,404.12,11.636746862891727,2.424366106925306,0.0,21.107065163237607,380.0,416.0,392.5,410.0,412.0
infant7,5835,384.76,13.600060023877145,2.4743582965269675,0.0,39.95385589578037,368.0,416.0,372.0,381.0,392.0
infant7,5836,387.0,18.318051763442618,3.896623341995959,0.0,11.642566031287831,368.0,428.0,372.0,380.0,397.5
infant7,5837,387.48,18.136939417348543,4.060762972443398,0.0,83.26213042940785,366.0,428.0,374.0,380.0,397.5
infant7,5838,366.72,10.06720276087511,2.523360247522242,0.0,64.20236684085383,352.0,384.0,356.5,368.0,374.0
infant7,5839,370.6,15.666160072863146,6.880911187881312,0.0,10.331536705840932,352.0,424.0,356.5,369.0,381.0
infant7,5840,402.6,26.21185274813278,14.334203422412493,2.0408163265306123,1.2825506771728399,362.0,488.0,382.0,402.0,416.0
infant7,5841,412.16,20.011588479413316,12.168879679455346,2.0408163265306123,60.33384718435778,384.0,488.0,400.0,412.0,418.0
infant7,5842,407.68,11.316305735981336,3.440455593940656,0.0,10.946314588574047,384.0,422.0,403.0,412.0,416.0
infant7,5843,406.88,7.909281553584848,3.2576440717118227,0.0,8.319878798079124,394.0,422.0,400.0,407.0,412.0
infant7,5844,399.24,4.078615211173558,3.295017884191656,0.0,4.298946808303847,392.0,410.0,396.0,398.0,402.0
infant7,5845,400.0,3.2576440717118227,2.602981022612657,0.0,1.396171141522787,392.0,404.0,398.0,400.0,402.0
infant7,5846,400.36,3.952576013545741,2.4411439272335804,0.0,1.3917684010645972,386.0,406.0,400.0,401.0,402.0
infant7,5847,398.0,4.677344441069971,2.424366106925306,0.0,4.326637676136999,386.0,406.0,396.0,400.0,400.0
infant7,5848,396.92,4.663536365095852,2.407471363764674,0.0,4.62872565346566,386.0,404.0,394.5,398.0,400.0
infant7,5849,392.16,6.296613926450906,2.5714285714285716,0.0,9.357923259956902,380.0,404.0,388.0,391.0,398.0
infant7,5850,382.12,10.508771846142903,14.702491806021266,4.081632653061225,11.614798853286928,326.0,396.0,378.0,384.0,388.0
infant7,5851,382.32,11.373869084844598,14.710817899264,4.081632653061225,1.2957839364830799,326.0,400.0,378.0,382.0,388.0
infant7,5852,391.24,6.674838528964959,2.6802375770419595,0.0,0.6869001222065976,378.0,404.0,388.0,392.0,396.0
infant7,5853,382.72,13.81959567027183,8.866354656675943,0.0,65.90042017721696,344.0,404.0,370.0,388.0,394.0
infant7,5854,366.68,11.770665717306368,17.08800749063506,4.081632653061225,0.3654361679689182,322.0,402.0,362.0,366.0,370.0
infant7,5855,359.6,11.682884743006214,17.428571428571427,4.081632653061225,0.3352602062141985,322.0,402.0,356.0,360.0,364.0
infant7,5856,369.52,27.720352796883255,32.91795614455269,8.16326530612245,2.1922115643200786,316.0,492.0,354.0,362.0,379.5
infant7,5857,394.72,27.17369676577641,31.429870103038567,8.16326530612245,1.49740258561374,316.0,492.0,380.5,401.0,407.5
infant7,5858,403.52,7.063097545608125,4.499433070863892,0.0,1.201366860287879,392.0,424.0,398.0,404.0,406.0
infant7,5859,400.72,3.9125126328282724,2.842821248876057,0.0,8.427623507432868,392.0,408.0,398.0,400.0,404.0
infant7,5860,397.16,5.144285515928112,1.958758457257441,0.0,32.162394908935404,388.0,406.0,392.0,398.0,401.5
infant7,5861,398.6,8.47806292854731,2.710523708715754,0.0,16.10701345049664,388.0,420.0,392.0,396.0,402.0
infant7,5862,402.92,7.9097975928075215,3.1815796359028696,0.0,4.320355558318607,388.0,420.0,396.5,402.0,408.0
infant7,5863,404.8,10.97678440702774,3.2576440717118227,0.0,6.831860631753543,384.0,420.0,396.0,406.0,414.0
infant7,5864,401.96,12.838017521313446,3.4641016151377544,0.0,39.78206124829348,382.0,420.0,390.5,400.0,414.0
infant7,5865,385.92,12.948626906954658,3.3926691677251193,0.0,11.699473952520064,366.0,414.0,378.0,384.0,394.0
infant7,5866,381.12,9.605780572559592,3.1036515689143473,0.0,9.775391071185474,366.0,404.0,376.0,380.0,386.0
infant7,5867,384.44,6.9551331799628695,2.740475156178697,0.0,5.13304137864041,376.0,404.0,380.0,382.0,386.0
infant7,5868,381.92,4.659158196717602,2.9137254363387344,0.0,3.478675805664431,372.0,392.0,380.0,382.0,384.0
infant7,5869,381.56,4.504691432047171,2.5071326821120348,0.0,1.0884649108369953,372.0,392.0,380.0,382.0,384.0
infant7,5870,382.6,5.178448274397674,2.3386722205349857,0.0,59.08511597039723,376.0,396.0,378.5,382.0,384.0
infant7,5871,388.24,7.522917367237641,2.5872528966106905,0.0,2.2030452505657268,376.0,400.0,380.5,390.0,394.0
infant7,5872,380.68,14.312032899427171,2.3386722205349857,0.0,155.32532325644067,356.0,400.0,366.5,387.0,393.5
infant7,5873,360.48,16.505088887481747,22.142396308568642,6.122448979591836,2.0810778098213873,302.0,386.0,356.0,360.0,371.5
infant7,5874,353.12,17.816112863108508,27.208942107554364,6.122448979591836,0.08250114775037636,302.0,384.0,346.0,356.0,361.5
infant7,5875,349.6,17.49168898858739,23.042108747035375,0.0,0.5851544870467722,308.0,384.0,338.5,348.0,361.5
infant7,5876,342.52,18.39170176676294,26.35085097181447,2.0408163265306123,0.3136851970285014,288.0,382.0,336.0,340.0,350.0
infant7,5877,343.0,18.901463068303705,26.2888196923393,6.122448979591836,0.7080872993065086,288.0,400.0,336.0,340.0,349.5
infant7,5878,354.28,18.124332500024064,24.027195476147018,8.16326530612245,1.3659124907070515,314.0,400.0,344.0,355.0,365.5
infant7,5879,373.0,15.382205462740353,13.985415143451906,2.0408163265306123,4.669109869780052,314.0,392.0,360.0,382.0,384.0
infant7,5880,385.32,3.4430646054860805,3.0639443699324596,0.0,0.21942237967999034,380.0,392.0,382.0,384.0,387.5
infant7,5881,386.0,4.370588154508101,2.813959371941744,0.0,14.486723064096113,378.0,396.0,382.0,386.0,390.0
infant7,5882,387.2,4.314191105868999,2.523360247522242,0.0,15.08456709967112,378.0,396.0,384.0,388.0,390.0
infant7,5883,387.6,3.404678653660853,2.5394841192330255,0.0,0.7161191937439554,380.0,394.0,386.0,388.0,390.0
infant7,5884,381.0,6.800360134521088,2.5714285714285716,0.0,8.84517746009503,366.0,392.0,376.5,380.0,386.0
infant7,5885,381.68,10.343962056214638,3.2071349029490928,0.0,3.563514073261549,364.0,404.0,376.0,380.0,390.0
infant7,5886,383.84,9.440166031054622,3.2071349029490928,0.0,3.2268227742808477,364.0,404.0,376.0,384.0,390.0
infant7,5887,379.68,3.9457546289444725,2.080031396937291,0.0,3.173702963729946,372.0,392.0,378.0,380.0,380.0
infant7,5888,378.68,1.5444436287702374,2.138089935299395,0.0,1.7730816514719556,376.0,382.0,378.0,378.0,380.0
infant7,5889,380.64,5.197173486126662,2.080031396937291,0.0,3.2307041331693442,376.0,394.0,378.0,378.0,380.0
infant7,5890,384.12,4.855630016500728,1.8294640678379568,0.0,9.173613118108959,378.0,394.0,380.0,384.0,386.0
infant7,5891,384.84,2.9162458394172406,1.979486637221574,0.0,1.640659767160851,380.0,392.0,382.0,386.0,386.0
infant7,5892,388.36,6.029722300438732,2.649605284427344,0.0,4.713945101075263,380.0,402.0,384.0,387.0,393.0
infant7,5893,381.32,11.983730467528353,2.6186146828319083,0.0,31.100825452883537,364.0,402.0,370.5,380.0,393.0
infant7,5894,370.4,4.814942727529348,2.080031396937291,0.0,17.715618765813637,360.0,380.0,368.0,372.0,374.0
infant7,5895,361.96,10.617582645051076,6.266203485560374,0.0,95.48526878492382,316.0,376.0,356.0,359.0,372.0
infant7,5896,357.8,15.211435011268359,24.60960489445583,8.16326530612245,0.3032917493116523,310.0,398.0,354.0,356.0,360.0
infant7,5897,355.04,15.650467815919843,22.526175250773743,6.122448979591836,1.4361919405592238,310.0,398.0,344.0,353.0,360.0
infant7,5898,343.84,6.192029109249723,2.634155559226539,0.0,58.01902301772581,334.0,358.0,340.0,342.0,348.0
infant7,5899,338.28,8.926091084053327,12.522632571892073,0.0,0.1088284213072165,296.0,380.0,336.0,338.0,340.0
infant7,5900,336.16,16.039950124610737,24.652689549840527,4.081632653061225,0.24959681622654803,286.0,380.0,334.0,336.0,339.5
infant7,5901,334.76,16.467110076929536,24.723780174610212,6.122448979591836,0.6809332923505098,286.0,370.0,332.0,334.0,336.0
infant7,5902,332.44,19.320244220368796,29.930531814417826,10.204081632653061,0.4962491561239964,270.0,376.0,328.5,332.0,336.0
infant7,5903,329.0,23.67897543288181,40.897083374874406,18.367346938775512,0.07143611644282867,266.0,394.0,326.0,328.0,332.0
infant7,5904,327.28,16.858401890028432,29.86226886960896,10.204081632653061,0.3949680320935764,266.0,394.0,326.0,326.0,328.0
infant7,5905,337.24,12.114353099543044,2.4907993963089563,0.0,24.496146299622197,324.0,370.0,326.0,336.0,344.0
infant7,5906,365.16,19.654526403942306,4.050699108216522,0.0,79.29680488908762,338.0,396.0,344.0,371.0,381.5
infant7,5907,383.24,7.372203724470861,4.544563920167676,0.0,0.7127097099295607,372.0,396.0,378.0,384.0,390.0
infant7,5908,381.76,7.201360415694711,3.5913728828504383,0.0,3.4808330272126082,372.0,396.0,376.0,380.0,388.0
infant7,5909,377.72,10.317490598246163,3.282607226593159,0.0,12.81518262170292,352.0,396.0,374.0,378.0,386.0
infant7,5910,378.76,17.2088728893687,5.5549205986353085,0.0,12.267558705210378,350.0,412.0,364.0,383.0,390.0
infant7,5911,381.16,14.786038643785233,5.80640040940045,0.0,9.370230269886195,350.0,412.0,374.5,382.0,389.5
infant7,5912,380.4,4.060762972443398,3.6811710647786073,0.0,0.823161876593045,372.0,388.0,378.0,380.0,384.0
infant7,5913,382.88,4.52042981521511,2.770102775666474,0.0,1.1930736167838663,372.0,394.0,380.0,384.0,384.0
infant7,5914,376.76,9.730155104999453,2.523360247522242,0.0,13.641862792883813,362.0,394.0,368.0,380.0,384.0
infant7,5915,373.8,8.55474566947421,2.982944716831586,0.0,9.703286492296105,362.0,388.0,366.0,371.0,382.0
infant7,5916,380.24,7.178653162292338,3.843892584878203,0.0,0.9890405827939108,364.0,392.0,378.0,382.0,385.5
infant7,5917,383.76,10.680059619186952,3.875617133214439,0.0,14.633545976878716,368.0,406.0,376.0,381.0,389.5
infant7,5918,388.92,11.308006915816918,3.245090483314442,0.0,2.457657053821432,368.0,408.0,382.0,387.0,398.0
infant7,5919,387.4,7.561988724494883,3.1036515689143473,0.0,15.766442566694229,376.0,408.0,382.0,384.0,389.5
infant7,5920,384.16,4.879611894904958,3.282607226593159,0.0,0.8901630457084444,376.0,396.0,380.0,384.0,388.0
infant7,5921,390.16,8.338159146909087,3.428571428571429,0.0,5.625175444201044,376.0,406.0,382.5,390.0,398.0
infant7,5922,391.88,6.394002291688865,3.0904725218262765,0.0,11.483564765518805,378.0,406.0,386.5,392.0,398.0
infant7,5923,376.68,14.231955994471436,2.6186146828319083,0.0,178.734319177419,350.0,394.0,362.5,384.0,388.0
infant7,5924,353.44,14.188469017523506,2.3035022137995855,0.0,65.04577563534055,336.0,386.0,342.0,350.0,362.0
infant7,5925,338.8,4.607004427599171,2.1570955529345,0.0,87.996488625371,330.0,350.0,336.0,338.0,341.5
infant7,5926,343.96,10.571351351069318,2.5394841192330255,0.0,11.929808442046504,330.0,364.0,336.0,340.0,352.0
infant7,5927,352.2,11.70557167178371,12.262436419357105,2.0408163265306123,20.921035645267125,314.0,388.0,344.0,352.0,361.5
infant7,5928,345.72,17.304051666636706,22.32048569437173,6.122448979591836,0.7287047870323232,288.0,390.0,340.0,343.0,355.5
infant7,5929,337.72,15.55508972415558,24.29411619369293,6.122448979591836,1.5613057202087943,288.0,390.0,336.0,338.0,340.0
infant7,5930,334.88,17.043330133539524,29.594538933625536,8.16326530612245,0.20511216444654626,286.0,378.0,334.0,336.0,338.0
infant7,5931,330.36,20.031363163900796,33.8966014791562,12.244897959183673,0.7483864998885191,266.0,376.0,326.5,330.0,337.5
infant7,5932,326.48,13.616076932083196,22.665266063169998,6.122448979591836,0.4626978449905425,266.0,360.0,324.0,326.0,328.0
infant7,5933,326.16,12.413554145796128,20.168676461386394,6.122448979591836,9.494343508763945,274.0,350.0,324.0,326.0,329.5
infant7,5934,323.84,13.575728642075362,21.4323806138168,6.122448979591836,0.17100826742312086,274.0,350.0,320.0,322.0,328.0
infant7,5935,320.84,12.007412676495859,17.965954196871415,4.081632653061225,0.18683076783063668,276.0,350.0,320.0,322.0,322.0
infant7,5936,325.68,21.405168172424993,32.09297717061272,12.244897959183673,0.27330020913837655,276.0,386.0,320.0,322.0,335.5
infant7,5937,341.44,21.312217440822483,27.64350313014113,8.16326530612245,2.2321841176954305,288.0,386.0,332.0,345.0,357.5
infant7,5938,361.68,11.48102249588513,2.75532878885513,0.0,3.6645621231109513,340.0,382.0,352.5,362.0,371.5
infant7,5939,371.96,7.119848656956072,3.938299643454349,0.0,0.5996241894295695,358.0,394.0,368.0,371.0,374.0
infant7,5940,367.96,8.717704247503397,4.150239727523986,0.0,11.620839087981244,356.0,394.0,362.0,366.0,372.0
infant7,5941,365.72,5.23738523326599,3.875617133214439,0.0,0.5396554093750658,356.0,376.0,362.0,366.0,370.0
infant7,5942,363.88,6.355585684085701,3.9692697112713726,0.0,15.60876205130196,350.0,376.0,360.0,364.0,368.0
infant7,5943,368.72,10.734343130763968,3.3073819722257785,0.0,12.425065364150013,350.0,388.0,360.0,367.0,379.5
infant7,5944,375.48,8.720700215286497,3.3806170189140663,0.0,23.748255619845775,358.0,394.0,368.0,377.0,382.0
infant7,5945,378.56,9.748176176880996,3.428571428571429,0.0,14.88438281172202,358.0,394.0,372.0,383.0,386.0
infant7,5946,371.48,13.49715011491277,2.4743582965269675,0.0,24.583936093361334,352.0,392.0,360.0,371.0,384.0
infant7,5947,368.32,14.333406106443956,3.1558174334820746,0.0,43.97834751941457,352.0,394.0,356.0,362.0,385.5
infant7,5948,378.0,10.864659052475169,3.2071349029490928,0.0,100.19837666330321,352.0,394.0,374.0,378.0,387.5
infant7,5949,375.2,8.201542911089899,2.9137254363387344,0.0,18.399563430952924,356.0,388.0,372.5,376.0,382.0
infant7,5950,381.12,12.854983945726964,3.979539507766891,0.0,6.3753434592487865,356.0,404.0,374.5,382.0,390.0
infant7,5951,383.64,9.113255651600506,3.948649988881501,0.0,6.864326809225971,372.0,404.0,376.0,380.0,390.0
infant7,5952,376.08,2.8844410203711917,2.8855728395320224,0.0,2.0811290951031554,370.0,384.0,374.0,376.0,378.0
infant7,5953,377.56,4.594406537146166,2.6186146828319083,0.0,4.794321909427437,368.0,386.0,374.0,378.0,381.5
infant7,5954,387.52,15.599895342401421,4.571428571428571,0.0,5.369840163557606,368.0,424.0,378.0,382.0,386.0
infant7,5955,390.32,15.520151482534452,4.571428571428571,0.0,26.30104878038353,374.0,424.0,378.0,382.0,402.0
infant7,5956,395.28,28.375787321631254,8.03055389860297,0.0,4.855984368181035,376.0,500.0,380.0,382.0,402.0
infant7,5957,410.48,42.39668835738789,14.876361196508357,2.0408163265306123,24.071983682881296,374.0,506.0,378.0,394.0,434.5
infant7,5958,404.24,35.84237601453546,13.068110429747739,2.0408163265306123,7.940984815723949,374.0,506.0,384.0,392.0,405.5
infant7,5959,387.48,8.464186256196863,4.080816244881628,0.0,28.540792083875655,378.0,410.0,382.0,384.0,391.5
infant7,5960,386.08,5.510065002024079,3.440455593940656,0.0,9.115684016097207,378.0,398.0,382.0,384.0,390.0
infant7,5961,384.76,6.4509451925707,2.982944716831586,0.0,33.990968040742665,374.0,398.0,380.0,382.0,390.0
infant7,5962,371.96,8.939616026087336,2.1189138534559038,0.0,39.90565075249549,356.0,384.0,364.0,374.0,380.0
infant7,5963,357.04,8.535543931354441,1.979486637221574,0.0,16.29731337557476,344.0,374.0,350.5,358.0,363.5
infant7,5964,346.0,5.569596768462265,1.6903085094570331,0.0,22.51863316136483,338.0,358.0,342.0,345.0,350.0
infant7,5965,342.8,3.5225222874108435,1.8070158058105026,0.0,28.309991338556607,338.0,350.0,340.0,342.0,346.0
infant7,5966,342.48,3.535476182458976,1.8735538640862859,0.0,20.429162701266247,338.0,350.0,340.0,342.0,346.0
infant7,5967,339.88,3.485480085809045,2.2131333406899527,0.0,11.251177163972175,332.0,348.0,338.0,340.0,342.0
infant7,5968,333.88,6.607478755940429,4.562491263620375,0.0,25.717128034213683,302.0,344.0,330.0,334.0,338.0
infant7,5969,330.12,5.791055735408895,9.913915184512842,2.0408163265306123,0.35160886164770505,302.0,356.0,328.5,330.0,332.0
infant7,5970,330.52,3.9961205677302503,4.763809143009447,0.0,1.9725116858711167,326.0,356.0,330.0,330.0,330.0
infant7,5971,327.64,3.042287002253672,1.4285714285714286,0.0,85.19369424554147,322.0,332.0,324.5,328.0,330.0
infant7,5972,325.16,2.2529798861390082,1.3997084244475304,0.0,10.718394111370868,320.0,330.0,324.0,325.0,326.0
infant7,5973,336.2,12.893599108052944,2.0603150145508513,0.0,51.2056014307763,320.0,358.0,326.0,331.0,351.5
infant7,5974,353.36,10.48567535999003,2.5714285714285716,0.0,2.31309145264399,332.0,372.0,350.0,354.0,358.0
infant7,5975,362.32,7.3663326793498225,2.602981022612657,0.0,54.06291075156751,350.0,374.0,358.0,362.0,369.5
infant7,5976,373.24,12.603141817557612,3.8861344310672696,0.0,6.236220012058203,358.0,406.0,364.5,370.0,376.0
infant7,5977,382.72,10.456986727952343,3.979539507766891,0.0,3.2350105015038992,368.0,406.0,374.5,381.0,390.0
infant7,5978,382.16,7.977928737383877,3.319700011034929,0.0,1.8372042498049055,370.0,396.0,376.0,381.0,389.5
infant7,5979,380.0,6.2596863714876125,3.1298431857438063,0.0,13.637455292234337,370.0,396.0,376.0,380.0,385.5
infant7,5980,377.96,5.022236269119279,2.9554515522253144,0.0,6.961062401487847,368.0,386.0,374.0,378.0,382.0
infant7,5981,371.04,8.545102428303833,2.9965967090575756,0.0,20.74610056047558,356.0,386.0,363.0,372.0,376.0
infant7,5982,369.12,8.252742277694173,3.534090536243709,0.0,11.765446092616681,356.0,382.0,362.0,370.0,376.0
infant7,5983,383.32,14.254881011536408,5.252793231671496,0.0,2.0350635395813508,360.0,410.0,376.0,379.0,394.0
infant7,5984,384.8,13.011768613412228,4.729412959213385,0.0,5.549824893143729,364.0,410.0,372.0,385.0,394.0
infant7,5985,371.92,6.180416735173135,2.6649654437396615,0.0,4.106665543246994,364.0,390.0,368.0,370.0,374.0
infant7,5986,380.12,17.840151916622325,4.417035666782945,0.0,7.575928476636251,364.0,424.0,366.5,372.0,392.5
infant7,5987,413.0,29.953024446112078,7.521398046336104,0.0,9.3559627060359,364.0,466.0,388.5,413.0,440.5
infant7,5988,414.52,27.481526262460125,7.267484195415374,0.0,23.439206531118014,378.0,466.0,388.5,411.0,440.5
infant7,5989,392.4,12.558434843334805,4.3518703462079475,0.0,2.945029426971543,376.0,418.0,382.0,388.0,403.5
infant7,5990,392.6,10.192033703849695,3.822596617217043,0.0,4.475732589714049,376.0,410.0,384.0,394.0,401.5
infant7,5991,387.96,10.532670262433115,3.219836477024184,0.0,15.378029838404835,372.0,410.0,378.5,387.0,396.0
infant7,5992,384.24,5.850379370221235,2.0603150145508513,0.0,6.144012908044931,372.0,394.0,380.0,386.0,388.0
infant7,5993,386.28,17.407528279923213,4.444671196029727,0.0,33.66612843189986,364.0,436.0,372.5,388.0,390.0
infant7,5994,393.96,19.68938385868623,5.006118705124352,0.0,2.07903309901996,364.0,436.0,372.5,400.0,404.0
infant7,5995,400.92,4.7502524100497725,3.116774889895918,0.0,5.11710390345361,392.0,416.0,398.0,402.0,404.0
infant7,5996,395.92,6.349803146555017,3.319700011034929,0.0,4.940298579734237,384.0,406.0,392.0,396.0,402.0
infant7,5997,385.4,9.278018789216866,2.9965967090575756,0.0,18.507499785572794,374.0,406.0,376.5,384.0,391.5
infant7,5998,397.16,24.790024326782113,5.540205551332948,0.0,5.2351019157705325,374.0,448.0,376.5,382.0,410.0
infant7,5999,402.76,22.19722358075166,6.020373573058708,0.0,4.3100740521933005,372.0,448.0,382.5,402.0,410.0
infant7,6000,390.08,9.475726238927654,3.219836477024184,0.0,62.220528111391566,372.0,410.0,382.0,390.0,398.0
infant7,6001,387.76,5.751876357559598,2.982944716831586,0.0,30.371265133069453,378.0,398.0,384.0,386.0,391.5
infant7,6002,380.6,5.3337584864555625,3.1687247161169765,0.0,25.763426319987698,370.0,390.0,376.5,382.0,385.5
infant7,6003,388.16,12.181216721507196,2.5872528966106905,0.0,13.913216521699665,370.0,406.0,376.5,387.0,399.5
infant7,6004,396.64,10.048372799531641,3.475864303027554,0.0,18.32225900396866,378.0,420.0,390.5,398.0,402.0
infant7,6005,392.28,11.414348292336953,3.636549160387959,0.0,15.255020977164184,378.0,420.0,384.0,390.0,398.0
infant7,6006,391.4,6.9311482689761155,2.457807219155036,0.0,3.2480466903688043,380.0,408.0,388.0,392.0,395.5
infant7,6007,393.64,5.4763312611302695,2.9416086117105715,0.0,2.577125415023953,384.0,406.0,390.0,392.0,396.0
infant7,6008,391.68,6.145979273028001,2.7847983842311326,0.0,9.909061094663057,384.0,406.0,388.0,390.0,394.0
infant7,6009,406.4,28.508502133180396,5.778213833187624,0.0,8.877852345284252,384.0,478.0,388.0,392.0,406.5
infant7,6010,423.28,24.097624575963533,6.945854732081839,0.0,18.624178726378286,392.0,478.0,403.0,416.0,439.5
infant7,6011,401.12,25.61300689979565,12.571428571428571,2.0408163265306123,9.856236742975952,330.0,450.0,382.0,402.0,416.0
infant7,6012,367.76,16.96401954678411,12.054298919845134,2.0408163265306123,2.9316346256062342,330.0,402.0,354.5,365.0,381.5
infant7,6013,348.2,8.59283042389861,2.5555062599997598,0.0,53.50622059570302,336.0,368.0,340.5,346.0,355.5
infant7,6014,342.2,2.835633320182744,2.2131333406899527,0.0,6.346133087194391,336.0,348.0,340.0,342.0,344.0
infant7,6015,343.88,4.560880688316811,2.080031396937291,0.0,10.852099486329697,336.0,354.0,340.0,344.0,346.0
infant7,6016,348.04,13.385889616171445,20.853228595523113,4.081632653061225,4.223301030328578,304.0,392.0,340.0,348.0,355.5
infant7,6017,344.52,14.290342107557132,20.859099712507405,4.081632653061225,4.272683803063747,304.0,392.0,336.0,341.0,355.5
infant7,6018,335.16,7.240363053249274,10.190031142929719,2.0408163265306123,2.9406649348366716,308.0,360.0,334.0,336.0,336.0
infant7,6019,331.48,14.438101520290125,24.21165177414901,14.285714285714285,0.5674587399500364,280.0,360.0,330.0,332.0,334.0
infant7,6020,331.52,15.500151414665309,25.828318582833194,16.3265306122449,0.00742963698822178,280.0,382.0,330.0,332.0,332.0
infant7,6021,339.08,12.270488904651833,15.172477768402004,4.081632653061225,47.14979149689357,304.0,382.0,332.0,334.0,347.5
infant7,6022,360.36,17.960000909049565,3.979539507766891,0.0,4.9273919297856255,332.0,390.0,344.5,357.0,376.0
infant7,6023,371.84,9.466072607594182,4.247448213519573,0.0,23.345923069803796,354.0,390.0,364.0,372.0,380.0
infant7,6024,369.08,8.496914205781305,4.444671196029727,0.0,3.6074987391934727,358.0,404.0,364.0,368.0,372.0
infant7,6025,380.96,17.595175591099757,5.540205551332948,0.0,3.5296747286154346,358.0,426.0,368.0,376.0,391.5
infant7,6026,389.8,12.442520907380956,4.624689730353899,0.0,1.4371649936908677,370.0,426.0,382.5,386.0,396.0
infant7,6027,390.6,5.394630739571202,3.625307868699863,0.0,3.4105842113971945,380.0,402.0,386.0,390.0,395.5
infant7,6028,378.92,16.7293460842964,3.1298431857438063,0.0,16.686339179452094,350.0,402.0,364.0,385.0,393.5
infant7,6029,353.8,13.038404810405298,2.424366106925306,0.0,56.161295878960765,338.0,384.0,344.0,350.0,364.0
infant7,6030,339.0,14.120472906458934,20.843439725530832,4.081632653061225,2.2644014012717806,278.0,370.0,336.0,340.0,346.0
infant7,6031,333.72,15.418038732839756,23.33955213532494,4.081632653061225,0.08204595033939,278.0,370.0,332.0,334.0,336.0
infant7,6032,331.32,15.234815123155736,21.084862545708678,4.081632653061225,0.4887045644187303,276.0,360.0,328.5,332.0,334.0
infant7,6033,327.68,19.717846469322026,31.715572689459798,10.204081632653061,0.6748172985177618,276.0,370.0,321.5,328.0,332.0
infant7,6034,327.52,19.07476161351027,32.73393047102093,10.204081632653061,0.08961747193161337,282.0,372.0,326.0,328.0,330.0
infant7,6035,329.88,14.930642371735152,24.394713378441782,6.122448979591836,0.048728938833823315,282.0,372.0,326.0,328.0,331.5
infant7,6036,352.08,28.759268248759067,17.489355363203305,4.081632653061225,1.8903223670431306,292.0,428.0,328.5,348.0,366.0
infant7,6037,381.16,31.529940419498782,11.153840740538934,2.0408163265306123,28.777423484488484,340.0,448.0,354.0,366.0,405.0
infant7,6038,380.64,28.033332928890935,7.062404053890443,0.0,6.96012633777578,350.0,448.0,364.0,369.0,389.0
infant7,6039,375.72,8.953485240909469,3.368521749300456,0.0,6.670644764716062,364.0,398.0,368.0,375.0,384.0
infant7,6040,372.12,9.244170805299468,2.2857142857142856,0.0,119.66437460859365,360.0,388.0,364.0,370.0,380.0
infant7,6041,388.72,28.26625593335269,3.938299643454349,0.0,8.459748419749658,360.0,438.0,364.5,376.0,414.0
infant7,6042,406.0,19.616735878596426,5.714285714285714,0.0,46.38913677335269,374.0,438.0,388.0,405.0,421.5
infant7,6043,392.52,13.94338406498485,5.038626311013828,0.0,1.2558601828105858,376.0,432.0,382.0,388.0,399.5
infant7,6044,383.8,9.064395473837317,4.0708019567928595,0.0,3.085829223466926,364.0,402.0,378.5,384.0,390.0
infant7,6045,391.92,14.32543050605019,5.237229365663817,0.0,2.4730313275575013,364.0,424.0,384.0,392.0,400.0
infant7,6046,390.64,13.293791707379189,3.854496446637726,0.0,36.74881360254317,376.0,424.0,380.0,384.0,399.5
infant7,6047,388.24,16.599188571267263,3.948649988881501,0.0,5.424693228698832,376.0,434.0,378.0,380.0,385.5
infant7,6048,397.52,22.969580593756195,4.948716593053935,0.0,14.297750880783804,366.0,446.0,378.5,389.0,419.5
infant7,6049,391.0,21.564331850610753,3.7471077281725718,0.0,153.01618344791163,366.0,446.0,372.0,389.0,400.0
infant7,6050,389.44,12.720159157007108,3.67006645104718,0.0,4.762027205401192,366.0,420.0,386.5,392.0,396.0
infant7,6051,396.24,10.266967042164787,3.7904283318347427,0.0,8.065649971232382,380.0,420.0,388.5,394.0,401.5
infant7,6052,401.56,12.95700897710012,4.4077853201547175,0.0,2.533886818667131,380.0,434.0,394.0,398.0,409.5
infant7,6053,399.64,11.18811322569719,4.370588154508101,0.0,3.6583585457409717,386.0,434.0,394.0,396.0,400.0
infant7,6054,388.44,5.051409179019014,3.05059378629466,0.0,8.277267668550227,380.0,396.0,384.0,387.0,394.0
infant7,6055,382.48,4.267771965677221,2.5714285714285716,0.0,2.7353999635763344,368.0,388.0,382.0,384.0,385.5
infant7,6056,386.88,16.6802339336603,26.739865522535172,8.16326530612245,2.1349548952704076,336.0,454.0,382.0,385.0,393.5
infant7,6057,393.84,19.40267181264961,26.893592287428785,8.16326530612245,16.246153757655488,336.0,454.0,382.5,394.0,404.0
infant7,6058,389.12,14.994747379652377,3.67006645104718,0.0,73.81803415601028,370.0,420.0,376.0,388.0,397.5
infant7,6059,392.6,14.825515787565264,3.9692697112713726,0.0,1.0331671558250513,372.0,420.0,382.0,392.0,400.0
infant7,6060,401.72,10.277854139570465,4.370588154508101,0.0,2.5065398388662965,382.0,420.0,396.0,400.0,408.0
infant7,6061,399.28,6.648737796432815,3.7579846965616874,0.0,0.4419922178479882,386.0,416.0,394.0,399.0,404.0
infant7,6062,402.8,9.839528775841465,3.499271061118826,0.0,2.47587039082619,386.0,426.0,394.5,402.0,410.0
infant7,6063,393.84,16.580490133323096,3.1036515689143473,0.0,65.54432660529018,372.0,426.0,378.5,391.0,410.0
infant7,6064,369.04,12.197289762525953,2.5714285714285716,0.0,25.186672497183405,348.0,392.0,358.5,372.0,378.0
infant7,6065,350.96,10.127674753780719,2.3211538298959886,0.0,53.32771599302654,338.0,374.0,342.0,348.0,357.5
infant7,6066,345.28,6.398469204682109,2.5714285714285716,0.0,15.64028560498682,334.0,358.0,342.0,344.0,349.5
infant7,6067,348.16,5.949995712569198,2.4411439272335804,0.0,17.09364762178194,334.0,358.0,346.0,348.0,352.0
infant7,6068,343.28,6.360079578503555,1.7142857142857144,0.0,180.846265858091,330.0,354.0,338.0,344.0,348.0
infant7,6069,332.8,6.074369035848371,1.7612611437054218,0.0,68.24712227943968,324.0,344.0,328.0,332.0,338.0
infant7,6070,330.88,4.221615901088886,1.6413036132965795,0.0,17.00470402922174,324.0,338.0,328.0,331.0,334.0
infant7,6071,331.84,3.3767512463300937,2.5071326821120348,0.0,29.447321503264178,326.0,338.0,328.0,332.0,334.0
infant7,6072,328.4,2.457807219155036,2.457807219155036,0.0,1.0760200451123128,322.0,334.0,328.0,328.0,330.0
infant7,6073,325.6,2.249716535431946,2.0603150145508513,0.0,13.714303594718945,322.0,330.0,324.0,326.0,328.0
infant7,6074,323.84,1.503193878624675,2.040408122440814,0.0,0.8767378408971496,322.0,328.0,322.0,324.0,324.0
infant7,6075,326.96,3.8383669997135237,1.9166296949998198,0.0,6.565013601930416,322.0,334.0,324.0,327.0,330.0
infant7,6076,330.84,2.7727537332597936,2.390457218668787,0.0,1.2904693957089,326.0,340.0,328.5,330.0,332.0
infant7,6077,329.92,3.474924753259605,2.356060357495806,0.0,7.2003393181483135,324.0,340.0,328.0,330.0,332.0
infant7,6078,327.88,2.6313649751893147,2.3211538298959886,0.0,24.609784158115087,324.0,336.0,326.0,328.0,330.0
infant7,6079,328.72,2.878775249785143,2.695423180587601,0.0,2.4421615955956835,324.0,334.0,326.0,328.0,330.0
infant7,6080,328.64,2.981302276741847,2.3386722205349857,0.0,14.429690787552358,324.0,334.0,326.0,328.0,330.0
infant7,6081,327.24,1.8467842984219784,2.080031396937291,0.0,3.2611519786219736,324.0,330.0,326.0,328.0,328.0
infant7,6082,328.12,2.115443698332888,2.9692299558323607,0.0,2.6335770031747474,324.0,332.0,326.0,328.0,330.0
infant7,6083,328.56,5.436685665036021,9.17405391885847,0.0,0.5588664329060701,304.0,354.0,328.0,328.0,330.0
infant7,6084,325.32,6.3324238516333295,8.939707341235438,0.0,6.839504857136617,304.0,354.0,322.0,326.0,328.0
infant7,6085,319.32,9.386138281355901,14.719139282732867,2.0408163265306123,7.142492598084292,272.0,356.0,316.0,318.0,322.0
infant7,6086,314.6,11.947162586888615,20.225262037605248,4.081632653061225,0.1520066364904899,272.0,356.0,312.0,314.0,316.0
infant7,6087,312.12,8.265097503036118,13.97957694025722,2.0408163265306123,2.1273211027580246,272.0,352.0,310.0,312.0,314.0
infant7,6088,312.96,2.3643612417802515,1.5907898179514348,0.0,19.41067114094302,308.0,318.0,312.0,313.0,314.0
infant7,6089,319.44,5.345835686183543,1.616244071283537,0.0,74.75329294460887,312.0,330.0,314.0,319.0,324.0
infant7,6090,328.24,4.688500913546519,1.3401187885209798,0.0,36.49381740189539,320.0,336.0,324.0,330.0,332.0
infant7,6091,328.6,4.7680912195081815,1.5118578920369088,0.0,7.398502995298164,318.0,336.0,324.5,330.0,332.0
infant7,6092,321.68,4.631039906138241,1.9166296949998198,0.0,46.464357052772165,314.0,330.0,318.0,321.0,324.0
infant7,6093,321.16,10.637553808108713,16.106786502234748,2.0408163265306123,6.988366172328882,282.0,368.0,318.0,322.0,324.0
infant7,6094,329.16,12.552518244787152,18.272316520365123,2.0408163265306123,4.068127776458486,282.0,368.0,322.0,331.0,334.0
infant7,6095,333.2,5.51065757771026,8.903106543361647,0.0,1.969069753552604,312.0,362.0,332.0,333.0,334.0
infant7,6096,330.72,6.17777451508095,10.325320571195801,2.0408163265306123,10.329709254571187,302.0,360.0,330.0,330.0,332.0
infant7,6097,328.76,6.126423199917697,10.249937779801199,2.0408163265306123,0.28414088102998775,302.0,360.0,328.0,330.0,330.0
infant7,6098,325.36,18.22955662362301,30.133038346638727,8.16326530612245,6.713321655084644,266.0,378.0,324.0,326.0,330.0
infant7,6099,322.68,17.991426529639853,30.151995906454637,8.16326530612245,0.12833961271388722,266.0,378.0,322.0,322.0,324.0
infant7,6100,322.56,1.66794508792302,2.0995626366712954,0.0,1.5051418168780106,320.0,326.0,322.0,322.0,324.0
infant7,6101,324.2,2.6878411031752543,2.2131333406899527,0.0,1.660829986483896,320.0,330.0,322.0,324.0,326.0
infant7,6102,330.04,6.496341199443871,2.457807219155036,0.0,8.182656556677324,322.0,344.0,326.0,328.0,333.5
infant7,6103,335.56,5.380084211464444,2.424366106925306,0.0,21.893249253292662,322.0,344.0,334.0,336.0,339.5
infant7,6104,335.24,4.018122213478453,2.080031396937291,0.0,17.563764219979028,328.0,342.0,332.0,335.0,338.0
infant7,6105,334.12,4.028672744420009,2.0995626366712954,0.0,10.967687081962241,328.0,342.0,332.0,333.0,338.0
infant7,6106,333.88,4.048884956102742,1.9378085666072196,0.0,92.26537377985954,328.0,340.0,330.0,334.0,338.0
infant7,6107,338.0,6.194138111051085,2.0203050891044216,0.0,16.903842515618035,328.0,348.0,332.0,340.0,342.0
infant7,6108,341.4,3.4345186514775166,2.356060357495806,0.0,4.754276423243921,334.0,348.0,338.0,342.0,344.0
infant7,6109,336.48,4.418144406874904,2.356060357495806,0.0,5.925711654103866,330.0,348.0,332.5,336.0,338.0
infant7,6110,331.12,2.8330412014264095,2.1946130708196026,0.0,5.538433924999921,326.0,338.0,328.5,330.0,332.0
infant7,6111,330.6,2.5951288749407073,1.8735538640862859,0.0,17.442876468411498,326.0,338.0,328.0,330.0,332.0
infant7,6112,336.16,4.621864629460844,1.6413036132965795,0.0,215.35360844558292,328.0,342.0,332.0,336.0,340.0
infant7,6113,336.2,4.80221037542046,2.0,0.0,87.44822720205978,324.0,342.0,332.5,336.0,340.0
infant7,6114,346.2,27.86336926753072,9.493284414763513,0.0,2.3003111778265573,324.0,444.0,332.0,334.0,349.0
infant7,6115,348.44,26.70562120755914,9.398219544799158,0.0,3.263073481445788,326.0,444.0,336.0,338.0,349.0
infant7,6116,341.6,5.451081150953975,1.6659862556700857,0.0,9.053168146975231,334.0,352.0,336.0,339.0,348.0
infant7,6117,346.08,3.474924753259605,1.6903085094570331,0.0,19.33813838517188,338.0,352.0,344.0,348.0,348.0
infant7,6118,342.96,3.9432711997911127,1.3997084244475304,0.0,8.985082378188006,338.0,352.0,340.0,342.0,345.5
infant7,6119,340.48,3.7809403862110327,5.15870573864794,0.0,2.076326467367249,324.0,348.0,340.0,340.0,342.0
infant7,6120,351.8,13.54810025088991,5.664065029028288,0.0,9.967735679000858,324.0,376.0,340.0,347.0,363.0
infant7,6121,363.48,10.300069347894148,3.822596617217043,0.0,1.800924206235512,346.0,386.0,354.5,361.0,372.0
infant7,6122,355.68,11.601266644427325,3.295017884191656,0.0,21.58537292858235,344.0,386.0,348.0,352.0,360.0
infant7,6123,345.08,3.4807927785702697,1.979486637221574,0.0,9.963575351951611,338.0,352.0,344.0,346.0,348.0
infant7,6124,343.96,3.1425973918634464,1.737932151513777,0.0,16.400097509517312,338.0,348.0,342.0,344.0,346.0
infant7,6125,349.48,6.550401140544052,1.8070158058105026,0.0,24.102488616233295,338.0,366.0,346.0,348.0,351.5
infant7,6126,362.88,10.255192811051225,2.1570955529345,0.0,131.5963111923199,346.0,378.0,352.0,367.0,372.0
infant7,6127,371.2,2.710523708715754,2.2857142857142856,0.0,2.789544505811964,366.0,378.0,368.5,372.0,373.5
infant7,6128,368.04,5.778072554838645,2.1570955529345,0.0,60.292398573297675,352.0,376.0,366.5,370.0,372.0
infant7,6129,360.08,8.230952036585526,2.4743582965269675,0.0,598.2627027872065,350.0,376.0,352.0,358.0,368.0
infant7,6130,357.4,6.518419740885619,2.9137254363387344,0.0,8.7725241975559,350.0,376.0,352.0,356.0,361.5
infant7,6131,366.0,11.506874608915581,3.5799897388976194,0.0,5.7674050508758485,352.0,394.0,356.5,364.0,371.5
infant7,6132,363.24,12.52517464948094,2.9692299558323607,0.0,136.91897788855343,350.0,394.0,354.0,358.0,369.5
infant7,6133,355.52,2.7273370431501083,2.2131333406899527,0.0,1.8808947172283332,350.0,360.0,354.0,356.0,358.0
infant7,6134,365.96,12.907773326368028,3.2071349029490928,0.0,26.578603207503782,352.0,396.0,356.0,358.0,375.5
infant7,6135,365.56,13.61445810114215,3.0639443699324596,0.0,30.03506347046927,350.0,396.0,354.0,361.0,375.5
infant7,6136,352.36,4.960085581881812,1.958758457257441,0.0,13.217939988741941,346.0,370.0,350.0,351.0,354.0
infant7,6137,348.52,2.012613287469294,1.979486637221574,0.0,4.195182108725474,344.0,352.0,348.0,348.0,350.0
infant7,6138,359.8,19.75461713015931,5.306907320287631,0.0,3.053013337222121,344.0,416.0,346.0,350.0,369.5
infant7,6139,377.44,19.183496308343923,5.7214241127145105,0.0,2.596120300114698,346.0,416.0,366.0,377.0,393.5
infant7,6140,368.8,18.31693762837098,3.4166459266003995,0.0,39.72066775146955,346.0,406.0,352.0,366.0,382.0
infant7,6141,353.92,10.52856173676623,3.0904725218262765,0.0,16.637392480657798,342.0,376.0,346.0,350.0,361.5
infant7,6142,366.0,15.544537724269079,2.649605284427344,0.0,10.631725304774564,342.0,384.0,346.5,376.0,378.0
infant7,6143,384.28,10.020468847233015,3.3073819722257785,0.0,6.66905233068594,368.0,406.0,376.5,381.0,390.0
infant7,6144,371.88,20.17235934720213,3.142857142857143,0.0,244.2017395704957,348.0,406.0,354.0,366.0,390.0
infant7,6145,362.84,17.733123624150025,6.939975886566354,0.0,8.551883446038715,348.0,426.0,352.0,354.0,365.5
infant7,6146,375.12,15.810923632806812,6.986868148935705,0.0,0.6960744679314828,352.0,426.0,366.5,374.0,384.5
infant7,6147,376.44,9.163280759952425,2.390457218668787,0.0,21.98698247491284,358.0,390.0,372.0,376.0,386.0
infant7,6148,374.68,16.44587908187064,3.232488142567074,0.0,28.739548776366725,354.0,404.0,360.0,372.0,387.5
infant7,6149,378.92,16.76346854177322,3.5456210417116734,0.0,12.020604982058702,354.0,404.0,367.0,376.0,395.5
infant7,6150,384.24,7.893577859790288,2.770102775666474,0.0,10.694973870045027,370.0,400.0,378.0,386.0,388.0
infant7,6151,379.36,7.870793337085026,2.457807219155036,0.0,10.759662878852712,366.0,390.0,372.0,384.0,386.0
infant7,6152,371.4,5.660460787473985,2.2857142857142856,0.0,0.4231849200322269,364.0,388.0,368.0,370.0,374.0
infant7,6153,372.88,6.977046916387289,2.4411439272335804,0.0,9.045492803333804,364.0,388.0,368.0,372.0,376.0
infant7,6154,369.48,8.887597411848832,2.5394841192330255,0.0,12.292159042091477,358.0,388.0,362.0,368.0,375.5
infant7,6155,363.0,7.128557114214085,2.6649654437396615,0.0,6.12079213469891,356.0,390.0,358.5,360.0,364.0
infant7,6156,373.76,14.448444588273443,3.270149469217028,0.0,2.895646409945955,356.0,402.0,360.0,373.0,384.0
infant7,6157,378.4,11.856282240712245,2.982944716831586,0.0,7.051368588487579,360.0,402.0,370.5,378.0,386.0
infant7,6158,370.16,9.212591206316162,2.3035022137995855,0.0,2.501003291140005,358.0,396.0,362.0,370.0,374.0
infant7,6159,361.96,7.7353152515470445,1.9378085666072196,0.0,27.932706062087675,352.0,378.0,356.0,358.0,369.5
infant7,6160,357.32,3.4192731057095407,2.390457218668787,0.0,14.064477193871712,350.0,364.0,354.5,356.0,360.0
infant7,6161,352.56,7.395972428509,2.5872528966106905,0.0,4.052832457987677,340.0,364.0,346.0,353.0,358.0
infant7,6162,345.2,4.65985898008574,2.1759351731039738,0.0,28.37218356182801,338.0,358.0,342.0,344.0,348.0
infant7,6163,346.92,4.503241462931939,1.8952141659173714,0.0,5.310827480132184,338.0,354.0,342.5,348.0,350.0
infant7,6164,348.64,3.8213150850972544,2.0995626366712954,0.0,21.764904097747255,340.0,358.0,346.0,349.0,350.0
infant7,6165,356.28,10.253998722250671,2.3386722205349857,0.0,41.670635284765126,340.0,374.0,346.0,358.0,366.0
infant7,6166,359.72,6.749270557713959,2.3035022137995855,0.0,20.90118522022285,350.0,374.0,354.0,358.0,366.0
infant7,6167,356.32,5.943406568009045,2.1759351731039738,0.0,3.6634412593571057,348.0,370.0,352.0,355.0,360.0
infant7,6168,363.92,10.093117477180343,2.770102775666474,0.0,2.0368269371039505,348.0,386.0,358.0,364.0,369.0
infant7,6169,361.44,11.966210932522987,6.565214453186318,0.0,13.995986693299463,346.0,386.0,352.0,360.0,370.5
infant7,6170,353.8,6.404717648988541,5.94532915619566,0.0,2.2542888425258916,346.0,386.0,350.0,352.0,356.0
infant7,6171,358.16,6.139068599169268,2.138089935299395,0.0,6.361718040598506,348.0,370.0,352.5,358.0,363.5
infant7,6172,354.96,8.419995637208622,2.249716535431946,0.0,119.85029277465019,344.0,370.0,348.0,352.0,363.5
infant7,6173,350.84,4.696329439475219,1.979486637221574,0.0,11.714927398396545,344.0,362.0,348.0,350.0,353.5
infant7,6174,350.76,5.028733763613474,2.1570955529345,0.0,8.42504496780944,342.0,362.0,348.0,350.0,353.5
infant7,6175,343.84,4.423314852654544,2.5714285714285716,0.0,34.27023050901329,336.0,352.0,340.0,343.0,348.0
infant7,6176,345.64,6.083634788915091,2.649605284427344,0.0,38.05779103438144,336.0,356.0,340.0,344.0,352.0
infant7,6177,349.64,2.876789593861,2.407471363764674,0.0,67.83268973557028,342.0,356.0,348.0,350.0,352.0
infant7,6178,352.76,6.361747930772947,2.457807219155036,0.0,5.4347816687649635,346.0,368.0,348.0,350.0,357.0
infant7,6179,358.72,4.9940372609007735,2.4907993963089563,0.0,3.2801801226416445,346.0,368.0,354.0,360.0,362.0
infant7,6180,365.32,6.460049914509885,2.5714285714285716,0.0,16.095990178094393,352.0,380.0,360.5,362.0,372.0
infant7,6181,372.4,4.389226141639204,2.6802375770419595,0.0,0.8120044420630647,362.0,382.0,370.0,372.0,375.5
infant7,6182,375.4,3.2888184094918107,2.424366106925306,0.0,8.956339494578929,368.0,382.0,374.0,376.0,378.0
infant7,6183,375.52,2.5414121094785243,2.249716535431946,0.0,0.07430407868310357,370.0,382.0,374.0,376.0,376.0
infant7,6184,372.88,4.240908643492451,2.249716535431946,0.0,4.361136079844966,364.0,378.0,372.0,374.0,376.0
infant7,6185,375.08,5.982423234367662,2.5555062599997598,0.0,12.63363571130241,364.0,386.0,372.0,376.0,379.5
infant7,6186,373.88,5.888903435570104,2.3733211036908783,0.0,33.78268152160236,364.0,386.0,368.0,372.0,379.5
infant7,6187,369.08,2.2573236817261346,2.1189138534559038,0.0,0.6339201382770758,362.0,372.0,368.0,370.0,370.0
infant7,6188,367.16,3.501369994264345,2.080031396937291,0.0,13.331651487990367,360.0,372.0,364.0,368.0,370.0
infant7,6189,365.08,3.312561127660861,2.138089935299395,0.0,4.859732929972264,360.0,376.0,362.0,364.0,366.0
infant7,6190,383.76,29.853082430667772,8.847921466972585,0.0,3.13815012128288,362.0,478.0,364.0,370.0,387.0
infant7,6191,393.52,26.907430124751183,8.783100656536798,0.0,19.612240943895394,362.0,478.0,374.0,389.0,402.0
infant7,6192,380.64,12.305233663372837,3.404678653660853,0.0,26.19179229421124,362.0,404.0,370.0,379.0,389.5
infant7,6193,380.52,8.11961595553054,3.4641016151377544,0.0,1.1540342420856897,366.0,400.0,374.5,380.0,386.0
infant7,6194,380.64,7.860414903106552,3.116774889895918,0.0,16.925751431710086,366.0,400.0,374.5,380.0,386.0
infant7,6195,374.32,6.861427232979257,2.3733211036908783,0.0,22.659631120442548,364.0,388.0,368.0,372.0,380.0
infant7,6196,373.6,6.55276853781698,2.5714285714285716,0.0,11.128833353157924,364.0,386.0,368.0,372.0,378.0
infant7,6197,380.68,18.086459023258257,4.266624149448022,0.0,9.032054129166355,356.0,416.0,368.0,376.0,387.0
infant7,6198,381.88,18.61932285754424,4.7207747548166585,0.0,32.477440752807766,356.0,416.0,366.0,378.0,398.5
infant7,6199,373.16,8.899346456169619,3.245090483314442,0.0,1.2739050618114192,362.0,406.0,366.5,370.0,378.0
infant7,6200,368.36,7.235851782645093,2.407471363764674,0.0,3.50409167734996,352.0,382.0,364.0,369.0,372.0
infant7,6201,355.92,14.382302049564178,2.249716535431946,0.0,35.00680616194235,338.0,382.0,342.0,352.0,371.0
infant7,6202,342.08,3.702398560668586,1.8294640678379568,0.0,3.0258229081472163,338.0,352.0,340.0,340.0,342.0
infant7,6203,338.32,2.751177855362451,2.080031396937291,0.0,68.62850390721255,332.0,344.0,336.0,338.0,340.0
infant7,6204,337.68,3.291547616894781,2.3035022137995855,0.0,7.236970129081431,332.0,346.0,336.0,338.0,340.0
infant7,6205,336.48,4.473231037892783,2.424366106925306,0.0,11.918741026641415,328.0,346.0,334.0,336.0,340.0
infant7,6206,332.68,2.930765728457674,2.2857142857142856,0.0,5.557194257770732,328.0,340.0,330.5,332.0,334.0
infant7,6207,329.72,2.68054213219061,1.7612611437054218,0.0,25.48539219670541,324.0,334.0,328.0,330.0,332.0
infant7,6208,343.24,17.4397622151923,3.7252585172586565,0.0,6.837245290117138,324.0,376.0,328.0,335.0,355.0
infant7,6209,356.28,8.398347748096597,3.7904283318347427,0.0,7.030538565386956,336.0,376.0,352.0,354.0,358.0
infant7,6210,353.64,2.876789593861,2.1570955529345,0.0,1.7395022536138067,346.0,358.0,352.0,354.0,356.0
infant7,6211,353.44,2.741666408204607,2.1570955529345,0.0,2.3328890173562407,346.0,358.0,352.0,354.0,356.0
infant7,6212,352.48,2.901371948522538,1.979486637221574,0.0,7.821845292153417,348.0,358.0,350.0,352.0,354.0
infant7,6213,356.48,6.318873575670439,1.979486637221574,0.0,15.470444590306048,348.0,368.0,350.5,355.0,364.0
infant7,6214,355.48,7.42648322298142,2.2131333406899527,0.0,203.66440479704295,344.0,368.0,348.5,355.0,364.0
infant7,6215,353.84,5.327479780940189,2.040408122440814,0.0,33.40913941337055,344.0,360.0,348.5,356.0,358.0
infant7,6216,360.2,4.005098791107482,2.5555062599997598,0.0,4.941428361322302,356.0,370.0,358.0,360.0,361.5
infant7,6217,361.8,5.587887775887984,2.6649654437396615,0.0,12.355013866580034,352.0,372.0,356.0,362.0,366.0
infant7,6218,366.08,8.551977930900678,2.982944716831586,0.0,1.9004559477915437,352.0,386.0,360.0,366.0,370.0
infant7,6219,362.56,10.166290837259925,2.740475156178697,0.0,63.0645299728371,350.0,386.0,354.0,360.0,369.5
infant7,6220,357.56,4.83676397132274,1.8952141659173714,0.0,26.60517149693368,350.0,366.0,354.0,356.0,362.0
infant7,6221,356.44,5.349651905517226,2.2314999074019015,0.0,47.427315883347326,350.0,366.0,352.0,354.0,362.0
infant7,6222,353.72,2.250079363679678,1.9378085666072196,0.0,12.362451852425279,350.0,358.0,352.0,354.0,356.0
infant7,6223,356.96,3.0570093428789153,2.1189138534559038,0.0,13.043404440112631,352.0,364.0,354.0,356.0,358.0
infant7,6224,364.6,11.795883059053152,2.710523708715754,0.0,29.710137590647722,352.0,398.0,358.0,360.0,365.5
infant7,6225,374.84,12.898916265187806,3.142857142857143,0.0,23.105530980776617,354.0,400.0,366.0,374.0,385.0
infant7,6226,371.12,11.04469583657463,3.1298431857438063,0.0,22.34396412331136,356.0,400.0,364.0,368.0,375.5
infant7,6227,362.28,3.5687990319731155,2.9692299558323607,0.0,11.80613177500389,356.0,370.0,360.0,362.0,366.0
infant7,6228,362.08,3.9374704404462206,2.857142857142857,0.0,10.758678900446194,356.0,370.0,358.5,362.0,364.0
infant7,6229,366.88,5.601166059356729,2.457807219155036,0.0,9.221254174456645,356.0,376.0,364.0,368.0,370.0
infant7,6230,369.84,2.88104289507555,2.634155559226539,0.0,2.651117880704844,364.0,376.0,368.0,370.0,371.5
infant7,6231,375.08,11.5367027440288,3.05059378629466,0.0,4.0571471667090115,360.0,398.0,368.0,370.0,386.0
infant7,6232,375.72,11.570617255508429,2.7847983842311326,0.0,80.18845284673107,360.0,398.0,366.0,373.0,386.0
infant7,6233,367.2,5.771145679064045,2.2857142857142856,0.0,4.693367720220685,358.0,380.0,362.5,366.0,372.0
infant7,6234,375.44,12.930205105938292,3.0237157840738176,0.0,20.078632498846726,358.0,400.0,364.0,377.0,384.0
infant7,6235,378.08,10.931773573825417,2.5872528966106905,0.0,5.019478142473802,362.0,400.0,368.5,378.0,384.0
infant7,6236,371.88,5.677165144826478,2.3733211036908783,0.0,9.923987385983063,362.0,382.0,368.0,372.0,377.5
infant7,6237,368.64,6.470529738903981,2.695423180587601,0.0,28.992715917969733,360.0,382.0,364.0,368.0,374.0
infant7,6238,363.24,3.0207446034353307,1.958758457257441,0.0,4.712229580580086,358.0,370.0,362.0,362.0,364.0
infant7,6239,363.96,3.392428544357483,1.9378085666072196,0.0,3.984891004563521,358.0,372.0,362.0,364.0,366.0
infant7,6240,365.88,2.6313649751893147,1.8735538640862859,0.0,16.510104192033925,360.0,372.0,364.0,366.0,368.0
infant7,6241,370.8,11.696851137404984,3.1815796359028696,0.0,3.625550068476347,360.0,406.0,366.0,368.0,368.0
infant7,6242,379.6,13.061862229328527,3.4641016151377544,0.0,2.912839683505021,360.0,406.0,366.5,381.0,388.0
infant7,6243,378.08,8.6751815837021,2.424366106925306,0.0,12.282315921927372,364.0,396.0,372.0,376.0,386.0
infant7,6244,375.2,5.785273351804739,2.2677868380553634,0.0,5.900822562261429,364.0,386.0,370.5,375.0,379.5
infant7,6245,373.68,7.118357985389838,2.2857142857142856,0.0,32.64792000259265,362.0,386.0,368.0,374.0,379.5
infant7,6246,373.12,6.859047354570815,2.4743582965269675,0.0,27.575386449754923,362.0,384.0,366.5,374.0,379.5
infant7,6247,373.56,5.746906887666635,2.4907993963089563,0.0,73.94725419996705,366.0,384.0,368.0,372.0,379.5
infant7,6248,372.92,4.3558077579812675,2.2314999074019015,0.0,21.334803231331474,366.0,380.0,370.0,372.0,376.0
infant7,6249,369.0,9.251585633538387,2.7847983842311326,0.0,154.03007025215908,352.0,380.0,360.0,372.0,376.0
infant7,6250,366.6,8.361720358092512,3.2071349029490928,0.0,13.511041888345048,352.0,378.0,358.5,369.0,374.0
infant7,6251,375.0,6.104531605491856,2.710523708715754,0.0,4.359574958986132,354.0,384.0,372.0,376.0,378.0
infant7,6252,377.68,5.273886380177374,2.5714285714285716,0.0,2.3802468667809547,368.0,388.0,374.0,377.0,382.0
infant7,6253,378.72,6.398469204682109,2.3386722205349857,0.0,31.838614150416635,368.0,388.0,374.0,379.0,384.0
infant7,6254,376.36,6.586194590480414,2.2131333406899527,0.0,15.021944363367538,366.0,388.0,370.5,376.0,381.5
infant7,6255,374.32,8.993058547614172,10.758954505007274,2.0408163265306123,4.230320119538152,338.0,396.0,368.0,375.0,379.5
infant7,6256,379.32,9.711007850341167,10.743768958264667,2.0408163265306123,2.0145467766345924,338.0,396.0,376.0,380.0,386.0
infant7,6257,382.88,5.483332816409214,2.710523708715754,0.0,3.2273407627908877,372.0,392.0,378.0,382.0,387.5
infant7,6258,381.88,5.748611189865331,2.857142857142857,0.0,0.5580968968888271,372.0,392.0,376.5,382.0,386.0
infant7,6259,377.36,7.2892428430180445,2.740475156178697,0.0,18.45062548845612,364.0,390.0,372.0,379.0,384.0
infant7,6260,372.76,5.769589523120872,2.6649654437396615,0.0,15.570905122972029,364.0,384.0,368.0,370.0,377.5
infant7,6261,368.96,4.6289241488179735,2.424366106925306,0.0,2.8123173826659533,358.0,378.0,368.0,370.0,371.5
infant7,6262,362.2,6.580738746446298,2.1189138534559038,0.0,37.336839817218625,352.0,374.0,356.0,362.0,369.0
infant7,6263,363.96,12.502995559432295,2.9554515522253144,0.0,2.627757434949179,352.0,390.0,354.0,359.0,365.5
infant7,6264,374.24,12.915044225512306,10.690449676496975,2.0408163265306123,3.765058333180535,346.0,402.0,361.5,378.0,384.0
infant7,6265,380.08,8.842937917932488,10.602271608731128,2.0408163265306123,5.0970424464027,346.0,402.0,374.0,380.0,386.0
infant7,6266,374.56,9.337569495411142,2.740475156178697,0.0,36.76095380086777,364.0,396.0,368.0,371.0,380.0
infant7,6267,370.64,4.939470350851271,2.649605284427344,0.0,2.3486705065600244,364.0,384.0,368.0,370.0,374.0
infant7,6268,377.28,5.753579187722,3.219836477024184,0.0,4.869815271112496,368.0,392.0,374.0,377.0,380.0
infant7,6269,371.24,10.871344095785927,2.740475156178697,0.0,24.424156737909126,354.0,392.0,360.0,374.0,378.0
infant7,6270,359.88,5.05334805160027,1.8952141659173714,0.0,7.751708768005892,354.0,376.0,356.0,358.0,360.0
infant7,6271,362.2,5.573259772323188,2.0203050891044216,0.0,8.806628887942589,354.0,378.0,358.0,361.0,366.0
infant7,6272,367.6,6.220440302022069,2.356060357495806,0.0,3.5195753453102565,358.0,382.0,364.0,366.0,371.5
infant7,6273,370.92,7.7429098574905595,3.0904725218262765,0.0,2.672612296730003,358.0,386.0,366.0,370.0,377.5
infant7,6274,377.84,9.396829686828708,3.0237157840738176,0.0,36.29507558171312,364.0,392.0,370.0,376.0,387.5
infant7,6275,382.92,9.082029800992862,2.8855728395320224,0.0,8.454760353738047,368.0,398.0,374.0,385.0,391.5
infant7,6276,381.68,7.5415583297363895,2.7847983842311326,0.0,5.806021227497606,372.0,398.0,376.0,380.0,388.0
infant7,6277,381.04,6.262815432603546,3.0904725218262765,0.0,2.2534174421866173,370.0,396.0,376.0,380.0,385.5
infant7,6278,381.56,13.181867570760268,4.304719763805532,0.0,7.0141682193376615,362.0,414.0,372.0,380.0,389.5
infant7,6279,390.6,18.658039794672746,4.831867007225075,0.0,18.19522424482622,362.0,416.0,374.5,390.0,407.5
infant7,6280,391.32,16.706884808365682,4.257046978786097,0.0,93.31038927772508,368.0,416.0,374.5,390.0,404.0
infant7,6281,383.56,10.723158231089364,3.1298431857438063,0.0,8.530783791910133,368.0,404.0,374.5,383.0,391.5
infant7,6282,390.48,9.183481177125168,3.0639443699324596,0.0,8.711727986683483,376.0,408.0,384.0,390.0,397.5
infant7,6283,388.0,10.10960343597379,2.7255405754769875,0.0,12.426566931771385,376.0,408.0,380.0,382.0,397.5
infant7,6284,377.96,3.1425973918634464,2.3386722205349857,0.0,7.6655177214363555,370.0,382.0,376.0,378.0,380.0
infant7,6285,375.96,4.150043029036825,2.5394841192330255,0.0,1.623035644132816,370.0,388.0,372.0,376.0,378.0
infant7,6286,381.48,6.842961526194605,2.5714285714285716,0.0,4.890111029844754,370.0,392.0,374.0,384.0,388.0
infant7,6287,384.12,5.648333689628098,2.6802375770419595,0.0,5.192985757361368,372.0,392.0,380.0,386.0,388.0
infant7,6288,381.08,5.802321843495947,2.523360247522242,0.0,6.269287510771629,372.0,392.0,376.0,380.0,386.0
infant7,6289,377.56,5.380084211464444,2.1759351731039738,0.0,76.59704290406663,370.0,388.0,372.5,376.0,381.5
infant7,6290,375.08,3.1869632401202166,2.3733211036908783,0.0,4.251827625886885,370.0,382.0,372.0,374.0,378.0
infant7,6291,374.36,6.203224967708329,7.902466677679618,0.0,6.958760938207173,356.0,398.0,370.5,374.0,378.0
infant7,6292,376.2,6.715805299167519,7.948815853282031,0.0,4.529120173050837,356.0,398.0,372.0,378.0,380.0
infant7,6293,377.64,3.042287002253672,2.2677868380553634,0.0,2.1096632726950397,372.0,384.0,376.0,378.0,380.0
infant7,6294,389.32,23.448110319405707,4.624689730353899,0.0,9.26060916921025,372.0,448.0,376.0,378.0,394.5
infant7,6295,397.04,20.268564178982956,4.857142857142857,0.0,5.799929145855517,374.0,448.0,384.0,390.0,404.0
infant7,6296,386.08,7.896886495735557,2.457807219155036,0.0,14.53395552651533,372.0,404.0,380.0,386.0,390.0
infant7,6297,386.2,7.86882248795452,2.9277002188455996,0.0,9.66146620541868,372.0,400.0,380.0,386.0,393.5
infant7,6298,385.84,7.008333232222734,3.1036515689143473,0.0,13.38243691930706,378.0,400.0,380.0,383.0,392.0
infant7,6299,378.88,12.18336101879468,16.457738084473906,2.0408163265306123,3.64661858491488,324.0,412.0,376.5,380.0,382.0
infant7,6300,380.08,14.977316181479244,19.506147644226612,4.081632653061225,3.4448366443090785,324.0,424.0,374.0,378.0,387.5
infant7,6301,383.16,9.355474224173978,10.842094834863016,2.0408163265306123,2.742996665385054,362.0,424.0,378.0,381.0,388.0
infant7,6302,377.2,8.2015429110899,2.4411439272335804,0.0,15.908814089821336,362.0,394.0,372.0,377.0,382.0
infant7,6303,369.8,5.969309261650337,1.979486637221574,0.0,24.880331125412447,360.0,380.0,364.0,370.0,376.0
infant7,6304,377.08,11.691336405166668,3.270149469217028,0.0,5.457952917882056,360.0,404.0,368.0,376.0,385.5
infant7,6305,379.32,10.01720968113967,8.066053836281773,0.0,18.115790374366043,350.0,404.0,372.0,376.0,387.5
infant7,6306,376.48,6.0684530523832505,7.9642056370093455,0.0,2.3948914696570625,350.0,390.0,374.0,376.0,380.0
infant7,6307,383.88,8.055014916567346,3.232488142567074,0.0,10.488091043478814,374.0,400.0,378.0,380.0,388.0
infant7,6308,389.6,9.415575459019475,3.0371845179241856,0.0,21.347718228512345,376.0,410.0,382.0,388.0,396.0
infant7,6309,390.88,7.184563952229353,3.8119040183218096,0.0,0.7048169767302311,380.0,410.0,386.0,390.0,394.0
infant7,6310,386.04,6.755073678958895,3.4522988495984492,0.0,40.364784839366806,372.0,396.0,382.0,388.0,391.5
infant7,6311,385.48,8.569618856573424,3.232488142567074,0.0,2.32788426049427,372.0,404.0,380.0,384.0,390.0
infant7,6312,389.2,7.05662230584484,3.5685702847990846,0.0,4.481304069136829,378.0,404.0,384.0,389.0,393.5
infant7,6313,386.44,4.853612162133288,3.010186786529354,0.0,9.310370914819947,378.0,396.0,382.5,388.0,390.0
infant7,6314,383.76,3.6731791268544454,2.634155559226539,0.0,1.0237883422237493,378.0,390.0,380.5,384.0,386.0
infant7,6315,381.52,6.20151396920172,8.216459339741945,0.0,5.534297745032814,354.0,398.0,378.0,382.0,386.0
infant7,6316,382.56,6.273234364166151,8.22142546853609,0.0,12.91458200986148,354.0,398.0,378.5,384.0,386.0
infant7,6317,382.76,4.216391725595888,2.5714285714285716,0.0,12.946472234424435,374.0,388.0,380.0,384.0,386.0
infant7,6318,387.04,11.24306589023852,3.0371845179241856,0.0,5.134867667448598,374.0,410.0,380.0,382.0,393.5
infant7,6319,392.32,8.631787480124892,3.2071349029490928,0.0,9.124747299725906,378.0,410.0,388.0,391.0,396.0
infant7,6320,390.76,3.1269728466479316,3.010186786529354,0.0,0.7177021999408238,384.0,396.0,388.0,390.0,392.0
infant7,6321,388.24,8.529803691786123,12.822174669895357,2.0408163265306123,3.77404378784569,354.0,426.0,384.0,388.0,392.0
infant7,6322,391.08,9.882658487244727,12.755151020314123,2.0408163265306123,1.3615788753955096,354.0,426.0,384.0,392.0,398.0
infant7,6323,392.76,6.005303778276979,2.9692299558323607,0.0,10.428030777749788,378.0,402.0,390.0,394.0,398.0
infant7,6324,395.12,7.9709677286144025,3.116774889895918,0.0,5.114178878120054,378.0,408.0,390.0,396.0,402.0
infant7,6325,397.76,5.919735239529084,3.3319725113401715,0.0,7.766103186081255,384.0,408.0,396.0,398.0,402.0
infant7,6326,387.04,9.833221491350594,3.319700011034929,0.0,39.28206653953526,368.0,402.0,378.5,388.0,396.0
infant7,6327,379.72,8.0102994924774,3.1558174334820746,0.0,6.664797952350907,366.0,398.0,374.0,380.0,386.0
infant7,6328,370.12,10.8977436346489,2.5394841192330255,0.0,74.23088802351008,358.0,392.0,360.0,366.0,380.0
infant7,6329,358.36,3.869082051128839,1.8294640678379568,0.0,15.50611092435112,352.0,366.0,356.0,358.0,362.0
infant7,6330,363.2,9.01699076460543,2.7847983842311326,0.0,27.870545742254972,352.0,392.0,356.0,364.0,368.0
infant7,6331,379.8,11.940327825123923,3.534090536243709,0.0,15.13813889311248,364.0,402.0,368.0,380.0,388.0
infant7,6332,385.96,8.670757799427138,8.930571204621591,0.0,1.133088313973885,354.0,402.0,382.0,384.0,389.5
infant7,6333,380.48,7.597636582033459,8.847921466972585,0.0,4.152820506435222,354.0,402.0,376.0,381.0,384.0
infant7,6334,381.12,8.27250178085721,2.5714285714285716,0.0,10.734595103522308,368.0,396.0,374.0,380.0,388.0
infant7,6335,382.52,7.019622642337431,2.390457218668787,0.0,19.873736579219653,370.0,396.0,378.0,382.0,387.5
infant7,6336,377.48,5.187268558889237,2.695423180587601,0.0,7.975865005550981,368.0,388.0,374.0,377.0,380.0
infant7,6337,368.64,7.953333276311363,2.5714285714285716,0.0,3.5304367848586002,354.0,380.0,362.5,371.0,376.0
infant7,6338,372.24,13.854285419674156,3.05059378629466,0.0,10.828462714664848,354.0,400.0,360.0,370.0,384.0
infant7,6339,383.76,10.3461715289339,3.1687247161169765,0.0,2.7220943785156217,356.0,400.0,380.0,384.0,391.5
infant7,6340,383.68,6.198880741632282,3.0371845179241856,0.0,4.994728029063774,374.0,396.0,378.0,383.0,388.0
infant7,6341,386.96,7.287002687200363,3.7579846965616874,0.0,10.484244352295429,374.0,402.0,380.5,388.0,392.0
infant7,6342,391.76,5.751876357559598,3.938299643454349,0.0,0.9720679267331582,378.0,402.0,388.0,392.0,396.0
infant7,6343,392.16,5.596500364203562,3.5913728828504383,0.0,0.40730443384083026,378.0,402.0,390.0,394.0,396.0
infant7,6344,383.72,12.545492726676862,3.245090483314442,0.0,69.78420488039126,360.0,400.0,372.5,389.0,394.0
infant7,6345,373.76,9.175299583609222,3.0237157840738176,0.0,31.866881283564396,360.0,392.0,366.0,373.0,381.5
infant7,6346,369.88,6.8022805299519415,3.1298431857438063,0.0,25.118587966452687,360.0,386.0,366.0,368.0,373.5
infant7,6347,364.88,3.408512752458684,2.634155559226539,0.0,2.2669340696769797,358.0,372.0,362.0,366.0,367.5
infant7,6348,362.36,4.383456841073152,2.2131333406899527,0.0,4.573718412572423,354.0,372.0,360.0,362.0,366.0
infant7,6349,355.44,6.701081240808708,2.0203050891044216,0.0,49.79509714640903,346.0,368.0,350.0,354.0,362.0
infant7,6350,347.96,2.5068070593192973,1.8952141659173714,0.0,17.481496822875563,344.0,354.0,346.0,348.0,350.0
infant7,6351,346.08,1.9778363771287746,1.8952141659173714,0.0,7.24005214667295,342.0,350.0,344.0,346.0,348.0
infant7,6352,353.56,10.039025889812544,2.3386722205349857,0.0,6.149873607767068,342.0,370.0,346.0,350.0,366.0
infant7,6353,362.84,7.05766337004663,2.5872528966106905,0.0,3.49007676783287,346.0,372.0,358.5,366.0,368.0
infant7,6354,370.68,7.544263938075532,3.0904725218262765,0.0,6.235952393851473,358.0,386.0,364.5,370.0,376.0
infant7,6355,380.56,7.080182172221047,3.4522988495984492,0.0,30.118524850923144,370.0,394.0,376.0,380.0,385.5
infant7,6356,381.72,6.259816780261941,3.077237032648288,0.0,12.248745439387955,372.0,394.0,378.0,381.0,384.0
infant7,6357,376.4,6.141195788629908,2.710523708715754,0.0,11.226758252060357,364.0,384.0,372.0,378.0,382.0
infant7,6358,378.44,8.612188799507786,2.8713930346059686,0.0,17.240077425060427,364.0,390.0,370.5,378.0,386.0
infant7,6359,379.0,8.516490606165075,2.8284271247461903,0.0,16.43311720288398,364.0,390.0,372.5,381.0,386.0
infant7,6360,390.08,20.815849534350853,4.898979485566356,0.0,5.797367913920012,364.0,428.0,374.0,384.0,406.0
infant7,6361,389.2,21.721803209997958,5.190257749881415,0.0,19.915440570010595,362.0,428.0,372.0,384.0,406.0
infant7,6362,371.36,6.790629798569827,3.440455593940656,0.0,11.812142081927162,362.0,390.0,366.0,370.0,375.5
infant7,6363,370.24,3.3960361047094008,3.077237032648288,0.0,2.2881176433169754,364.0,378.0,368.0,370.0,372.0
infant7,6364,367.2,6.565214453186318,2.649605284427344,0.0,0.9690890373629722,352.0,376.0,364.5,370.0,372.0
infant7,6365,358.56,10.544676575487399,3.5913728828504383,0.0,27.420283566454444,344.0,390.0,350.0,355.0,368.0
infant7,6366,360.56,12.655820633936282,3.7688302737922625,0.0,2.5492354507914134,344.0,392.0,350.0,357.0,367.5
infant7,6367,357.68,12.462908233339963,2.813959371941744,0.0,91.07298390447818,342.0,392.0,348.0,354.0,366.0
infant7,6368,347.68,2.691179848986655,2.3733211036908783,0.0,2.017722478911934,342.0,354.0,346.0,348.0,349.5
infant7,6369,355.44,10.591024309214257,2.1570955529345,0.0,10.796696913698481,344.0,380.0,346.5,352.0,360.0
infant7,6370,368.16,11.998911515259225,3.3806170189140663,0.0,4.092002083724777,346.0,396.0,360.0,364.0,375.5
infant7,6371,377.12,10.691671372367088,3.896623341995959,0.0,12.48106598094007,358.0,396.0,370.5,376.0,384.0
infant7,6372,379.76,6.268027063223812,3.1687247161169765,0.0,9.572185720780784,370.0,396.0,376.0,380.0,382.0
infant7,6373,385.4,8.223907408356716,2.8996833043120627,0.0,14.487266984530162,370.0,400.0,380.0,387.0,392.0
infant7,6374,387.88,5.677165144826478,3.1298431857438063,0.0,3.5796298876995207,376.0,400.0,384.0,388.0,392.0
infant7,6375,377.96,6.862973711392555,3.077237032648288,0.0,3.288573931923577,364.0,388.0,373.0,378.0,384.0
infant7,6376,371.64,6.523927701397466,3.0371845179241856,0.0,1.9108045988346891,362.0,388.0,366.0,370.0,376.0
infant7,6377,376.0,8.731832451392071,2.9277002188455996,0.0,19.8042080335671,362.0,390.0,368.5,377.0,384.0
infant7,6378,393.44,19.96748377145366,6.65781725584631,0.0,1.4653225677635413,370.0,454.0,384.0,387.0,396.0
infant7,6379,390.96,21.939583089075533,6.785338335450239,0.0,2.5800219383538683,364.0,454.0,376.0,388.0,396.0
infant7,6380,371.16,7.898230233180502,3.475864303027554,0.0,45.37848434615093,362.0,396.0,366.0,368.0,375.5
infant7,6381,364.36,4.565889501375993,2.4907993963089563,0.0,6.508555027368216,354.0,372.0,362.0,366.0,368.0
infant7,6382,356.72,7.894818760763677,2.1570955529345,0.0,34.470305992231076,344.0,372.0,350.0,356.0,362.0
infant7,6383,351.96,4.703277190059142,2.080031396937291,0.0,2.4167567125668104,344.0,366.0,348.0,350.0,354.0
infant7,6384,351.2,6.074369035848371,2.1189138534559038,0.0,21.580265726469204,340.0,366.0,348.0,350.0,355.5
infant7,6385,345.24,6.1264231999176975,1.5649215928719031,0.0,76.88564000201438,338.0,362.0,340.5,342.0,348.0
infant7,6386,340.48,1.740748138483179,1.6413036132965795,0.0,2.6602332094919467,338.0,344.0,340.0,340.0,342.0
infant7,6387,339.48,2.052773136764121,2.0203050891044216,0.0,3.069315751124433,334.0,346.0,338.0,340.0,340.0
infant7,6388,352.08,13.755651899625605,2.5071326821120348,0.0,49.99372832655751,334.0,374.0,338.0,347.0,366.0
infant7,6389,366.16,5.108456374543316,2.9554515522253144,0.0,0.5646276893982753,348.0,374.0,366.0,366.0,368.0
infant7,6390,371.84,5.611067780080104,2.8855728395320224,0.0,10.746596683702741,364.0,382.0,366.0,372.0,376.0
infant7,6391,371.44,7.205893279752599,2.710523708715754,0.0,13.848871054268697,360.0,382.0,364.5,372.0,377.5
infant7,6392,371.32,8.374987054513296,2.982944716831586,0.0,46.07505914803981,360.0,388.0,364.0,371.0,378.0
infant7,6393,378.72,6.321456819953025,2.6649654437396615,0.0,238.2687933571845,362.0,388.0,376.5,380.0,384.0
infant7,6394,379.92,2.7689237576195924,2.1946130708196026,0.0,2.43697478373565,376.0,388.0,378.0,380.0,381.5
infant7,6395,379.24,1.9331691227471168,2.3035022137995855,0.0,4.405186281983665,376.0,384.0,378.0,380.0,380.0
infant7,6396,379.68,3.883192458978744,2.424366106925306,0.0,0.9070930540182288,368.0,386.0,378.0,380.0,382.0
infant7,6397,374.16,8.24957636512819,2.8855728395320224,0.0,73.56019161980943,362.0,386.0,366.0,375.0,382.0
infant7,6398,376.6,10.103545548621097,3.05059378629466,0.0,20.585223908021906,362.0,390.0,366.0,378.0,387.5
infant7,6399,382.28,7.2507283237265066,2.770102775666474,0.0,21.23667791628748,368.0,396.0,378.0,382.0,388.0
infant7,6400,379.88,7.0613636886126425,2.649605284427344,0.0,7.326915348065874,368.0,396.0,374.0,380.0,384.0
infant7,6401,391.28,16.16627883678156,3.614031611621005,0.0,9.19041831925075,374.0,422.0,376.5,385.0,403.0
infant7,6402,395.16,13.10609766171332,3.534090536243709,0.0,9.020043719442121,376.0,422.0,384.0,392.0,403.0
infant7,6403,388.24,3.3719127981558703,2.1759351731039738,0.0,16.107050806626386,382.0,394.0,386.0,388.0,392.0
infant7,6404,389.28,2.5478282068123375,2.523360247522242,0.0,9.600197721488312,384.0,394.0,388.0,388.0,392.0
infant7,6405,389.72,2.64991336015473,2.4411439272335804,0.0,3.3221669718939864,384.0,394.0,388.0,390.0,392.0
infant7,6406,390.0,2.710523708715754,2.1946130708196026,0.0,0.7487213035124353,384.0,394.0,388.0,390.0,392.0
infant7,6407,390.96,3.00312762136478,2.4743582965269675,0.0,3.622647953398395,384.0,396.0,388.5,390.0,394.0
infant7,6408,389.36,6.186753459395884,2.8713930346059686,0.0,3.206302303982897,374.0,402.0,388.0,390.0,394.0
infant7,6409,395.84,11.37731362431934,3.1687247161169765,0.0,19.689654095357028,374.0,416.0,388.0,400.0,404.0
infant7,6410,404.04,4.1891989395470395,2.7255405754769875,0.0,6.345742478124294,398.0,416.0,400.5,404.0,406.0
infant7,6411,400.92,2.8344815600539217,2.6186146828319083,0.0,0.5388890838658248,394.0,408.0,398.5,400.0,402.0
infant7,6412,396.56,3.357355616358487,2.6802375770419595,0.0,10.700155451005676,390.0,402.0,394.0,397.0,400.0
infant7,6413,396.72,3.7418755528559773,2.5872528966106905,0.0,11.861797719399268,390.0,404.0,394.0,396.0,400.0
infant7,6414,399.2,2.424366106925306,2.249716535431946,0.0,1.4132196448361893,394.0,404.0,398.0,400.0,401.5
infant7,6415,398.56,2.251167497553395,2.424366106925306,0.0,0.32400889011863726,394.0,404.0,398.0,398.0,400.0
infant7,6416,397.68,2.1135133724465063,2.6802375770419595,0.0,0.9412542267067362,394.0,404.0,396.0,398.0,398.0
infant7,6417,399.48,3.0455052193053826,2.649605284427344,0.0,3.147460025455483,394.0,406.0,398.0,399.0,402.0
infant7,6418,400.32,2.4364577834660395,2.6802375770419595,0.0,2.44972040056265,396.0,406.0,398.0,400.0,402.0
infant7,6419,397.64,2.7011713256682266,2.2314999074019015,0.0,1.7350593515249055,390.0,402.0,396.0,398.0,400.0
infant7,6420,397.92,2.968130037307555,2.138089935299395,0.0,9.381345809097521,390.0,402.0,396.0,398.0,400.0
infant7,6421,398.28,4.9488815475245085,4.677344441069971,0.0,3.1455890498955723,368.0,402.0,396.0,400.0,400.0
infant7,6422,397.6,6.651683843898752,9.467452300446224,2.0408163265306123,0.15847443050440715,368.0,422.0,396.0,398.0,400.0
infant7,6423,384.32,15.884069801829371,3.6477558099439156,0.0,75.90455607239862,358.0,422.0,370.0,385.0,398.0
infant7,6424,359.52,12.652724156142368,1.8952141659173714,0.0,209.50602297306696,342.0,386.0,348.5,357.0,369.5
infant7,6425,345.96,4.050497575884338,1.7842851423995423,0.0,8.90656198058014,340.0,356.0,342.5,344.0,348.0
infant7,6426,342.92,1.4119027543549527,1.7612611437054218,0.0,1.0913952388699837,340.0,346.0,342.0,342.0,344.0
infant7,6427,341.88,1.4234192808092743,1.6903085094570331,0.0,4.958858909781906,338.0,344.0,342.0,342.0,342.0
infant7,6428,339.68,2.262741699796952,1.8952141659173714,0.0,3.463286464739413,336.0,344.0,338.0,340.0,342.0
infant7,6429,339.8,2.835633320182744,1.8294640678379568,0.0,3.9050369345645226,336.0,346.0,338.0,340.0,342.0
infant7,6430,345.6,5.190257749881415,1.8070158058105026,0.0,7.180686518075393,336.0,356.0,342.0,345.0,350.0
infant7,6431,356.84,8.591310275208198,2.6649654437396615,0.0,2.861551717944733,344.0,374.0,350.0,354.0,364.0
infant7,6432,372.2,9.598044018423328,3.270149469217028,0.0,44.87687337314218,352.0,386.0,364.0,373.0,381.5
infant7,6433,381.04,3.730513998617021,3.232488142567074,0.0,2.2326481749687836,372.0,388.0,378.5,382.0,384.0
infant7,6434,382.36,3.538476554469538,3.010186786529354,0.0,3.5440291203877012,374.0,390.0,380.0,382.0,384.0
infant7,6435,384.2,2.920721185751553,2.75532878885513,0.0,2.242818890885254,378.0,392.0,382.0,384.0,386.0
infant7,6436,384.64,2.981302276741847,2.602981022612657,0.0,1.8838077808702045,376.0,392.0,384.0,386.0,386.0
infant7,6437,384.68,3.3224038506687856,2.407471363764674,0.0,10.148072173263008,376.0,392.0,382.0,386.0,386.0
infant7,6438,385.64,2.7312253361329772,2.4411439272335804,0.0,0.6338531935170825,378.0,392.0,384.0,386.0,388.0
infant7,6439,385.24,1.7090395918557921,2.1946130708196026,0.0,3.1597778607494407,382.0,388.0,384.0,384.0,386.0
infant7,6440,387.4,4.7680912195081815,1.979486637221574,0.0,3.1550929191162935,382.0,400.0,384.0,386.0,390.0
infant7,6441,387.32,4.942279074372428,2.0603150145508513,0.0,7.655175801567472,382.0,400.0,384.0,386.0,390.0
infant7,6442,385.4,3.0572763655760995,2.0995626366712954,0.0,2.960664249933433,382.0,392.0,382.0,385.0,388.0
infant7,6443,388.44,3.775106431801436,2.0603150145508513,0.0,2.454766916563242,382.0,394.0,386.0,388.0,392.0
infant7,6444,386.6,7.059513771774764,2.5394841192330255,0.0,15.870672753766067,366.0,394.0,386.0,388.0,392.0
infant7,6445,373.8,11.030569767140548,2.9554515522253144,0.0,57.95515098664317,360.0,392.0,364.0,370.0,386.0
infant7,6446,382.52,18.338361709926044,3.7904283318347427,0.0,3.4909627502407785,360.0,410.0,364.0,387.0,399.5
infant7,6447,400.6,3.3135467156409146,3.428571428571429,0.0,5.882709697863154,392.0,410.0,398.0,400.0,402.0
infant7,6448,400.0,2.0203050891044216,2.390457218668787,0.0,1.2275085121088138,396.0,404.0,398.0,400.0,402.0
infant7,6449,399.36,2.1923801249429578,2.2677868380553634,0.0,8.114745428458006,396.0,404.0,398.0,400.0,400.0
infant7,6450,396.16,6.4755742003694,2.407471363764674,0.0,15.087604648981333,382.0,404.0,392.5,398.0,400.0
infant7,6451,395.32,5.919321527585638,2.523360247522242,0.0,4.321651394090161,382.0,404.0,392.5,396.0,400.0
infant7,6452,400.52,3.0185819078987866,2.0995626366712954,0.0,21.209246262001237,394.0,406.0,398.0,402.0,402.0
infant7,6453,405.96,5.735531930920814,2.2314999074019015,0.0,9.626754166262439,398.0,420.0,402.0,404.0,410.0
infant7,6454,406.76,5.7412222264132255,2.3733211036908783,0.0,3.5772359225236556,398.0,420.0,402.0,406.0,410.0
infant7,6455,404.8,7.34013290209436,10.333223611442929,2.0408163265306123,3.932518997330991,370.0,422.0,404.0,406.0,408.0
infant7,6456,386.92,20.26441537800301,10.36871274949946,2.0408163265306123,83.6600997967358,360.0,422.0,368.0,385.0,407.5
infant7,6457,365.2,6.439672954048369,2.138089935299395,0.0,16.768899958734558,358.0,386.0,362.0,362.0,367.5
infant7,6458,359.52,3.2716469047542027,2.1570955529345,0.0,3.989642425974054,352.0,366.0,356.5,360.0,362.0
infant7,6459,356.72,4.252442275460356,2.3386722205349857,0.0,15.641354079760251,350.0,372.0,354.0,356.0,360.0
infant7,6460,366.72,11.94381404232128,2.710523708715754,0.0,5.038062841411172,350.0,388.0,354.0,371.0,376.0
infant7,6461,368.8,10.404080832018929,2.7847983842311326,0.0,8.79889308470529,352.0,388.0,358.5,371.0,376.0
infant7,6462,375.04,17.843949411838313,3.5225222874108435,0.0,38.99078699662047,352.0,402.0,358.5,368.0,395.5
infant7,6463,395.16,10.294361444549166,4.323641700120445,0.0,4.857855956851711,360.0,408.0,396.0,398.0,400.0
infant7,6464,400.96,2.8923544536785744,3.6811710647786073,0.0,14.213405936310483,396.0,408.0,398.5,400.0,402.0
infant7,6465,400.92,2.8344815600539217,2.7847983842311326,0.0,2.1327060879659956,396.0,406.0,398.0,400.0,403.5
infant7,6466,399.2,3.2576440717118222,2.7847983842311326,0.0,0.695976436067246,394.0,406.0,396.5,398.0,402.0
infant7,6467,396.2,3.5050983275386556,2.356060357495806,0.0,3.018078611241433,390.0,406.0,394.0,396.0,398.0
infant7,6468,388.6,9.330660453033103,1.979486637221574,0.0,78.84292958940628,370.0,400.0,382.5,392.0,395.5
infant7,6469,390.76,12.127822625378927,3.0639443699324596,0.0,15.620232326782475,370.0,408.0,380.0,394.0,402.0
infant7,6470,400.52,6.4118512720347685,3.356382892705923,0.0,0.7716748209892498,376.0,408.0,400.0,402.0,404.0
infant7,6471,390.48,13.812505425245957,2.842821248876057,0.0,71.40752328622676,364.0,406.0,376.5,397.0,402.0
infant7,6472,371.88,10.469859558927878,8.28078671210825,0.0,63.92727331985695,344.0,398.0,364.0,368.0,377.5
infant7,6473,366.56,5.1908868339089205,8.216459339741945,0.0,0.5149124297947458,344.0,388.0,364.0,366.0,368.0
infant7,6474,374.52,10.840664186294124,3.010186786529354,0.0,5.3975311758861295,364.0,400.0,368.0,370.0,379.5
infant7,6475,391.04,13.359946229880798,3.5685702847990846,0.0,16.231091733593047,366.0,408.0,381.0,396.0,401.5
infant7,6476,396.96,5.674720167514151,3.270149469217028,0.0,1.703009968632404,386.0,408.0,392.0,397.0,402.0
infant7,6477,397.72,6.5404237521083335,3.0371845179241856,0.0,17.630427602348313,386.0,410.0,392.0,397.0,404.0
infant7,6478,401.52,3.649098295106195,2.5071326821120348,0.0,5.251447433417718,392.0,410.0,400.0,402.0,404.0
infant7,6479,399.48,2.168795395925525,2.080031396937291,0.0,0.547810180512105,394.0,404.0,398.0,400.0,400.0
infant7,6480,398.04,2.7550325010120393,2.4907993963089563,0.0,2.4683992274644972,392.0,404.0,396.0,398.0,400.0
infant7,6481,399.52,3.512310711000985,2.3386722205349857,0.0,11.954509657938114,392.0,406.0,398.0,400.0,402.0
infant7,6482,397.08,5.0662549062902675,2.3211538298959886,0.0,14.2498631264363,388.0,406.0,392.5,396.0,402.0
infant7,6483,398.96,7.29819659021239,2.813959371941744,0.0,8.16569881748927,388.0,412.0,392.0,396.0,406.0
infant7,6484,403.84,3.93498178301413,2.7255405754769875,0.0,7.367748350325315,392.0,412.0,402.0,404.0,406.0
infant7,6485,401.84,2.2072237618089106,2.0,0.0,3.4567065945651128,396.0,408.0,400.0,402.0,404.0
infant7,6486,399.68,2.3685007744071664,1.979486637221574,0.0,1.7004842836630356,396.0,404.0,398.0,400.0,401.5
infant7,6487,398.6,2.030381486221699,2.4411439272335804,0.0,3.364322701658272,394.0,404.0,398.0,398.0,400.0
infant7,6488,398.16,2.384987057681052,2.7847983842311326,0.0,3.6028852436590015,392.0,404.0,396.0,398.0,400.0
infant7,6489,393.48,4.794724992645777,2.5555062599997598,0.0,20.55177993692029,386.0,400.0,388.5,394.0,398.0
infant7,6490,387.6,5.952190473142759,2.3386722205349857,0.0,2.7168949013057433,376.0,404.0,384.5,388.0,390.0
infant7,6491,392.68,9.32505950082237,2.710523708715754,0.0,13.5087373729082,376.0,408.0,384.5,394.0,401.5
infant7,6492,403.84,5.418637527373576,2.9692299558323607,0.0,12.270143455176427,392.0,412.0,400.5,406.0,408.0
infant7,6493,409.24,4.460987352959578,3.1815796359028696,0.0,17.871583669991384,396.0,418.0,406.0,409.0,412.0
infant7,6494,392.96,19.231097265648064,2.9965967090575756,0.0,839.122500965324,364.0,418.0,374.0,394.0,412.0
infant7,6495,367.28,11.66722253291901,8.518886580500327,2.0408163265306123,85.77683084943655,330.0,392.0,360.0,364.0,374.0
infant7,6496,355.16,7.27410840318073,9.240549502169273,2.0408163265306123,0.5787361877101742,330.0,382.0,350.5,355.0,360.0
infant7,6497,350.72,3.0172294359872196,1.6413036132965795,0.0,13.579857019687957,346.0,358.0,348.0,350.0,353.5
infant7,6498,368.16,19.07595986832535,2.7255405754769875,0.0,27.109275798304193,346.0,394.0,350.0,361.0,388.0
infant7,6499,392.4,9.107072828862416,3.295017884191656,0.0,8.777731269875002,364.0,406.0,388.5,393.0,398.0
infant7,6500,393.96,8.698956071546393,3.7471077281725718,0.0,3.9841965247213817,376.0,408.0,388.0,396.0,401.5
infant7,6501,400.28,13.660669000858649,3.5225222874108435,0.0,9.948754439547555,376.0,420.0,388.0,404.0,412.0
infant7,6502,404.2,9.07339686182881,3.319700011034929,0.0,6.185204526612202,386.0,420.0,398.0,404.0,412.0
infant7,6503,395.88,4.872412971338257,3.3073819722257785,0.0,0.3944488305231144,386.0,406.0,392.0,396.0,400.0
infant7,6504,396.76,3.766446926345783,2.634155559226539,0.0,2.180389499439583,388.0,404.0,394.5,398.0,400.0
infant7,6505,401.2,4.814942727529348,2.9416086117105715,0.0,19.376838171637004,394.0,412.0,398.0,400.0,404.0
infant7,6506,404.56,4.730103334074258,3.3073819722257785,0.0,2.8436108023248363,394.0,416.0,402.0,404.0,408.0
infant7,6507,396.96,10.223941490043687,2.9277002188455996,0.0,42.37492608595536,380.0,416.0,386.0,400.0,405.5
infant7,6508,384.64,10.07271521669975,2.6186146828319083,0.0,1.8519545290014485,360.0,402.0,380.0,386.0,392.0
infant7,6509,371.24,12.802359476411576,2.602981022612657,0.0,45.96127881436065,356.0,396.0,360.5,367.0,383.5
infant7,6510,374.16,15.00389065189018,2.5555062599997598,0.0,23.92835037989219,356.0,400.0,362.0,368.0,388.0
infant7,6511,391.28,9.041943081764979,2.523360247522242,0.0,32.46295998277088,368.0,400.0,389.0,396.0,396.0
infant7,6512,397.48,2.793870842704488,2.1946130708196026,0.0,1.3436417799094607,394.0,406.0,396.0,396.0,399.5
infant7,6513,399.44,2.52465394678566,2.2131333406899527,0.0,1.6986854954209112,394.0,406.0,398.0,400.0,400.0
infant7,6514,399.08,5.4542250988175605,3.404678653660853,0.0,2.4790673910294063,384.0,414.0,396.0,400.0,402.0
infant7,6515,393.12,10.436670045213324,3.4166459266003995,0.0,50.29584778470372,374.0,414.0,384.5,394.0,401.5
infant7,6516,393.68,9.487779465379317,2.249716535431946,0.0,7.323650484129552,374.0,404.0,386.5,398.0,400.0
infant7,6517,400.04,2.372977119182414,2.3035022137995855,0.0,1.174906990675983,396.0,406.0,398.0,400.0,402.0
infant7,6518,400.48,5.230366592685216,2.634155559226539,0.0,1.714742778147934,388.0,408.0,398.0,402.0,404.0
infant7,6519,401.2,6.700593942604899,2.695423180587601,0.0,2.9661169835295995,388.0,414.0,396.0,404.0,406.0
infant7,6520,401.96,6.407775888460417,2.7255405754769875,0.0,5.774791101809287,388.0,414.0,396.0,404.0,406.0
infant7,6521,392.48,10.579610733165287,2.5872528966106905,0.0,31.58598127388355,380.0,412.0,384.0,387.0,403.5
infant7,6522,385.0,5.886685079439005,2.2857142857142856,0.0,1.312884060112368,376.0,400.0,380.5,384.0,386.0
infant7,6523,395.4,10.287698221365046,2.3386722205349857,0.0,34.830660772444325,376.0,410.0,385.0,400.0,404.0
infant7,6524,404.92,5.528552971545418,3.0371845179241856,0.0,1.6951596095267194,394.0,420.0,402.0,404.0,408.0
infant7,6525,404.2,6.050805309870678,3.3319725113401715,0.0,2.0979612532763268,394.0,420.0,400.0,402.0,408.0
infant7,6526,405.0,4.261838254336085,2.695423180587601,0.0,6.212293983553265,398.0,414.0,402.0,404.0,408.0
infant7,6527,407.4,2.5951288749407073,2.5872528966106905,0.0,1.3091062059231908,402.0,414.0,406.0,408.0,410.0
infant7,6528,401.52,6.253945693295863,2.390457218668787,0.0,23.603294203889437,392.0,410.0,396.0,403.0,408.0
infant7,6529,397.84,3.3524891757423156,2.2677868380553634,0.0,6.129344813239371,392.0,404.0,396.0,398.0,400.0
infant7,6530,400.32,3.1651159826574236,2.5555062599997598,0.0,5.172868273700564,396.0,408.0,398.0,400.0,402.0
infant7,6531,402.44,3.289811110513359,2.5872528966106905,0.0,4.170852920169317,396.0,408.0,400.0,404.0,404.0
infant7,6532,403.52,2.3753839646658887,2.7847983842311326,0.0,1.5920014479712168,396.0,408.0,402.0,404.0,404.0
infant7,6533,397.36,7.912170939735303,3.0639443699324596,0.0,12.021294025325837,372.0,408.0,394.5,400.0,403.5
infant7,6534,377.32,16.36626694996605,2.5714285714285716,0.0,26.251434634452675,354.0,400.0,362.0,374.0,394.0
infant7,6535,359.08,6.353016317193794,1.7842851423995423,0.0,14.489409473753824,352.0,374.0,354.5,356.0,361.5
infant7,6536,353.76,2.6073678963542477,1.7142857142857144,0.0,3.507452883053296,348.0,358.0,352.0,354.0,356.0
infant7,6537,349.48,3.99612056773025,1.7842851423995423,0.0,5.996739677325467,342.0,356.0,348.0,350.0,352.0
infant7,6538,345.44,2.9976861825380574,1.8294640678379568,0.0,18.122594164956734,340.0,352.0,344.0,344.0,348.0
infant7,6539,340.68,4.249561802139613,1.9378085666072196,0.0,60.098118088580556,332.0,346.0,336.0,342.0,344.0
infant7,6540,340.48,5.292428168465524,2.1570955529345,0.0,12.464600613123089,332.0,352.0,336.0,340.0,343.5
infant7,6541,349.56,14.659621065904753,3.636549160387959,0.0,12.783681929122192,336.0,392.0,342.0,346.0,349.5
infant7,6542,377.96,31.507666705493914,7.521398046336104,0.0,2.9032508650500177,340.0,450.0,346.0,382.0,392.0
infant7,6543,386.0,23.43553903361129,7.5646870256421295,0.0,5.05194858217761,360.0,450.0,368.0,379.0,392.0
infant7,6544,373.36,5.9445052659698145,3.7252585172586565,0.0,2.9642906013031567,360.0,386.0,368.5,374.0,377.5
infant7,6545,374.16,4.604168475081986,2.9554515522253144,0.0,1.0858862908972946,364.0,382.0,372.0,375.0,378.0
infant7,6546,375.84,5.108456374543316,2.770102775666474,0.0,2.2573433901029536,364.0,384.0,374.0,378.0,380.0
infant7,6547,380.12,3.9879410062572083,2.799416848895061,0.0,2.8647550910959216,372.0,390.0,378.0,380.0,382.0
infant7,6548,388.36,9.853539714131118,3.282607226593159,0.0,15.7744394077509,374.0,410.0,382.0,386.0,395.0
infant7,6549,391.2,12.629734917314483,3.077237032648288,0.0,5.517862129756444,370.0,414.0,382.0,390.0,402.0
infant7,6550,371.12,19.76663856096934,2.424366106925306,0.0,41.81357958205691,348.0,414.0,354.0,369.0,382.0
infant7,6551,358.92,7.230434542506376,1.8952141659173714,0.0,41.63484239123169,348.0,372.0,352.0,360.0,364.0
infant7,6552,368.96,7.971786986310035,2.4743582965269675,0.0,1.0350347308989511,352.0,384.0,364.0,369.0,376.0
infant7,6553,370.08,11.087481449723342,2.8713930346059686,0.0,10.655393949208436,346.0,386.0,364.5,374.0,378.0
infant7,6554,361.2,13.985415143451906,3.7252585172586565,0.0,15.100342489029844,340.0,386.0,348.0,363.0,372.0
infant7,6555,374.12,21.583856401089616,6.006798869036754,0.0,1.705099443537374,340.0,428.0,355.0,377.0,389.5
infant7,6556,378.6,16.00637628049063,5.360475154083919,0.0,18.53260985359173,360.0,428.0,364.0,376.0,389.5
infant7,6557,368.92,6.9188886685770035,2.523360247522242,0.0,4.62437507016445,360.0,384.0,362.0,366.0,374.0
infant7,6558,380.12,10.624653655819678,2.8713930346059686,0.0,5.30384970036921,360.0,398.0,374.0,380.0,390.0
infant7,6559,380.56,9.996244192654743,2.813959371941744,0.0,220.11021909116067,364.0,398.0,372.0,382.0,390.0
infant7,6560,372.84,5.870576928155167,2.634155559226539,0.0,8.82759718322276,364.0,382.0,368.0,372.0,378.0
infant7,6561,375.52,5.323187628725127,2.8284271247461903,0.0,7.296351868697762,364.0,384.0,372.0,376.0,380.0
infant7,6562,385.0,8.592830423898608,2.7847983842311326,0.0,9.454887460290411,372.0,400.0,376.5,384.0,393.5
infant7,6563,386.68,8.52951657840141,2.1570955529345,0.0,2.1740450432822183,366.0,400.0,380.5,388.0,393.5
infant7,6564,372.56,11.570828908624181,3.404678653660853,0.0,71.93926465958027,354.0,390.0,362.0,372.0,384.0
infant7,6565,362.2,5.955618167335951,3.5913728828504383,0.0,1.8886775848381177,354.0,386.0,358.0,360.0,364.0
infant7,6566,369.04,10.745592356963892,3.0904725218262765,0.0,14.680244619135376,356.0,396.0,360.0,365.0,379.5
infant7,6567,382.48,10.808613345336191,3.801181341614306,0.0,1.2133859832125178,360.0,410.0,378.0,380.0,387.5
infant7,6568,391.12,12.804080982089982,4.59813626840888,0.0,4.632290525587974,374.0,420.0,380.0,388.0,401.5
infant7,6569,380.96,17.1439999619073,3.989782869648269,0.0,77.28937910458264,362.0,420.0,368.0,373.0,395.0
infant7,6570,375.84,13.647695477139527,3.1036515689143473,0.0,13.046812668862813,360.0,406.0,366.0,368.0,384.0
infant7,6571,384.16,10.750149500621575,3.116774889895918,0.0,3.454436359635312,360.0,406.0,380.0,384.0,389.5
infant7,6572,386.68,5.007912107202899,2.799416848895061,0.0,5.650655475489473,378.0,396.0,382.0,388.0,390.0
infant7,6573,378.8,11.647895491794005,2.857142857142857,0.0,114.50708605995733,362.0,396.0,368.0,379.0,390.0
infant7,6574,375.0,8.144110179279556,2.4907993963089563,0.0,36.80360260837581,362.0,390.0,368.0,376.0,382.0
infant7,6575,383.84,4.550667141043325,2.8284271247461903,0.0,16.472279600962118,372.0,394.0,382.0,384.0,386.0
infant7,6576,387.48,4.422761165440726,2.6802375770419595,0.0,4.531853278932524,378.0,396.0,384.0,388.0,390.0
infant7,6577,390.08,3.281612346368281,2.424366106925306,0.0,6.474131838592447,384.0,396.0,388.0,390.0,392.0
infant7,6578,389.2,5.1110125199995196,2.4907993963089563,0.0,1.5791686467865222,374.0,396.0,388.0,390.0,392.0
infant7,6579,386.4,7.428571428571428,2.5394841192330255,0.0,28.964692475397193,372.0,398.0,382.0,389.0,392.0
infant7,6580,386.4,6.439672954048368,2.602981022612657,0.0,49.95568688843271,372.0,398.0,384.0,386.0,391.5
infant7,6581,390.04,3.8859243640690315,2.2314999074019015,0.0,15.845432102683331,384.0,396.0,386.0,390.0,394.0
infant7,6582,390.56,3.8764595671192295,2.1759351731039738,0.0,16.92573881513867,380.0,396.0,388.5,390.0,394.0
infant7,6583,392.52,7.675138767608102,2.75532878885513,0.0,10.364489160236374,380.0,408.0,388.0,391.0,397.5
infant7,6584,396.88,6.26177258596696,2.523360247522242,0.0,21.52667813229561,380.0,408.0,394.0,398.0,401.5
infant7,6585,394.12,6.681195053801286,2.5394841192330255,0.0,2.8968191563209333,380.0,404.0,392.0,396.0,398.0
infant7,6586,391.84,7.360567857419254,2.799416848895061,0.0,21.705339329402285,380.0,406.0,386.0,392.0,398.0
infant7,6587,385.64,12.698642061420648,2.9554515522253144,0.0,31.167186335483013,360.0,406.0,376.0,388.0,394.0
infant7,6588,362.28,19.60845298771498,2.5714285714285716,0.0,175.49938655492912,336.0,402.0,346.5,359.0,376.0
infant7,6589,338.2,9.657396446374612,2.1759351731039738,0.0,57.62461125094485,324.0,358.0,330.0,336.0,345.5
infant7,6590,331.08,3.4097100241779494,1.9166296949998198,0.0,4.714165939385682,324.0,340.0,330.0,330.0,332.0
infant7,6591,345.72,14.829699929533302,2.3211538298959886,0.0,55.75185543000059,328.0,368.0,330.0,343.0,360.0
infant7,6592,375.56,17.61395550611584,4.285714285714286,0.0,8.038275014208892,346.0,404.0,360.0,369.0,391.5
infant7,6593,386.48,8.29615106232882,4.257046978786097,0.0,5.571387013194847,370.0,404.0,380.5,384.0,391.5
infant7,6594,385.16,8.428232438703642,3.865071216705338,0.0,0.9944198866563131,376.0,418.0,380.0,384.0,388.0
infant7,6595,396.0,10.720950308167838,4.3985155195259,0.0,1.0484481361368787,378.0,418.0,388.0,399.0,404.0
infant7,6596,396.6,8.640200300021394,3.1943828249996997,0.0,31.586740110665964,382.0,412.0,388.5,398.0,404.0
infant7,6597,392.48,5.679321603638151,2.8284271247461903,0.0,9.246863870428962,382.0,404.0,388.5,392.0,397.5
infant7,6598,394.4,2.9692299558323607,2.634155559226539,0.0,13.768485345441764,390.0,400.0,392.0,394.0,396.0
infant7,6599,393.12,2.2914214463729627,2.0603150145508513,0.0,15.477780362734858,388.0,398.0,392.0,394.0,394.0
infant7,6600,391.16,4.2778976335655,2.138089935299395,0.0,5.2253293235589355,380.0,400.0,390.0,392.0,394.0
infant7,6601,388.2,5.018333734357227,2.3386722205349857,0.0,6.9019133495733485,380.0,400.0,384.0,388.0,391.5
infant7,6602,382.96,5.209724032018962,1.8070158058105026,0.0,20.556954146858228,374.0,392.0,380.0,383.0,387.5
infant7,6603,385.96,7.433954093844523,1.737932151513777,0.0,30.056697122771126,374.0,398.0,380.0,386.0,393.5
infant7,6604,389.88,9.182147719063002,13.452865562278348,2.0408163265306123,5.979747828515391,344.0,422.0,386.0,392.0,394.0
infant7,6605,373.12,17.636511293684045,13.468027142163058,2.0408163265306123,7.09368854074567,344.0,422.0,356.5,372.0,386.0
infant7,6606,360.12,8.373037388071358,2.3211538298959886,0.0,9.88671347152474,346.0,374.0,352.0,362.0,367.5
infant7,6607,363.6,6.749149606295837,2.2131333406899527,0.0,1.294320446139604,346.0,372.0,362.0,365.0,368.0
infant7,6608,356.8,10.052921191862389,2.0,0.0,77.28531028550064,340.0,372.0,346.0,358.0,366.0
infant7,6609,345.36,4.889639192064321,1.8952141659173714,0.0,19.078631751572956,340.0,356.0,342.0,344.0,348.0
infant7,6610,349.12,7.805387987323441,2.407471363764674,0.0,26.682463935325547,340.0,370.0,342.0,349.0,355.5
infant7,6611,362.32,10.007017945585254,2.9277002188455996,0.0,1.6176713111584615,348.0,390.0,356.0,360.0,369.5
infant7,6612,376.0,9.19627253681776,3.440455593940656,0.0,11.321471727440303,360.0,392.0,368.0,378.0,384.0
infant7,6613,380.08,5.252171562549055,3.5225222874108435,0.0,3.6912141515997545,368.0,392.0,376.0,380.0,384.0
infant7,6614,381.84,6.996675595434957,2.8996833043120627,0.0,1.7414315808070187,368.0,394.0,378.0,381.0,385.5
infant7,6615,389.68,8.401749089035095,3.1687247161169765,0.0,0.8936337985879079,378.0,410.0,384.0,388.0,393.5
infant7,6616,385.0,11.089616397185914,3.475864303027554,0.0,12.500628053396998,368.0,410.0,376.0,384.0,391.5
infant7,6617,376.72,6.574657591767011,3.1943828249996997,0.0,4.541828055684666,366.0,392.0,372.0,376.0,380.0
infant7,6618,379.92,7.591187156761423,3.142857142857143,0.0,5.042925859869626,366.0,398.0,374.5,380.0,385.5
infant7,6619,388.88,8.163232652995918,3.6027200608338545,0.0,2.293101587553059,374.0,410.0,382.5,390.0,394.0
infant7,6620,388.24,8.986520517998507,3.3926691677251193,0.0,0.6012665167990436,368.0,410.0,384.5,389.0,393.5
infant7,6621,394.84,19.889859994787415,4.257046978786097,0.0,10.680857654394766,368.0,434.0,380.5,387.0,413.5
infant7,6622,399.52,16.554474085421678,4.668609896676626,0.0,50.59490878454422,368.0,434.0,390.0,393.0,413.5
infant7,6623,384.64,7.713650767520221,2.982944716831586,0.0,31.491010852346772,370.0,396.0,378.0,386.0,391.5
infant7,6624,381.84,6.085647216263552,2.6186146828319083,0.0,11.880362146708443,370.0,394.0,378.0,382.0,386.0
infant7,6625,384.28,4.120828131552676,2.6186146828319083,0.0,1.0359581519051682,378.0,394.0,382.0,384.0,387.5
infant7,6626,384.08,3.330992375266211,2.4907993963089563,0.0,1.7834549481743591,378.0,390.0,382.0,384.0,386.0
infant7,6627,381.24,5.825909756406799,2.9277002188455996,0.0,7.6153803925650685,370.0,390.0,376.5,382.0,386.0
infant7,6628,382.24,6.622657460320192,3.0237157840738176,0.0,2.381937243377654,370.0,396.0,376.5,383.0,388.0
infant7,6629,386.64,4.507408866952004,3.0639443699324596,0.0,0.8725638992860655,378.0,396.0,384.0,386.0,390.0
infant7,6630,384.52,8.636042177397927,3.077237032648288,0.0,19.885702502824895,370.0,402.0,378.0,384.0,390.0
infant7,6631,386.0,8.741176309016202,2.710523708715754,0.0,4.151582444891315,370.0,402.0,379.0,386.0,392.0
infant7,6632,384.76,9.457876536063925,3.3319725113401715,0.0,23.49475886217956,368.0,404.0,377.0,386.0,392.0
infant7,6633,384.12,8.93888547132067,3.475864303027554,0.0,1.6334879357262517,368.0,404.0,377.0,386.0,390.0
infant7,6634,381.48,9.448550261326673,3.428571428571429,0.0,15.483333660549201,360.0,394.0,376.0,385.0,388.0
infant7,6635,379.0,12.937841980100114,3.854496446637726,0.0,20.156718044364975,360.0,402.0,368.0,377.0,390.0
infant7,6636,380.36,12.379640956186153,3.440455593940656,0.0,77.90499117382703,360.0,402.0,370.0,384.0,388.0
infant7,6637,395.64,20.128931356408874,3.614031611621005,0.0,21.390999244956326,362.0,426.0,382.5,392.0,416.0
infant7,6638,400.72,16.872922396670994,3.319700011034929,0.0,16.13750248455886,372.0,426.0,389.0,402.0,416.0
infant7,6639,385.12,9.41696255028496,2.7847983842311326,0.0,12.880662637600416,372.0,404.0,378.5,382.0,388.0
infant7,6640,378.48,5.183332786490773,3.1687247161169765,0.0,9.237989975321476,366.0,388.0,376.0,380.0,382.0
infant7,6641,375.72,4.6600341594613806,2.9137254363387344,0.0,1.383821546154401,366.0,384.0,372.0,376.0,379.5
infant7,6642,377.2,5.329930887479323,2.3733211036908783,0.0,5.023994495863147,368.0,386.0,372.5,378.0,382.0
infant7,6643,385.6,10.999072317097232,3.1815796359028696,0.0,8.245924173463628,368.0,410.0,376.5,384.0,390.0
infant7,6644,393.68,7.627661797025082,3.282607226593159,0.0,4.347044741647677,372.0,410.0,388.5,390.0,400.0
infant7,6645,389.68,7.288346863315439,2.8855728395320224,0.0,18.551661737230077,376.0,406.0,386.5,390.0,392.0
infant7,6646,383.2,5.613395058396715,3.232488142567074,0.0,5.6744416348522515,376.0,396.0,378.5,382.0,388.0
infant7,6647,384.16,4.709348063551204,3.0371845179241856,0.0,3.1785790343218627,376.0,392.0,380.0,384.0,388.0
infant7,6648,384.6,4.503966505838413,2.6649654437396615,0.0,1.076466168870144,376.0,392.0,382.0,386.0,388.0
infant7,6649,381.12,4.868222656856883,2.5555062599997598,0.0,7.948609004345708,372.0,390.0,376.0,381.0,385.5
infant7,6650,380.08,5.029869962209231,2.4907993963089563,0.0,2.7060174377083306,370.0,388.0,376.0,380.0,384.0
infant7,6651,369.56,11.933762771127597,2.1946130708196026,0.0,69.53719789016436,348.0,386.0,360.5,370.0,380.0
infant7,6652,350.08,11.39967776128889,3.010186786529354,0.0,68.58799915007573,336.0,370.0,338.5,348.0,361.5
infant7,6653,353.52,14.805183868758776,4.100771455544949,0.0,3.6929242817315084,336.0,384.0,338.5,355.0,363.5
infant7,6654,364.48,8.885300863143096,3.116774889895918,0.0,9.154356444110457,354.0,386.0,358.0,360.0,371.5
infant7,6655,371.52,14.41971439610737,3.319700011034929,0.0,14.14659781851778,354.0,402.0,358.0,367.0,381.5
infant7,6656,370.16,14.060162277346096,3.319700011034929,0.0,87.08787698056065,356.0,402.0,360.0,363.0,378.0
infant7,6657,363.44,5.127596405525613,2.4907993963089563,0.0,2.6272568689970153,356.0,374.0,360.0,362.0,367.5
infant7,6658,368.2,5.194188275056526,2.3733211036908783,0.0,5.300038309272685,360.0,376.0,364.0,368.0,372.0
infant7,6659,369.6,5.756983337031396,2.4907993963089563,0.0,1.9308277987257394,358.0,378.0,364.0,371.0,374.0
infant7,6660,373.48,10.795388282190935,3.499271061118826,0.0,2.5060232122519626,358.0,400.0,366.0,371.0,378.0
infant7,6661,373.64,11.412059500406414,3.7904283318347427,0.0,6.38364479791765,360.0,400.0,364.0,368.0,380.0
infant7,6662,369.6,10.667516972911125,2.9692299558323607,0.0,15.28524480411079,352.0,390.0,362.0,367.0,379.5
infant7,6663,356.16,17.18965042206074,10.020387381000104,2.0408163265306123,13.611063843058684,322.0,390.0,342.5,353.0,367.5
infant7,6664,339.44,7.688209897536059,9.876792009967774,2.0408163265306123,45.6628658862115,322.0,376.0,336.0,338.0,342.0
infant7,6665,333.04,3.457969204664519,1.8952141659173714,0.0,30.626460948377776,326.0,338.0,330.0,334.0,336.0
infant7,6666,329.08,2.146092795224448,1.8070158058105026,0.0,0.626458693180808,326.0,334.0,328.0,328.0,330.0
infant7,6667,331.68,6.303351878005794,1.979486637221574,0.0,18.545482403515223,326.0,344.0,328.0,328.0,336.0
infant7,6668,340.24,7.768486838188119,2.040408122440814,0.0,5.404662200270583,326.0,352.0,336.0,342.0,344.0
infant7,6669,351.6,8.542809364414886,2.2314999074019015,0.0,3.3657300158852834,338.0,368.0,342.5,352.0,358.0
infant7,6670,356.8,4.831867007225075,2.3733211036908783,0.0,5.096230991160577,348.0,368.0,354.0,356.0,360.0
infant7,6671,350.88,6.116688446456989,2.1946130708196026,0.0,54.77473490091433,342.0,360.0,344.5,351.0,356.0
infant7,6672,350.12,5.531505312336612,2.356060357495806,0.0,12.136932852892434,342.0,360.0,344.5,350.0,354.0
infant7,6673,354.04,5.862227757918852,2.5872528966106905,0.0,8.890377891923498,346.0,378.0,350.5,354.0,355.5
infant7,6674,361.16,10.381223238056648,3.0237157840738176,0.0,3.080367836337602,346.0,386.0,352.5,359.0,370.0
infant7,6675,371.16,12.369085888386648,3.7904283318347427,0.0,9.8011444324583,356.0,402.0,360.0,370.0,376.0
infant7,6676,383.56,17.432271270051217,5.443588252359328,0.0,1.5291799658400964,356.0,420.0,370.0,384.0,398.0
infant7,6677,382.0,16.52703413026237,4.840306956027833,0.0,8.213033044105503,360.0,420.0,366.0,380.0,398.0
infant7,6678,366.32,9.998857077543555,2.8284271247461903,0.0,38.656260499120066,356.0,392.0,358.0,364.0,371.5
infant7,6679,363.76,7.121568274887038,2.3211538298959886,0.0,3.923038544038155,356.0,382.0,358.0,362.0,367.5
infant7,6680,381.68,37.59800255224162,9.341590128155323,0.0,13.482789973548735,354.0,496.0,360.0,364.0,378.0
infant7,6681,382.04,38.786679809081946,9.847821679779479,0.0,3.9841887987568985,346.0,496.0,356.0,364.0,393.5
infant7,6682,353.76,17.273974762098984,3.1036515689143473,0.0,107.85558252526081,336.0,404.0,340.0,347.0,364.0
infant7,6683,350.8,11.801072244607647,3.1036515689143473,0.0,13.42335749351618,336.0,374.0,340.0,348.0,361.5
infant7,6684,352.6,10.143863129186704,3.3073819722257785,0.0,22.229892429702414,340.0,374.0,344.0,350.0,361.5
infant7,6685,356.8,14.101671633432076,3.1036515689143473,0.0,34.63665067312464,340.0,382.0,344.0,350.0,370.0
infant7,6686,365.6,8.010197582214962,3.142857142857143,0.0,4.503106367330469,350.0,382.0,358.5,366.0,370.0
infant7,6687,367.2,9.78962382800675,3.245090483314442,0.0,23.212121287426054,354.0,390.0,360.0,366.0,370.0
infant7,6688,379.0,10.287698221365046,3.245090483314442,0.0,2.9371022476704853,356.0,390.0,370.0,382.0,388.0
infant7,6689,382.12,4.770829731454541,2.695423180587601,0.0,2.7496906553045077,374.0,390.0,378.0,382.0,386.0
infant7,6690,378.36,2.4139052954725053,2.3035022137995855,0.0,0.8969704850311853,374.0,384.0,378.0,378.0,380.0
infant7,6691,376.44,2.627639586381353,2.2131333406899527,0.0,7.123378673575825,370.0,380.0,374.0,378.0,378.0
infant7,6692,377.48,8.209601148680012,9.600170066520825,2.0408163265306123,2.5867178345457074,358.0,410.0,372.0,376.0,382.0
infant7,6693,379.2,9.016990764605428,9.600170066520825,2.0408163265306123,4.911580980590895,358.0,410.0,372.0,380.0,386.0
infant7,6694,381.28,8.960320693969358,2.710523708715754,0.0,13.056956536201874,368.0,400.0,374.0,380.0,387.5
infant7,6695,385.4,11.243138497114858,3.7579846965616874,0.0,2.7948715954358274,366.0,408.0,376.0,386.0,395.5
infant7,6696,379.04,12.5404813890611,3.907084094622098,0.0,11.262844035648484,360.0,408.0,370.0,378.0,387.5
infant7,6697,367.72,6.363287560013972,2.8855728395320224,0.0,8.26206763671855,360.0,382.0,362.5,366.0,372.0
infant7,6698,363.12,4.3548706018874626,2.7255405754769875,0.0,38.0873646965484,356.0,374.0,360.0,362.0,366.0
infant7,6699,365.8,5.646020812962715,2.842821248876057,0.0,4.501316648393867,356.0,374.0,360.0,368.0,370.0
infant7,6700,370.28,3.1301039951426795,2.407471363764674,0.0,1.5764396950514965,364.0,374.0,368.0,370.0,374.0
infant7,6701,370.28,6.047566553952903,2.2857142857142856,0.0,23.777981067640177,360.0,384.0,366.0,370.0,374.0
infant7,6702,369.76,7.778987920110462,3.245090483314442,0.0,11.460417547059846,360.0,384.0,364.0,368.0,376.0
infant7,6703,386.0,17.547602894610385,3.875617133214439,0.0,20.145961195547798,360.0,416.0,370.5,385.0,400.0
infant7,6704,391.72,12.783982324832614,3.4522988495984492,0.0,9.198339615398355,372.0,416.0,378.0,395.0,400.0
infant7,6705,376.52,11.498429351481898,3.232488142567074,0.0,1.5966839878673764,356.0,398.0,370.5,376.0,384.0
infant7,6706,367.72,11.59176343753774,3.245090483314442,0.0,59.879451012805,352.0,392.0,356.5,365.0,378.0
infant7,6707,374.92,13.595977796572704,2.8284271247461903,0.0,100.28968966518073,352.0,392.0,362.0,378.0,388.0
infant7,6708,384.76,7.361122363402172,2.982944716831586,0.0,5.657245993682401,368.0,398.0,382.0,388.0,390.0
infant7,6709,379.24,9.518103052304365,2.9965967090575756,0.0,6.97409249871897,364.0,398.0,370.0,380.0,388.0
infant7,6710,373.84,8.776964283897726,2.8855728395320224,0.0,7.674959057301981,364.0,390.0,366.0,370.0,382.0
infant7,6711,376.44,10.515605507229408,3.4641016151377544,0.0,2.39368399962933,364.0,400.0,366.5,373.0,385.5
infant7,6712,386.4,14.376852143324713,3.9692697112713726,0.0,10.255269386597114,364.0,416.0,374.5,384.0,396.0
infant7,6713,395.36,16.5982049681062,4.389226141639205,0.0,17.366494771041037,366.0,422.0,380.5,400.0,409.5
infant7,6714,390.24,17.689568008476936,5.213796454541331,0.0,81.6070550946452,366.0,422.0,372.5,387.0,408.0
infant7,6715,393.36,16.16466289566882,4.746642207381757,0.0,5.994562634376533,370.0,420.0,378.5,392.0,408.0
infant7,6716,394.96,11.919731540601072,3.1943828249996997,0.0,15.7624262666636,378.0,420.0,388.0,390.0,407.5
infant7,6717,396.32,11.580137815964656,3.1558174334820746,0.0,7.079053260141159,378.0,416.0,388.0,391.0,408.0
infant7,6718,393.44,15.178072260699658,3.3319725113401715,0.0,98.72972179903697,370.0,416.0,376.0,396.0,408.0
infant7,6719,381.6,9.441549509633317,2.75532878885513,0.0,11.363495446086567,368.0,400.0,374.0,381.0,390.0
infant7,6720,391.76,11.867568566200465,2.4411439272335804,0.0,6.639401599525615,368.0,410.0,386.0,395.0,400.0
infant7,6721,398.0,14.591023239775662,4.2185208743524,0.0,15.269210666518331,376.0,432.0,386.5,400.0,405.5
infant7,6722,395.44,14.365718831684699,4.435478484645721,0.0,2.3138584527026014,376.0,432.0,386.5,394.0,399.5
infant7,6723,396.48,7.532893852691566,3.5685702847990846,0.0,0.9512814744222039,384.0,414.0,392.0,396.0,400.0
infant7,6724,404.16,10.795615134046276,4.179639668093655,0.0,6.070267974421619,384.0,426.0,396.0,406.0,412.0
infant7,6725,406.6,7.4532556918546184,3.8119040183218096,0.0,0.17905468270593713,396.0,426.0,400.0,406.0,411.5
infant7,6726,400.6,3.9018572239279035,2.799416848895061,0.0,0.844748727268432,394.0,412.0,398.0,400.0,402.0
infant7,6727,393.16,7.506079168900093,2.6802375770419595,0.0,30.370898356535207,378.0,402.0,388.0,397.0,398.0
infant7,6728,405.16,21.468876380966577,5.8344508161891815,0.0,6.328781965087373,378.0,448.0,388.0,397.0,426.0
infant7,6729,402.28,24.01363558225932,5.742786069211937,0.0,13.046329465101264,370.0,448.0,384.0,392.0,426.0
infant7,6730,373.96,10.376504070962142,2.813959371941744,0.0,11.307028046456388,354.0,392.0,368.0,372.0,383.0
infant7,6731,355.76,11.631344000815474,2.2857142857142856,0.0,137.88055439524115,340.0,374.0,344.0,354.0,367.5
infant7,6732,342.72,4.271595792235602,1.6659862556700857,0.0,98.19194393921394,338.0,354.0,340.0,342.0,344.0
infant7,6733,338.48,3.3456642670410166,1.538618516324144,0.0,41.55020991808798,330.0,342.0,338.0,340.0,340.0
infant7,6734,334.52,3.8716130688773696,1.616244071283537,0.0,29.03020754110962,330.0,342.0,332.0,334.0,337.5
infant7,6735,330.04,2.539162645199301,1.616244071283537,0.0,6.178031173017396,324.0,334.0,328.0,330.0,332.0
infant7,6736,332.32,5.888210289057556,2.602981022612657,0.0,14.643851551858292,324.0,346.0,328.0,330.0,337.5
infant7,6737,354.64,22.188211615492527,5.368084065158839,0.0,6.549414135913011,328.0,408.0,338.0,346.0,373.5
infant7,6738,380.28,18.258953632536066,6.298687910013887,0.0,1.319614819014176,346.0,422.0,370.0,376.0,394.0
infant7,6739,380.32,15.682357173926764,5.006118705124352,0.0,3.861917710195942,358.0,422.0,368.0,376.0,391.5
infant7,6740,372.68,10.242847180708443,4.030495994190253,0.0,1.1202213067981845,358.0,402.0,366.0,370.0,376.0
infant7,6741,386.0,18.787751111741255,4.746642207381757,0.0,16.90149606266447,364.0,428.0,370.0,383.0,400.5
infant7,6742,386.84,17.200332222705136,3.958973274443148,0.0,5.424811693256404,368.0,428.0,374.5,380.0,394.0
infant7,6743,374.56,5.111651356639724,2.4411439272335804,0.0,29.07396372273557,364.0,384.0,370.0,376.0,378.0
infant7,6744,376.84,5.422402509920472,2.7255405754769875,0.0,1.2990215889747923,364.0,390.0,374.0,378.0,380.0
infant7,6745,379.44,3.4295236772854074,2.5872528966106905,0.0,1.230007259932213,372.0,390.0,378.0,380.0,380.0
infant7,6746,384.48,16.0842678872676,3.938299643454349,0.0,5.923577451294942,364.0,428.0,376.0,380.0,384.0
infant7,6747,391.12,23.47438030305049,5.142857142857143,0.0,55.35293479982019,360.0,432.0,370.0,387.0,412.0
infant7,6748,374.0,26.832815729997478,4.3985155195259,0.0,100.58496272438859,346.0,432.0,352.5,364.0,388.5
infant7,6749,357.12,7.815839490341105,2.8996833043120627,0.0,5.004566671996083,346.0,376.0,352.0,354.0,360.0
infant7,6750,385.44,36.979950442014896,7.488767098332089,0.0,17.737848714349127,352.0,464.0,356.0,369.0,406.0
infant7,6751,398.24,30.03301584617047,7.798482322260675,0.0,3.1625644648988214,354.0,464.0,376.0,394.0,407.5
infant7,6752,376.68,12.451440372380167,3.801181341614306,0.0,10.549725846557239,358.0,406.0,368.5,374.0,379.5
infant7,6753,357.12,12.356341840264433,3.245090483314442,0.0,302.27279379507263,338.0,376.0,346.0,358.0,368.0
infant7,6754,342.48,11.15062000655624,16.005101227612478,2.0408163265306123,31.58688654407768,294.0,368.0,338.0,341.0,347.5
infant7,6755,339.2,10.012237410248703,15.936096877010675,2.0408163265306123,0.4543311401525116,294.0,368.0,336.5,339.0,340.0
infant7,6756,341.0,5.830951894845301,2.080031396937291,0.0,15.390221992268286,334.0,354.0,336.0,340.0,342.0
infant7,6757,348.56,10.759257997327753,10.257898897723567,2.0408163265306123,1.8197270577494777,334.0,392.0,338.0,349.0,354.0
infant7,6758,357.52,11.6167366944668,10.360836779696426,2.0408163265306123,5.306386300056645,338.0,392.0,348.5,354.0,361.5
infant7,6759,373.68,16.41979890005865,4.462999814803803,0.0,19.874445639234782,346.0,404.0,356.5,380.0,385.5
infant7,6760,379.4,9.49543391879078,4.956957592256421,0.0,7.711605602471656,364.0,404.0,372.0,381.0,387.5
infant7,6761,387.48,17.29366995198426,4.295227536677974,0.0,31.075823880395138,364.0,414.0,372.0,390.0,401.5
infant7,6762,400.52,7.349135725945423,4.16986271980755,0.0,2.5522916493709453,390.0,414.0,394.5,398.0,406.0
infant7,6763,390.88,8.563424834606723,3.3926691677251193,0.0,4.83116711639682,378.0,408.0,384.0,392.0,396.0
infant7,6764,391.52,11.41828108154388,3.404678653660853,0.0,10.820079502523893,378.0,418.0,382.5,388.0,398.0
infant7,6765,394.68,9.803039928345425,3.7579846965616874,0.0,9.314090688037973,378.0,418.0,388.0,392.0,399.5
infant7,6766,374.48,17.159801150077588,3.1815796359028696,0.0,95.94011441747418,348.0,400.0,356.5,378.0,389.5
infant7,6767,390.24,53.04082370770496,9.240549502169273,0.0,17.30136402759736,348.0,516.0,354.0,362.0,422.5
infant7,6768,413.44,45.12122447318095,10.602271608731128,0.0,16.962721916278998,350.0,516.0,384.5,402.0,447.5
infant7,6769,396.76,19.81914143818896,5.692816812906079,0.0,24.60913084369947,370.0,464.0,378.5,396.0,408.0
infant7,6770,392.64,13.958773117246926,4.228185310556784,0.0,6.546127620063775,370.0,418.0,378.0,396.0,404.0
infant7,6771,388.68,11.50410751844394,3.8119040183218096,0.0,44.28769479373225,372.0,412.0,378.0,385.0,400.0
infant7,6772,391.76,17.717234777562364,4.314191105869,0.0,3.8953785027071652,372.0,426.0,378.0,384.0,408.5
infant7,6773,395.36,16.032823474716754,4.361239292135356,0.0,87.32842707343006,376.0,426.0,382.0,391.0,408.5
infant7,6774,384.28,13.334074809314973,3.636549160387959,0.0,15.355892627968878,358.0,408.0,376.5,385.0,393.5
infant7,6775,373.88,24.830560498987484,8.432202607642118,0.0,38.19141582696208,348.0,448.0,352.5,365.0,391.5
infant7,6776,401.44,50.702880005146916,19.042380231944723,2.0408163265306123,6.630714582596014,348.0,538.0,352.5,403.0,421.5
infant7,6777,408.76,41.28722686304829,11.8734827172458,0.0,20.712817484668406,370.0,538.0,380.0,396.0,416.0
infant7,6778,380.52,6.6247525945332875,3.6477558099439156,0.0,16.248502168282343,370.0,398.0,376.0,380.0,386.0
infant7,6779,383.96,8.773708405439141,3.6811710647786073,0.0,6.680006092460589,370.0,402.0,378.0,384.0,390.0
infant7,6780,395.76,11.624323548455784,3.843892584878203,0.0,1.5857355277165297,374.0,418.0,390.0,395.0,405.0
infant7,6781,399.48,10.116141879719375,4.0708019567928595,0.0,6.319889476465505,380.0,418.0,392.0,399.0,407.5
infant7,6782,403.04,13.359946229880796,5.006118705124352,0.0,2.89995220552185,380.0,440.0,396.0,401.0,411.0
infant7,6783,396.88,16.8361127899985,4.370588154508101,0.0,1.851629323274151,372.0,440.0,386.0,395.0,405.5
infant7,6784,385.28,11.246840826268885,3.510915922127002,0.0,17.821281104013458,370.0,408.0,374.0,386.0,394.0
infant7,6785,393.64,14.01858824299118,4.389226141639205,0.0,1.5609964510081253,370.0,418.0,384.0,395.0,403.5
infant7,6786,393.84,15.101506885211212,4.746642207381757,0.0,18.589111499117106,372.0,422.0,382.5,392.0,405.5
infant7,6787,400.32,17.577165149530728,4.120630029101703,0.0,6.654228374422006,372.0,422.0,382.5,409.0,414.0
infant7,6788,405.4,9.791708278967882,2.9554515522253144,0.0,5.357893361223209,386.0,420.0,400.0,406.0,414.0
infant7,6789,393.88,6.766182416237085,3.0904725218262765,0.0,2.6622671827400284,386.0,406.0,390.0,392.0,400.0
infant7,6790,401.72,14.696994000579206,4.130523512800274,0.0,16.860605147048513,386.0,434.0,390.0,394.0,411.5
infant7,6791,396.92,19.816340402273465,4.257046978786097,0.0,19.803622594290392,366.0,434.0,380.5,396.0,411.5
infant7,6792,367.88,14.760178086420813,2.8855728395320224,0.0,207.6557477264064,346.0,402.0,354.0,366.0,380.0
infant7,6793,349.36,7.389346992772218,1.979486637221574,0.0,22.438717116316276,340.0,366.0,344.0,346.0,354.0
infant7,6794,342.6,2.0701966780270626,2.040408122440814,0.0,6.480389644904393,338.0,346.0,340.0,343.0,344.0
infant7,6795,341.04,1.8621909413486084,1.979486637221574,0.0,3.581703846695817,336.0,344.0,340.0,340.0,342.0
infant7,6796,340.0,1.9378085666072196,1.6903085094570331,0.0,2.4283917815600455,336.0,344.0,340.0,340.0,342.0
infant7,6797,337.56,2.8937652895527664,1.8294640678379568,0.0,47.708288178448434,332.0,344.0,336.0,336.0,340.0
infant7,6798,334.08,2.2842852675779066,2.1189138534559038,0.0,12.399686007770566,328.0,338.0,332.0,334.0,336.0
infant7,6799,341.52,15.191619601689908,4.110712734268045,0.0,88.03035874772048,328.0,404.0,332.5,336.0,345.5
infant7,6800,367.56,22.81528309833439,4.840306956027833,0.0,7.081176613638468,336.0,408.0,346.0,374.0,383.0
infant7,6801,381.88,13.488680061292817,4.65985898008574,0.0,7.980853433885882,360.0,408.0,371.0,380.0,394.0
infant7,6802,383.48,12.859110960477695,4.189393799604337,0.0,3.742484164012182,360.0,406.0,376.0,387.0,393.5
infant7,6803,382.12,8.948013118872268,3.6027200608338545,0.0,2.608694360148509,370.0,406.0,376.0,381.0,389.5
infant7,6804,380.52,6.831021676356849,4.199125273342591,0.0,6.5622609531414104,370.0,396.0,376.0,380.0,384.0
infant7,6805,396.48,17.221533743827692,5.532833351724881,0.0,3.5992403922998615,376.0,442.0,382.5,390.0,409.5
infant7,6806,394.04,19.215172576452627,5.405967979549858,0.0,19.42213366844757,368.0,442.0,380.0,389.0,409.5
infant7,6807,389.8,11.97446262268336,4.314191105869,0.0,4.378304873257139,368.0,410.0,380.5,390.0,400.0
infant7,6808,396.96,8.032993190077827,4.989785484735137,0.0,3.0669996620797404,380.0,414.0,390.5,400.0,402.0
infant7,6809,495.24,156.9598362769331,51.23535131615471,16.3265306122449,31.96153213638566,380.0,924.0,396.5,411.0,544.5
infant7,6810,503.76,151.64493437780564,51.41825293311586,16.3265306122449,82.59300273951347,390.0,924.0,408.0,422.0,544.5
infant7,6811,403.84,15.225327984805384,6.8868404532536855,0.0,0.8188588398076272,380.0,446.0,390.0,404.0,414.0
infant7,6812,399.48,14.347352738824151,5.205962045225314,0.0,17.781136209988123,380.0,422.0,386.0,400.0,412.0
infant7,6813,405.84,15.51741615352352,6.074369035848371,0.0,3.1936040351431347,380.0,442.0,390.5,406.0,416.0
infant7,6814,412.64,13.330584750712113,5.692816812906079,0.0,2.111514024067854,386.0,442.0,404.0,416.0,420.0
infant7,6815,406.48,17.33021426672539,4.571428571428571,0.0,8.945768383277496,372.0,434.0,393.0,410.0,419.5
infant7,6816,382.08,19.819429757648614,4.010191099319486,0.0,83.35505842264637,360.0,434.0,366.5,372.0,391.5
infant7,6817,360.24,8.148018414414185,1.979486637221574,0.0,100.97998809764887,348.0,372.0,352.0,360.0,366.0
infant7,6818,355.0,4.105745103771404,1.8516401995451028,0.0,15.626178405569151,348.0,362.0,352.0,356.0,358.0
infant7,6819,354.44,4.969950519196877,2.6802375770419595,0.0,30.650229051883034,346.0,362.0,350.0,355.0,358.0
infant7,6820,367.4,18.719192377485363,3.4641016151377544,0.0,15.211800673400756,346.0,402.0,350.0,363.0,382.5
infant7,6821,388.32,11.699363317754361,3.510915922127002,0.0,2.4761157684385693,364.0,404.0,384.5,390.0,396.0
infant7,6822,401.0,16.214128381867262,5.959043889889774,0.0,2.4518696089151364,380.0,438.0,388.5,396.0,415.5
infant7,6823,408.16,19.381623949988697,7.22806322324201,0.0,6.778674747889415,380.0,454.0,392.0,407.0,422.0
infant7,6824,410.84,16.674996557843173,6.0609152673132645,0.0,11.714945255083924,388.0,454.0,400.5,408.0,414.0
infant7,6825,401.8,15.387511501346852,4.130523512800274,0.0,18.36156162767816,384.0,446.0,390.0,396.0,410.0
infant7,6826,395.2,7.782764841072134,3.5685702847990846,0.0,9.415678295540483,384.0,410.0,388.0,392.0,402.0
infant7,6827,399.88,6.199539153379525,3.614031611621005,0.0,2.8070086071619307,386.0,410.0,396.5,400.0,404.0
infant7,6828,404.12,18.008660048284934,4.417035666782945,0.0,5.61329648930146,382.0,442.0,390.5,400.0,405.5
infant7,6829,411.8,20.887453513669737,5.006118705124352,0.0,8.887737718548603,382.0,446.0,392.5,410.0,432.0
infant7,6830,406.24,15.197421908108666,3.9692697112713726,0.0,10.593142007865966,388.0,446.0,394.0,402.0,412.0
infant7,6831,395.52,5.679321603638151,3.487587318781058,0.0,3.180317238666783,384.0,414.0,392.0,394.0,396.0
infant7,6832,387.56,6.9551331799628695,2.9277002188455996,0.0,14.19983900548899,376.0,398.0,380.5,390.0,394.0
infant7,6833,404.56,25.21755138706341,6.602411433309339,0.0,3.4281684473173226,376.0,450.0,380.5,395.0,425.5
infant7,6834,413.64,17.877999248877295,7.016016661604957,0.0,6.69212475197374,388.0,450.0,398.0,410.0,425.5
infant7,6835,384.68,18.04126788612085,3.636549160387959,0.0,82.3791423235831,354.0,416.0,368.5,388.0,397.5
infant7,6836,357.04,14.924244075479661,2.080031396937291,0.0,99.43884852903957,338.0,388.0,344.0,354.0,367.5
infant7,6837,340.4,5.756983337031395,1.979486637221574,0.0,34.494687073226025,332.0,354.0,336.0,338.0,344.0
infant7,6838,341.36,9.471245419474588,2.602981022612657,0.0,9.681539016961118,332.0,366.0,336.0,338.0,340.0
infant7,6839,358.84,14.917952477550296,2.842821248876057,0.0,6.9628507546519165,334.0,378.0,340.5,364.0,370.0
infant7,6840,376.84,17.911756485843686,4.304719763805532,0.0,20.263466880507362,360.0,422.0,364.5,370.0,378.0
infant7,6841,392.6,21.526443159566348,4.780914437337574,0.0,7.895059302858949,360.0,428.0,368.0,394.0,412.0
infant7,6842,401.44,11.102785089097864,3.356382892705923,0.0,1.992842752467656,388.0,428.0,392.0,399.0,408.0
infant7,6843,396.84,7.646154162020784,3.010186786529354,0.0,3.6851838135707795,384.0,414.0,390.0,396.0,401.5
infant7,6844,395.32,6.280647308378723,2.649605284427344,0.0,6.177067369489563,384.0,410.0,390.5,394.0,399.5
infant7,6845,399.12,14.591918367118597,4.553536414431208,0.0,3.88919749182528,374.0,426.0,388.5,397.0,409.5
infant7,6846,402.56,15.830943607700839,4.65109159888563,0.0,2.5718068398269107,374.0,426.0,390.0,405.0,417.5
infant7,6847,395.44,13.642909498777625,3.1815796359028696,0.0,2.3782515040569243,372.0,424.0,388.5,394.0,405.5
infant7,6848,395.32,11.970098801017578,4.453844933748542,0.0,2.1226290286526304,372.0,418.0,388.5,396.0,404.0
infant7,6849,394.0,18.68754905802038,3.979539507766891,0.0,12.928311399530314,360.0,418.0,380.0,399.0,408.0
infant7,6850,379.28,16.634166952513176,3.4522988495984492,0.0,79.05909174362486,360.0,418.0,366.0,376.0,382.0
infant7,6851,389.64,18.306639812496712,4.668609896676626,0.0,10.013269437633063,360.0,422.0,376.0,382.0,406.5
infant7,6852,386.72,20.67734637377883,4.481253468959463,0.0,52.45097338025381,360.0,422.0,370.0,381.0,406.5
infant7,6853,366.08,8.050453149877175,3.319700011034929,0.0,22.742672715907712,358.0,386.0,360.0,362.0,373.5
infant7,6854,386.48,31.914579868192927,6.253162465211226,0.0,5.596074678102137,358.0,478.0,360.0,385.0,397.5
infant7,6855,410.76,26.135877288368437,7.108488745499845,0.0,72.04529939380943,380.0,478.0,396.0,400.0,417.0
infant7,6856,407.84,16.35743605476464,4.882287854467161,0.0,9.4665967344431,394.0,468.0,400.0,402.0,408.0
infant7,6857,406.88,7.452269891154791,4.080816244881628,0.0,1.437863653309696,394.0,422.0,400.5,406.0,412.0
infant7,6858,401.64,12.227035951663236,3.625307868699863,0.0,12.1255435686453,374.0,422.0,394.0,402.0,412.0
infant7,6859,377.96,17.14042839938039,2.770102775666474,0.0,163.6580070339701,356.0,404.0,362.0,375.0,394.0
infant7,6860,374.36,14.070899192362676,3.625307868699863,0.0,11.430873359910459,356.0,402.0,362.0,373.0,384.0
infant7,6861,401.44,30.78308573465205,7.938539422542745,0.0,3.7827303546693565,368.0,474.0,380.0,391.0,415.0
infant7,6862,406.28,27.98836492953048,7.666518779999279,0.0,10.036073418162887,370.0,474.0,390.5,398.0,415.0
infant7,6863,378.92,18.640355606663118,3.05059378629466,0.0,60.53559365131236,348.0,402.0,360.5,386.0,396.0
infant7,6864,351.04,13.763245938931346,2.6802375770419595,0.0,140.31856888115786,334.0,384.0,338.5,348.0,360.0
infant7,6865,340.4,2.8284271247461903,2.1759351731039738,0.0,29.084085299463045,334.0,348.0,338.0,340.0,342.0
infant7,6866,342.48,2.4431495230207942,2.0995626366712954,0.0,11.369348833151712,338.0,348.0,340.0,342.0,344.0
infant7,6867,339.6,5.221619109284876,2.8855728395320224,0.0,112.58442259835314,328.0,348.0,334.0,340.0,344.0
infant7,6868,333.84,3.1516759390028977,2.5394841192330255,0.0,6.467815038293869,328.0,340.0,332.0,334.0,336.0
infant7,6869,338.32,11.775866015209381,2.695423180587601,0.0,4.851770594362677,328.0,374.0,332.0,334.0,337.5
infant7,6870,354.6,16.82199726063272,4.712120714991612,0.0,4.618220038873766,332.0,404.0,336.0,357.0,364.0
infant7,6871,381.24,20.618557126025664,5.495824017620384,0.0,5.521702052789438,354.0,420.0,360.5,381.0,394.0
infant7,6872,391.48,13.308337113805536,3.979539507766891,0.0,1.8644161583870362,372.0,420.0,380.5,390.0,401.0
infant7,6873,380.92,9.477879725003511,3.801181341614306,0.0,19.54810189053217,372.0,402.0,374.0,376.0,387.5
infant7,6874,377.76,9.464347708691836,4.150239727523986,0.0,2.4652890549640802,360.0,398.0,372.0,375.0,382.0
infant7,6875,385.84,11.813793391020274,4.150239727523986,0.0,5.464477340761467,360.0,406.0,380.0,389.0,394.0
infant7,6876,387.28,8.228968244400201,3.8332593899996397,0.0,2.868838615077848,376.0,406.0,380.0,385.0,394.0
infant7,6877,397.6,17.538296289397493,4.228185310556784,0.0,11.241797879744468,376.0,428.0,380.0,398.0,411.5
infant7,6878,409.92,8.309915395330508,4.27617987059879,0.0,5.296389619432982,396.0,428.0,404.0,410.0,414.0
infant7,6879,400.72,8.98761051988474,3.5456210417116734,0.0,3.87938833902908,386.0,416.0,394.0,402.0,409.5
infant7,6880,390.32,8.323656967110216,2.7255405754769875,0.0,0.26466082806968416,372.0,410.0,388.0,390.0,394.0
infant7,6881,392.0,11.234059000764285,3.636549160387959,0.0,9.067058767099597,372.0,416.0,386.0,391.0,400.0
infant7,6882,410.92,16.69515388564317,6.013590051385482,0.0,10.748872530308407,372.0,440.0,400.0,411.0,422.0
infant7,6883,402.8,23.82932509942062,5.205962045225314,0.0,63.85566551136932,368.0,440.0,378.0,404.0,422.0
infant7,6884,377.6,13.080597876868111,3.7142857142857144,0.0,21.281640696720604,362.0,410.0,368.0,373.0,387.5
infant7,6885,385.76,15.642120008724742,3.499271061118826,0.0,15.784477833077098,362.0,406.0,368.0,393.0,400.0
infant7,6886,399.44,9.196627598401136,4.3799170619302545,0.0,1.3087445811921277,384.0,424.0,394.0,400.0,403.5
infant7,6887,404.24,10.432601960847034,4.823412290324038,0.0,4.608666568615529,384.0,424.0,398.0,404.0,411.5
infant7,6888,402.04,8.383560200335717,3.9692697112713726,0.0,8.030361345988805,388.0,422.0,396.0,402.0,406.0
infant7,6889,399.28,8.569142552299656,3.557114170853924,0.0,0.9741836292216967,388.0,420.0,392.5,398.0,404.0
infant7,6890,394.72,11.6951760507118,3.05059378629466,0.0,16.106527417616242,378.0,420.0,386.0,392.0,402.0
infant7,6891,408.0,24.664276405608273,7.5646870256421295,0.0,1.7685074933495735,378.0,456.0,386.0,402.0,426.0
infant7,6892,401.76,31.6295908985267,7.698396334461417,0.0,11.030887790548157,358.0,456.0,368.5,403.0,426.0
infant7,6893,382.72,33.587558435120776,6.7005939426048995,0.0,13.774778168973215,356.0,488.0,360.0,368.0,395.0
infant7,6894,387.76,37.07607182592051,9.093617407336884,0.0,8.406687598327348,356.0,488.0,360.5,370.0,407.0
infant7,6895,371.28,24.636988949337862,6.477590885002648,0.0,42.77686037904155,354.0,476.0,358.0,362.0,370.0
infant7,6896,358.56,2.9148458845387086,1.8952141659173714,0.0,2.324434381128107,354.0,366.0,356.0,358.0,360.0
infant7,6897,368.04,9.667872315149843,2.4907993963089563,0.0,5.805257445919234,356.0,386.0,358.0,365.0,376.0
infant7,6898,402.24,39.53740672593796,7.289914755527471,0.0,7.031036950598255,364.0,490.0,376.0,380.0,430.0
infant7,6899,417.04,32.31538459670027,7.948815853282031,0.0,78.40045894288022,376.0,490.0,396.5,409.0,430.0
infant7,6900,408.12,8.07525825706939,4.535573676110727,0.0,3.99072403247954,396.0,426.0,402.0,408.0,412.0
infant7,6901,407.64,7.705709518511158,4.130523512800274,0.0,1.3365171116338261,388.0,426.0,404.0,408.0,411.5
infant7,6902,403.12,15.280559878619686,4.789444175497203,0.0,10.02300915284302,376.0,428.0,392.0,404.0,416.0
infant7,6903,404.56,16.951503455084893,4.755233422026639,0.0,6.606374073057789,376.0,434.0,392.5,403.0,421.0
infant7,6904,404.12,10.555277237051635,3.875617133214439,0.0,0.6029460667498219,390.0,434.0,398.0,402.0,407.5
infant7,6905,402.64,8.735944980016617,3.499271061118826,0.0,1.5518929531002554,390.0,428.0,396.5,402.0,405.5
infant7,6906,415.04,14.698271451890845,4.435478484645721,0.0,11.078176012902976,394.0,446.0,402.0,417.0,425.5
infant7,6907,414.08,15.68027488305493,4.3799170619302545,0.0,47.96665433188665,388.0,446.0,400.0,416.0,422.0
infant7,6908,402.16,13.683536957726586,4.257046978786097,0.0,3.6380027925922502,380.0,436.0,390.0,396.0,412.0
infant7,6909,382.76,22.20090088262186,3.779644730092272,0.0,16.721178807299406,354.0,436.0,362.5,381.0,394.0
infant7,6910,361.16,6.689498318641095,2.424366106925306,0.0,10.030122343597272,354.0,382.0,356.0,360.0,362.0
infant7,6911,354.6,3.9227229193559947,1.958758457257441,0.0,16.996126738069915,346.0,360.0,352.0,356.0,358.0
infant7,6912,350.32,4.752829447297898,2.5394841192330255,0.0,17.512650796995633,342.0,360.0,348.0,352.0,354.0
infant7,6913,360.08,15.438938316041376,3.077237032648288,0.0,6.156232844837301,342.0,390.0,349.0,356.0,370.5
infant7,6914,382.32,15.755063973730051,3.499271061118826,0.0,2.4609845060236983,354.0,404.0,372.5,388.0,394.0
infant7,6915,392.88,6.326620144198606,3.6589281356759136,0.0,5.306942107888647,380.0,404.0,388.0,394.0,397.5
infant7,6916,377.24,20.076953992890783,15.037368419360877,2.0408163265306123,7.29427536395201,336.0,412.0,356.5,385.0,392.0
infant7,6917,350.28,17.635816987492426,14.91472358415793,2.0408163265306123,36.86905570265473,334.0,412.0,338.0,345.0,355.5
infant7,6918,334.72,4.328547854721286,2.2131333406899527,0.0,14.712823836554744,328.0,346.0,332.0,334.0,338.0
infant7,6919,330.84,1.6703903979706818,2.1946130708196026,0.0,10.66264559098603,328.0,334.0,330.0,332.0,332.0
infant7,6920,328.64,2.601098668969381,1.6903085094570331,0.0,17.067715772182027,322.0,332.0,328.0,328.0,330.0
infant7,6921,329.36,5.38235969797331,1.5118578920369088,0.0,3.176774674791025,322.0,346.0,326.0,328.0,330.0
infant7,6922,333.0,6.249897958350673,1.979486637221574,0.0,10.30327497133638,326.0,346.0,328.0,330.0,338.0
infant7,6923,329.2,6.602411433309339,1.9166296949998198,0.0,21.815628080441474,322.0,346.0,324.0,326.0,332.0
infant7,6924,332.12,10.13710098235835,2.2857142857142856,0.0,12.888020181130768,322.0,354.0,324.0,326.0,342.0
infant7,6925,355.76,22.82011286169304,4.526565576501389,0.0,4.745188396085291,326.0,394.0,338.0,348.0,383.5
infant7,6926,376.2,16.54307919910181,5.030519103331145,0.0,2.0411799173248633,336.0,398.0,374.5,381.0,386.0
infant7,6927,384.04,13.26336061086622,4.535573676110727,0.0,2.8050266063347133,366.0,426.0,376.0,380.0,390.0
infant7,6928,398.44,17.949088999678157,4.738035414793428,0.0,9.449045864740045,366.0,428.0,384.0,400.0,412.0
infant7,6929,404.28,9.76465930939587,4.285714285714286,0.0,1.2806191657249604,388.0,428.0,398.0,402.0,409.5
infant7,6930,394.24,11.729189125895294,5.166611805721464,0.0,3.935561349840502,372.0,424.0,388.0,394.0,402.0
infant7,6931,396.04,12.561619549814655,5.291502622129181,0.0,1.5414068012271889,372.0,424.0,388.5,398.0,406.0
infant7,6932,394.04,12.85072855871588,4.110712734268045,0.0,2.889226940053199,370.0,412.0,386.0,398.0,404.0
infant7,6933,382.08,11.29175245342315,3.875617133214439,0.0,1.3359569270235836,364.0,408.0,374.0,379.0,389.5
infant7,6934,392.72,17.0988005307927,5.134914501603266,0.0,11.75743408755211,364.0,430.0,376.5,391.0,406.0
infant7,6935,402.08,11.499494221353336,5.678459118386226,0.0,2.431679122605461,382.0,430.0,392.5,403.0,410.0
infant7,6936,386.84,13.535079140771169,4.040610178208843,0.0,11.150509921179362,370.0,422.0,374.5,384.0,395.5
infant7,6937,380.4,6.651683843898751,2.9965967090575756,0.0,3.8859627638927505,370.0,396.0,374.5,380.0,384.0
infant7,6938,383.32,5.13666293642565,2.9416086117105715,0.0,3.3318527050185303,376.0,396.0,380.0,382.0,386.0
infant7,6939,387.32,10.210918525914167,5.576920370269467,0.0,1.6014535656567976,376.0,440.0,380.0,386.0,390.0
infant7,6940,409.48,21.3610746500283,6.880911187881312,0.0,4.534871519348889,380.0,454.0,390.0,410.0,423.5
infant7,6941,416.44,17.319518304090167,5.322267431484902,0.0,10.740393480834246,384.0,454.0,405.0,414.0,429.5
infant7,6942,410.16,16.292429693146524,5.322267431484902,0.0,5.515163620928094,380.0,436.0,398.0,412.0,423.5
infant7,6943,401.0,19.783522312824903,5.360475154083919,0.0,4.590020833247298,368.0,436.0,384.5,397.0,420.0
infant7,6944,377.52,14.733330255178673,8.68496237346895,0.0,21.718797367850275,346.0,414.0,366.5,374.0,388.0
infant7,6945,359.12,10.167254360174619,7.886956423909863,0.0,10.335463537368868,344.0,388.0,352.0,357.0,366.0
infant7,6946,349.0,3.880879344916036,2.0,0.0,4.88293661300604,342.0,360.0,346.5,348.0,352.0
infant7,6947,343.52,4.072004971730255,2.138089935299395,0.0,48.59456705437937,336.0,350.0,340.0,344.0,348.0
infant7,6948,338.92,2.593870325460801,2.1946130708196026,0.0,1.4007348880189272,334.0,346.0,336.5,339.0,340.0
infant7,6949,334.8,3.4992710611188254,1.9378085666072196,0.0,3.16041847903595,328.0,342.0,332.0,334.0,338.0
infant7,6950,331.6,1.8952141659173714,1.737932151513777,0.0,3.021231895916432,328.0,336.0,330.0,332.0,332.0
infant7,6951,333.0,4.184519575964803,1.958758457257441,0.0,3.599611121646097,326.0,342.0,330.0,332.0,335.5
infant7,6952,335.04,4.819009975384689,2.2314999074019015,0.0,43.02426515222864,326.0,346.0,330.5,335.0,338.0
infant7,6953,337.48,5.754288551566899,2.4411439272335804,0.0,12.510914861660966,330.0,350.0,334.0,336.0,341.5
infant7,6954,337.24,6.950436779697476,2.249716535431946,0.0,25.83927642936667,326.0,350.0,330.0,338.0,344.0
infant7,6955,359.28,33.13980281492702,6.4142698058981855,0.0,7.17986901896409,326.0,428.0,331.0,344.0,387.5
infant7,6956,384.56,21.89041352011498,6.957597521077669,0.0,1.676602046698636,342.0,428.0,378.0,386.0,396.0
infant7,6957,385.24,4.9137873501454035,3.8119040183218096,0.0,0.7496234848739594,374.0,398.0,382.0,385.0,388.0
infant7,6958,381.56,10.13613459311763,3.2576440717118227,0.0,1.3825061627703314,358.0,396.0,378.0,384.0,389.5
infant7,6959,384.36,20.068006825770805,4.010191099319486,0.0,153.2674183322619,358.0,426.0,367.0,380.0,395.5
infant7,6960,390.16,17.84211939456173,4.228185310556784,0.0,18.723687114881958,358.0,426.0,380.0,388.0,402.0
infant7,6961,501.28,188.72840219722724,55.621167604737366,16.3265306122449,14.956818797140249,380.0,980.0,388.0,407.0,493.5
infant7,6962,504.96,186.52099077583736,53.734038921111356,14.285714285714285,72.98291173131354,382.0,980.0,395.0,408.0,493.5
infant7,6963,402.6,19.33696892863354,6.676183683170241,0.0,3.30823453945189,380.0,454.0,390.5,397.0,408.0
infant7,6964,392.76,23.91785260991019,5.062870041905528,0.0,4.629853228810563,370.0,454.0,374.5,385.0,399.0
infant7,6965,388.2,13.457415829806498,4.499433070863892,0.0,30.939770472398415,370.0,418.0,374.5,387.0,399.5
infant7,6966,407.76,17.20768693915363,6.571428571428571,0.0,1.807068308975349,380.0,446.0,394.5,407.0,419.5
infant7,6967,405.16,17.934529459642246,5.735674257109923,0.0,5.53366920606836,380.0,446.0,392.5,398.0,419.5
infant7,6968,384.32,10.547153596093679,2.649605284427344,0.0,14.675784790011356,370.0,402.0,374.0,383.0,394.0
infant7,6969,377.96,6.508895012651094,2.424366106925306,0.0,7.328954169560508,366.0,392.0,372.0,376.0,384.0
infant7,6970,379.48,11.998707413377357,3.295017884191656,0.0,18.18790523106813,362.0,402.0,368.0,382.0,388.0
infant7,6971,388.04,16.200226755782634,3.6811710647786073,0.0,1.0998904923621313,362.0,410.0,372.5,392.0,400.0
infant7,6972,395.64,7.588283127053611,3.142857142857143,0.0,31.209619852870926,382.0,410.0,390.0,394.0,401.5
infant7,6973,390.68,4.230308523510032,2.695423180587601,0.0,0.5837284047734193,386.0,404.0,388.0,390.0,392.0
infant7,6974,405.2,27.288331961197073,6.718843437888484,0.0,3.1660466263213145,380.0,468.0,386.0,390.0,425.5
infant7,6975,411.72,25.83783019891096,7.194101892579527,0.0,10.277243001955433,380.0,468.0,388.0,407.0,426.0
infant7,6976,401.92,13.624467785898267,4.20883424647321,0.0,3.7169424972057765,380.0,436.0,388.5,403.0,413.5
infant7,6977,407.16,12.552518244787152,3.875617133214439,0.0,1.9381618495322934,380.0,428.0,400.5,408.0,417.5
infant7,6978,403.68,11.345123918877832,3.1036515689143473,0.0,40.67202064098047,388.0,428.0,396.0,398.0,411.5
infant7,6979,399.32,7.234949190970063,3.245090483314442,0.0,2.381272374285396,388.0,420.0,394.0,398.0,403.5
infant7,6980,392.84,15.686156642214232,3.6589281356759136,0.0,1.8586439715465635,364.0,420.0,382.0,396.0,405.5
infant7,6981,379.72,14.020451534258436,3.948649988881501,0.0,2.661075482779324,362.0,408.0,368.0,376.0,391.0
infant7,6982,365.0,15.530089293670779,3.510915922127002,0.0,17.747288875790527,346.0,400.0,352.0,362.0,371.5
infant7,6983,357.32,12.691697430740673,3.2071349029490928,0.0,15.840598752467043,342.0,388.0,348.0,352.0,361.5
infant7,6984,356.44,13.63243431328838,3.1687247161169765,0.0,8.128104478456851,342.0,388.0,346.0,350.0,364.0
infant7,6985,347.64,6.548905501326624,2.2314999074019015,0.0,26.17113822483371,340.0,368.0,344.0,344.0,349.5
infant7,6986,349.2,7.091242083423347,2.9277002188455996,0.0,34.701069387613586,340.0,370.0,344.0,346.0,355.5
infant7,6987,365.0,12.475281682640457,3.295017884191656,0.0,18.833178276882943,346.0,386.0,356.0,368.0,376.0
infant7,6988,382.56,22.03907476112667,5.283783431116266,0.0,7.909624505041189,358.0,434.0,368.0,377.0,385.5
infant7,6989,390.84,25.657365573325436,6.388765649999399,0.0,15.102052697454987,358.0,444.0,370.0,385.0,413.5
infant7,6990,397.0,19.201403009963112,5.51065757771026,0.0,3.240181240300701,368.0,444.0,384.0,395.0,405.5
infant7,6991,392.8,15.193983771780951,3.989782869648269,0.0,29.716702915321783,372.0,442.0,382.0,392.0,399.5
infant7,6992,388.92,10.873746702353278,3.7579846965616874,0.0,0.9037409748825628,372.0,416.0,380.0,392.0,396.0
infant7,6993,389.88,9.19103378520699,4.624689730353899,0.0,1.8009846612163143,376.0,416.0,382.5,389.0,396.0
infant7,6994,382.76,8.73080401655599,3.8332593899996397,0.0,1.5908485825065846,362.0,396.0,376.5,386.0,389.5
infant7,6995,365.56,16.558073436193215,2.5394841192330255,0.0,86.25291993408315,344.0,392.0,350.5,362.0,383.5
infant7,6996,346.44,6.518920656873517,1.7842851423995423,0.0,64.3088305665811,338.0,362.0,342.0,344.0,350.0
infant7,6997,339.92,2.7392833861044306,2.1759351731039738,0.0,14.958156387468486,336.0,344.0,338.0,340.0,342.0
infant7,6998,344.56,12.745803631159616,3.7361990944634345,0.0,3.82997275083185,336.0,398.0,338.0,340.0,343.5
infant7,6999,370.0,24.727081741050064,5.3375833406484015,0.0,3.47060569016729,336.0,426.0,344.0,376.0,384.0
infant7,7000,398.4,17.119031061651704,5.398412465054624,0.0,17.20318733952822,376.0,428.0,384.0,396.0,413.5
infant7,7001,402.0,12.054298919845134,4.59813626840888,0.0,10.821319818989538,386.0,428.0,392.0,398.0,409.5
infant7,7002,396.48,9.263137388904166,3.7032803990902057,0.0,2.170672950580411,376.0,412.0,388.0,397.0,404.0
infant7,7003,396.88,10.021690761258087,3.356382892705923,0.0,21.945192242378734,376.0,412.0,388.0,400.0,404.0
infant7,7004,395.16,7.385479410468149,2.9554515522253144,0.0,14.398264703428264,382.0,412.0,390.0,396.0,399.5
infant7,7005,393.52,4.362362213483958,2.249716535431946,0.0,13.500401649615588,382.0,402.0,390.0,392.0,397.5
infant7,7006,390.84,5.511990640079728,2.842821248876057,0.0,36.70007174302318,380.0,402.0,388.0,390.0,396.0
infant7,7007,390.52,4.674027237002893,3.3441999744913216,0.0,14.144166802983014,380.0,400.0,388.0,392.0,394.0
infant7,7008,396.68,4.437502515089831,3.077237032648288,0.0,1.9734890402891607,390.0,406.0,392.0,396.0,400.0
infant7,7009,400.28,4.370774927788865,2.5394841192330255,0.0,3.5747452019626182,390.0,408.0,398.0,400.0,404.0
infant7,7010,395.88,6.238916703455261,2.138089935299395,0.0,20.073123509319956,388.0,408.0,392.0,394.0,401.5
infant7,7011,391.36,2.077675310022611,1.8516401995451028,0.0,2.1620253728318715,388.0,396.0,390.0,392.0,392.0
infant7,7012,394.08,4.139604634577105,2.8855728395320224,0.0,8.242688977489138,388.0,412.0,392.0,392.0,396.0
infant7,7013,405.2,10.333223611442929,3.7904283318347427,0.0,6.8937950701985455,390.0,428.0,396.0,402.0,413.5
infant7,7014,402.16,14.701603411095771,3.843892584878203,0.0,3.1107621574074864,372.0,428.0,392.0,404.0,413.5
infant7,7015,372.0,21.127407482669884,3.3441999744913216,0.0,56.02884495710008,342.0,408.0,354.0,370.0,392.0
infant7,7016,344.16,11.027535110451696,2.0995626366712954,0.0,40.5348096848122,330.0,368.0,334.0,342.0,353.5
infant7,7017,336.04,2.9274213769745114,1.8294640678379568,0.0,3.5502889302689793,330.0,342.0,334.0,336.0,338.0
infant7,7018,336.28,2.2135021655138933,2.0,0.0,4.259450481581425,330.0,340.0,336.0,336.0,338.0
infant7,7019,335.72,1.7617245725106279,2.2314999074019015,0.0,1.291896960759674,332.0,340.0,334.0,336.0,336.0
infant7,7020,337.0,2.747912008810192,2.5394841192330255,0.0,3.1626551110970493,332.0,342.0,336.0,336.0,338.0
infant7,7021,335.36,4.246294903579268,2.4907993963089563,0.0,13.970716519027967,328.0,342.0,332.0,336.0,339.5
infant7,7022,333.28,3.7418755528559773,2.080031396937291,0.0,26.250919796343144,328.0,342.0,330.0,332.0,336.0
infant7,7023,329.64,5.446436768143715,2.0995626366712954,0.0,18.057866628804213,320.0,342.0,326.0,328.0,332.0
infant7,7024,324.36,4.094595741427264,2.3386722205349857,0.0,24.054504304369523,318.0,334.0,320.5,325.0,328.0
infant7,7025,333.44,12.506586020075623,2.5394841192330255,0.0,9.253203846006018,318.0,356.0,322.0,332.0,344.0
infant7,7026,365.04,28.91010698206227,6.013590051385482,0.0,8.496945478778017,330.0,436.0,344.5,355.0,392.5
infant7,7027,387.88,18.67623175731821,6.608590574983073,0.0,5.689647429778333,354.0,436.0,378.5,390.0,400.0
infant7,7028,401.16,18.007209440575036,5.062870041905528,0.0,2.6891248181600678,378.0,444.0,390.0,396.0,409.5
infant7,7029,416.0,14.153675516000956,6.285714285714286,0.0,6.262408845518704,390.0,444.0,402.5,419.0,426.0
infant7,7030,409.28,13.617275942038946,6.027149459922567,0.0,8.751172510974014,384.0,436.0,398.5,411.0,420.0
infant7,7031,404.56,9.433245594649787,5.94532915619566,0.0,2.02245761656313,384.0,422.0,398.5,406.0,410.0
infant7,7032,404.88,11.088953871271341,5.252793231671496,0.0,2.972013130787435,384.0,422.0,398.5,408.0,412.0
infant7,7033,401.6,13.885831863111848,4.615855548972432,0.0,5.927789293445222,376.0,422.0,387.0,403.0,414.0
infant7,7034,398.0,13.235696939314822,4.729412959213385,0.0,15.906697981998105,376.0,422.0,390.0,398.0,407.5
infant7,7035,396.08,10.003754397265876,4.932193286180591,0.0,0.48649777668165217,376.0,420.0,390.0,397.0,404.0
infant7,7036,392.2,10.5926428068095,4.285714285714286,0.0,3.8686231822542805,374.0,420.0,388.0,391.0,397.5
infant7,7037,451.92,115.61721501646399,32.443357233360246,8.16326530612245,7.677734581424352,372.0,758.0,382.5,393.0,457.0
infant7,7038,469.24,107.03033329340782,32.736424199777154,8.16326530612245,34.86896095484615,372.0,758.0,407.5,430.0,459.5
infant7,7039,413.16,14.691883084595675,5.174505793221381,0.0,13.184575133199003,394.0,460.0,404.0,409.0,422.0
infant7,7040,403.92,4.8983129123969915,3.0639443699324596,0.0,1.289269662339592,394.0,414.0,400.0,404.0,406.0
infant7,7041,400.4,4.444671196029727,2.424366106925306,0.0,7.084276348065663,392.0,410.0,398.0,400.0,404.0
infant7,7042,393.16,9.329260530225122,2.3211538298959886,0.0,3.0216576478848283,372.0,406.0,392.0,394.0,398.0
infant7,7043,377.12,12.759374304920334,2.710523708715754,0.0,57.03655853064991,362.0,396.0,366.0,373.0,391.5
infant7,7044,386.48,31.476742304794648,7.607729688968199,0.0,4.9496116973649436,362.0,478.0,364.5,371.0,397.0
infant7,7045,377.56,37.74736644415591,7.250615737399726,0.0,23.828185099117487,338.0,478.0,348.0,363.0,397.0
infant7,7046,344.92,6.859642401579765,2.75532878885513,0.0,27.252774129233927,334.0,362.0,340.0,342.0,348.0
infant7,7047,340.88,1.8142294704442907,2.5555062599997598,0.0,0.36248227509185216,334.0,344.0,340.0,340.0,342.0
infant7,7048,417.32,159.79303450886408,80.18397213754817,16.3265306122449,5.655136568756575,338.0,1112.0,342.0,348.0,395.5
infant7,7049,417.48,159.8375757206199,80.18600824562441,16.3265306122449,25.693845418506818,328.0,1112.0,340.0,356.0,395.5
infant7,7050,333.8,10.23200261683999,2.0603150145508513,0.0,237.28040300969857,320.0,360.0,326.0,329.0,340.0
infant7,7051,325.72,2.7108248612869534,1.979486637221574,0.0,24.536975757108273,320.0,332.0,324.0,326.0,328.0
infant7,7052,332.48,7.985292603228994,2.390457218668787,0.0,19.592217456688093,320.0,346.0,324.5,332.0,340.0
infant7,7053,339.04,4.299786420894196,2.2314999074019015,0.0,11.637313700788523,330.0,346.0,336.0,340.0,342.0
infant7,7054,338.24,3.51416956834784,2.0995626366712954,0.0,2.2437964164631556,330.0,344.0,336.0,338.0,340.0
infant7,7055,359.24,24.51451881341058,3.636549160387959,0.0,57.52425039283958,332.0,398.0,338.0,342.0,387.5
infant7,7056,386.72,14.192610897281465,4.130523512800274,0.0,0.3811101208006312,342.0,408.0,384.0,389.0,396.0
infant7,7057,389.88,7.476875916409725,3.907084094622098,0.0,1.7318707991518603,376.0,408.0,386.0,390.0,392.0
infant7,7058,396.56,12.822429328233827,4.746642207381757,0.0,1.7818109228034125,376.0,426.0,388.0,392.0,405.5
infant7,7059,399.24,11.305696595531126,4.580348440537542,0.0,5.417250679071889,380.0,426.0,390.0,401.0,405.5
infant7,7060,394.2,7.287114711346771,4.060762972443398,0.0,0.3509282307652287,380.0,414.0,390.0,392.0,399.5
infant7,7061,398.24,5.505322100347212,3.510915922127002,0.0,0.22347023578956304,386.0,414.0,392.5,399.0,402.0
infant7,7062,392.88,12.143092434695168,3.232488142567074,0.0,6.2232183416666995,368.0,406.0,383.5,399.0,402.0
infant7,7063,376.56,13.2297747061509,3.1298431857438063,0.0,21.763998281530238,362.0,406.0,368.0,372.0,381.5
infant7,7064,358.88,9.782616819478042,2.6649654437396615,0.0,22.74708406958493,344.0,376.0,350.0,361.0,368.0
infant7,7065,347.36,4.507408866952004,2.080031396937291,0.0,2.442327038172602,338.0,360.0,346.0,348.0,350.0
infant7,7066,341.48,4.016496595038913,2.0,0.0,9.847794350534267,334.0,348.0,338.0,340.0,346.0
infant7,7067,337.88,1.7336995950032077,2.1946130708196026,0.0,0.8120128841728302,334.0,342.0,336.0,338.0,339.5
infant7,7068,337.44,1.4591023239775665,1.979486637221574,0.0,1.7663831668316379,334.0,340.0,336.0,338.0,338.0
infant7,7069,334.72,3.631157683501087,1.8070158058105026,0.0,42.032656540769736,326.0,340.0,332.0,336.0,338.0
infant7,7070,326.28,6.639522972783696,2.138089935299395,0.0,61.196573079918046,314.0,336.0,320.0,327.0,332.0
infant7,7071,325.36,10.04837279953164,2.5555062599997598,0.0,45.18602804633046,314.0,350.0,318.0,322.0,327.5
infant7,7072,333.24,10.060145655617758,2.424366106925306,0.0,15.401191917688715,316.0,350.0,326.5,332.0,342.0
infant7,7073,331.68,6.532305902831194,2.1570955529345,0.0,38.758014972477184,324.0,348.0,328.0,328.0,334.0
infant7,7074,330.36,13.977766602131883,4.247448213519573,0.0,45.16562576378681,322.0,390.0,324.5,326.0,328.0
infant7,7075,361.04,34.12639172612449,7.194101892579527,0.0,5.390996859683556,322.0,428.0,326.0,368.0,380.0
infant7,7076,379.24,21.653637107885597,6.540298938434056,0.0,4.184070352799634,352.0,428.0,362.0,377.0,389.0
infant7,7077,380.48,18.772798384462384,4.499433070863892,0.0,20.74132845741744,352.0,418.0,362.0,382.0,392.0
infant7,7078,389.52,12.451112564009398,4.729412959213385,0.0,2.0266078052967456,372.0,418.0,380.0,388.0,400.0
infant7,7079,389.12,9.520418443899343,3.534090536243709,0.0,0.7199434130256103,372.0,408.0,386.0,388.0,394.0
infant7,7080,392.0,5.51065757771026,3.245090483314442,0.0,1.3590460782001077,386.0,408.0,388.0,390.0,394.0
infant7,7081,388.4,13.885831863111846,3.6477558099439156,0.0,3.1076275343833473,358.0,408.0,383.0,392.0,398.0
infant7,7082,376.08,15.958926873031766,3.356382892705923,0.0,43.13893676948382,358.0,404.0,362.0,372.0,388.0
infant7,7083,376.8,13.44376040687839,3.295017884191656,0.0,15.889972757809241,358.0,400.0,362.5,378.0,389.5
infant7,7084,385.28,9.176367161666663,3.356382892705923,0.0,4.130465381542224,364.0,400.0,382.0,386.0,392.0
infant7,7085,386.56,13.260590684661164,3.428571428571429,0.0,13.720337498182548,366.0,416.0,378.0,384.0,394.0
infant7,7086,388.4,13.2664991614216,3.625307868699863,0.0,7.615502124549859,366.0,416.0,380.0,388.0,394.0
infant7,7087,380.24,12.072163967455992,3.2071349029490928,0.0,3.064940495358579,356.0,404.0,374.0,382.0,388.0
infant7,7088,384.0,30.13710168478687,11.13919353692453,0.0,4.666437910990851,354.0,488.0,366.0,377.0,387.0
infant7,7089,415.12,40.390259484490684,13.624707448647273,0.0,9.11704215942478,354.0,488.0,380.5,415.0,448.0
infant7,7090,428.2,25.908000497836923,9.12498252724075,0.0,3.2571066051648416,376.0,482.0,420.0,427.0,443.0
infant7,7091,411.44,14.303075165280836,5.1110125199995196,0.0,14.829491576236563,390.0,440.0,398.0,410.0,424.0
infant7,7092,403.08,14.792220790617186,5.576920370269467,0.0,4.0287667403807745,378.0,442.0,394.0,398.0,409.5
infant7,7093,395.28,18.98123670730586,5.299210568854688,0.0,16.942119770411534,370.0,442.0,382.5,389.0,402.0
infant7,7094,393.04,18.614192522516415,4.642307659791977,0.0,8.915758731035009,370.0,436.0,378.5,386.0,404.0
infant7,7095,379.28,28.054640563422957,4.090806018078958,0.0,95.63717987786285,346.0,436.0,356.0,371.0,402.5
infant7,7096,347.08,10.985779305027727,2.1189138534559038,0.0,67.1100622923889,332.0,370.0,338.0,345.0,355.5
infant7,7097,337.76,3.761024610720991,1.979486637221574,0.0,29.275331455331592,332.0,344.0,334.0,338.0,340.0
infant7,7098,338.04,5.229273957486735,6.9810238416403525,0.0,3.3029655536255937,318.0,356.0,336.0,338.0,340.0
infant7,7099,348.96,11.8579345690933,7.050835816716038,0.0,49.244160191400404,318.0,366.0,338.0,350.0,360.0
infant7,7100,382.72,27.75331566880334,5.495824017620384,0.0,19.28113276581638,348.0,438.0,360.0,368.0,400.5
infant7,7101,393.68,19.21037134849139,5.532833351724881,0.0,16.34232684243329,370.0,438.0,380.0,386.0,400.5
infant7,7102,378.64,5.2128569471087935,2.9277002188455996,0.0,2.8904016517704996,368.0,388.0,376.0,378.0,382.0
infant7,7103,386.4,12.519372742975225,3.896623341995959,0.0,4.62525821923548,368.0,410.0,376.0,383.0,396.0
infant7,7104,397.8,12.67650888655944,4.2378277069118075,0.0,5.298651801381491,378.0,422.0,388.0,396.0,407.5
infant7,7105,396.4,12.434317226850824,4.189393799604337,0.0,4.10586647174984,378.0,422.0,386.5,394.0,405.5
infant7,7106,385.24,11.999251677347488,3.4166459266003995,0.0,3.516533047757332,362.0,408.0,380.5,386.0,392.0
infant7,7107,372.4,7.938539422542744,2.770102775666474,0.0,5.018970578530966,362.0,388.0,368.0,368.0,379.0
infant7,7108,373.2,7.306692487168241,2.710523708715754,0.0,1.7717930672767332,364.0,390.0,368.0,370.0,376.0
infant7,7109,383.28,7.8844719518293465,2.602981022612657,0.0,2.395363286384703,370.0,396.0,376.0,384.0,390.0
infant7,7110,386.76,7.865086893145853,3.3806170189140663,0.0,6.627354642913256,370.0,400.0,382.0,389.0,392.0
infant7,7111,379.04,14.137747994901698,3.6922422809485957,0.0,5.165198405497282,356.0,402.0,370.0,379.0,392.0
infant7,7112,359.6,17.60797592929212,2.7847983842311326,0.0,27.479210051518745,338.0,402.0,346.0,356.0,369.5
infant7,7113,340.04,7.2673718686710265,1.8516401995451028,0.0,24.414442509383488,330.0,356.0,334.0,338.0,346.0
infant7,7114,333.48,1.9716355998955564,1.979486637221574,0.0,1.1891304366938784,330.0,338.0,332.0,334.0,334.0
infant7,7115,333.4,1.7728105208558367,2.3211538298959886,0.0,11.196583113560921,330.0,338.0,332.0,334.0,334.0
infant7,7116,330.36,4.327227514146173,2.356060357495806,0.0,6.68217059848579,320.0,338.0,326.0,332.0,334.0
infant7,7117,323.28,4.878273364665838,2.0203050891044216,0.0,3.503084973660303,314.0,332.0,320.0,323.0,326.0
infant7,7118,318.52,2.517206096173344,1.7842851423995423,0.0,2.9778417560077965,314.0,324.0,316.0,318.0,320.0
infant7,7119,324.0,13.672555558863314,3.319700011034929,0.0,4.477580018214729,314.0,356.0,316.0,318.0,320.0
infant7,7120,344.0,23.633252257040247,5.671266640365488,0.0,2.1334871309442036,314.0,404.0,321.0,345.0,356.0
infant7,7121,359.68,19.858108917918603,6.694499722205704,0.0,9.894676151624388,334.0,404.0,342.5,357.0,370.0
infant7,7122,363.44,18.661495882469566,7.10274451123203,0.0,6.936647323555009,338.0,420.0,350.5,364.0,369.5
infant7,7123,391.4,30.487869785894073,6.590035768383312,0.0,2.7400376791453636,338.0,428.0,366.0,406.0,420.0
infant7,7124,398.88,22.091313280314044,5.038626311013828,0.0,8.551123072597468,366.0,428.0,372.5,407.0,419.5
infant7,7125,372.56,12.408292158299394,3.958973274443148,0.0,2.8837475164271873,360.0,408.0,366.0,369.0,372.0
infant7,7126,389.52,31.03798857358314,7.073953373222827,0.0,8.131753278912363,360.0,462.0,366.0,372.0,411.5
infant7,7127,406.76,20.646252810184247,7.1199633110726355,0.0,2.6653713805667896,372.0,462.0,394.5,403.0,412.0
infant7,7128,401.2,9.889181885643875,3.927922024247863,0.0,5.4191561826141506,384.0,420.0,394.0,401.0,408.0
infant7,7129,394.8,15.804933355359235,4.100771455544949,0.0,2.3154435637638873,364.0,420.0,384.5,396.0,407.5
infant7,7130,380.16,13.110768280232824,3.625307868699863,0.0,12.431747777492188,362.0,412.0,370.0,376.0,393.0
infant7,7131,359.76,15.521624152340845,2.857142857142857,0.0,76.11420362977316,334.0,386.0,346.0,363.0,372.0
infant7,7132,338.08,10.30125809633692,1.9378085666072196,0.0,46.294664094362055,324.0,364.0,330.0,336.0,345.5
infant7,7133,325.88,5.101580387387774,1.8952141659173714,0.0,41.43100170448734,316.0,336.0,322.0,325.0,329.5
infant7,7134,321.76,1.8357003890524584,2.0,0.0,1.1564933687785748,316.0,326.0,320.0,322.0,323.5
infant7,7135,326.68,6.136009472360514,2.080031396937291,0.0,23.63836500857119,320.0,340.0,322.0,324.0,332.0
infant7,7136,336.48,10.016802210816198,3.404678653660853,0.0,4.799812447919661,322.0,362.0,330.0,334.0,343.0
infant7,7137,343.04,9.144999748942766,3.282607226593159,0.0,0.8225276263438382,328.0,362.0,334.5,344.0,351.5
infant7,7138,336.8,9.133924207511875,2.0603150145508513,0.0,76.55884926817609,326.0,354.0,328.5,334.0,344.0
infant7,7139,328.96,1.947892634178207,1.8735538640862859,0.0,0.5980673251926076,326.0,334.0,328.0,328.0,330.0
infant7,7140,336.28,9.930452031555282,1.9378085666072196,0.0,23.148377120426012,326.0,356.0,328.5,330.0,345.5
infant7,7141,359.68,23.237408264631036,4.772369453854305,0.0,8.380360978221747,330.0,404.0,346.5,352.0,366.0
infant7,7142,381.0,18.99194243754494,5.707138387268051,0.0,23.04651330489955,350.0,408.0,366.0,380.0,400.0
infant7,7143,391.12,19.869615815436926,6.910506641398757,0.0,10.387952558000253,362.0,438.0,373.0,395.0,403.5
infant7,7144,383.76,23.19619954797311,6.464976285134148,0.0,3.926606701440191,354.0,438.0,364.0,378.0,402.0
infant7,7145,378.08,14.21674781260985,3.843892584878203,0.0,27.286699035127633,354.0,404.0,366.0,379.0,390.0
infant7,7146,396.68,18.127034720414205,5.862367008195197,0.0,1.5422230018524448,368.0,442.0,386.0,393.0,402.0
infant7,7147,403.2,15.167096502842284,6.452337023220694,0.0,0.23404189001812606,382.0,442.0,392.0,401.0,410.0
infant7,7148,413.08,24.375330453019043,6.809357307321706,0.0,14.083700194316933,382.0,458.0,392.5,406.0,432.0
infant7,7149,418.08,22.248907333867443,6.9810238416403525,0.0,14.506511361540731,384.0,458.0,400.0,418.0,433.0
infant7,7150,406.92,14.564199887647346,5.613395058396715,0.0,12.312907843366242,380.0,430.0,393.5,411.0,419.5
infant7,7151,414.64,17.780704974430996,6.509020428511153,0.0,10.992396727131718,380.0,454.0,404.5,414.0,424.0
infant7,7152,411.92,16.640054944964234,5.56226352398051,0.0,19.58549290295307,392.0,454.0,398.5,408.0,415.5
infant7,7153,402.68,20.95129434411816,5.8970764115857985,0.0,3.4142408996577434,370.0,456.0,392.0,397.0,411.5
infant7,7154,400.84,21.972487435009096,6.651683843898752,0.0,4.742305999755396,370.0,456.0,386.0,394.0,412.0
infant7,7155,393.12,9.6312416814516,4.389226141639205,0.0,1.327825072508251,380.0,414.0,386.0,390.0,398.0
infant7,7156,394.24,8.690975849954354,3.5225222874108435,0.0,5.4353699606825865,380.0,410.0,388.0,392.0,402.0
infant7,7157,385.32,15.844190334218368,3.475864303027554,0.0,38.888974373942546,360.0,410.0,372.0,385.0,400.0
infant7,7158,360.4,12.61680123761121,2.799416848895061,0.0,62.78521070990636,342.0,384.0,350.0,360.0,371.5
infant7,7159,365.68,25.71860281221056,7.34013290209436,0.0,2.9308734233555205,342.0,440.0,350.0,356.0,371.5
infant7,7160,361.32,28.865939253375974,7.5646870256421295,0.0,9.483099755565933,332.0,440.0,340.0,353.0,371.5
infant7,7161,337.16,5.870576928155167,3.245090483314442,0.0,8.008350346678222,332.0,354.0,334.0,334.0,340.0
infant7,7162,333.28,2.9069936781661494,2.740475156178697,0.0,10.337425680496615,328.0,340.0,332.0,334.0,334.0
infant7,7163,333.44,3.4532445553687148,2.8713930346059686,0.0,6.553143990854355,328.0,340.0,332.0,332.0,336.0
infant7,7164,340.44,12.760205999232817,3.7252585172586565,0.0,18.841803011367702,328.0,374.0,332.0,336.0,340.0
infant7,7165,354.68,18.63334732819257,5.8344508161891815,0.0,7.514370576307697,330.0,420.0,340.0,352.0,365.5
infant7,7166,381.04,37.22242027902769,9.930369826847295,0.0,0.8558960276976948,346.0,482.0,354.0,365.0,396.0
infant7,7167,400.92,31.005489968121214,9.236131357282636,0.0,2.5386672497327862,354.0,482.0,382.0,398.0,411.5
infant7,7168,386.48,18.95885986410941,4.040610178208843,0.0,11.180797867228232,364.0,436.0,370.5,379.0,399.5
infant7,7169,372.12,8.856313325209634,6.266203485560374,0.0,5.286555294772878,360.0,398.0,366.0,370.0,375.5
infant7,7170,375.76,10.479445381803565,6.4712866588035,0.0,7.297560718228151,360.0,398.0,368.0,374.0,384.0
infant7,7171,391.12,19.31969493146561,6.40790328343023,0.0,6.092597045092373,366.0,434.0,376.0,388.0,405.5
infant7,7172,386.48,23.40263372584638,6.337449432233953,0.0,13.43517377728702,356.0,434.0,366.5,384.0,405.5
infant7,7173,376.68,13.771369294478236,3.8861344310672696,0.0,10.67643075581258,356.0,406.0,366.5,376.0,386.0
infant7,7174,385.68,8.479122018468754,3.854496446637726,0.0,2.542388780690975,370.0,406.0,382.0,386.0,390.0
infant7,7175,386.16,7.293721090564047,10.06103820666229,2.0408163265306123,0.14034028389333253,360.0,414.0,382.0,386.0,390.0
infant7,7176,376.48,11.510846703728388,9.89743318610787,2.0408163265306123,22.113509993742284,360.0,414.0,368.0,375.0,384.0
infant7,7177,372.76,14.077859299232239,4.090806018078958,0.0,16.13178188249242,358.0,410.0,364.0,368.0,372.0
infant7,7178,380.28,14.950312262113252,4.389226141639205,0.0,13.125588179546044,358.0,410.0,370.0,376.0,392.0
infant7,7179,384.6,8.113983897807387,3.295017884191656,0.0,6.501660924476946,372.0,404.0,378.5,386.0,390.0
infant7,7180,382.36,5.401284805582872,2.9277002188455996,0.0,16.830672598721367,374.0,392.0,378.0,382.0,386.0
infant7,7181,381.04,4.145122533330774,3.2071349029490928,0.0,7.20518853937172,374.0,390.0,378.0,380.0,384.0
infant7,7182,374.16,11.841400909951664,3.295017884191656,0.0,16.50506079118681,352.0,390.0,362.5,380.0,384.0
infant7,7183,356.04,10.486064610730192,2.8284271247461903,0.0,64.78365652039307,342.0,382.0,348.0,353.0,362.0
infant7,7184,340.8,8.675557971822272,5.959043889889774,0.0,23.22154085468162,320.0,354.0,334.0,342.0,348.0
infant7,7185,329.64,6.281687021551988,6.127888739864919,0.0,15.807012479668144,320.0,350.0,326.0,328.0,333.5
infant7,7186,330.24,17.098227620285737,5.086998232789958,0.0,18.515630122793176,320.0,392.0,322.0,324.0,328.0
infant7,7187,341.92,22.878418669486898,9.310954706743042,0.0,4.924885090225832,320.0,416.0,324.0,335.0,351.0
infant7,7188,337.92,18.3701621425304,8.02546966010751,0.0,65.1165175476749,322.0,416.0,326.0,332.0,341.5
infant7,7189,334.36,8.307262620436287,2.7847983842311326,0.0,6.838372547092717,322.0,350.0,326.0,335.0,341.5
infant7,7190,338.52,4.40426509424764,3.1298431857438063,0.0,6.53802170750783,330.0,350.0,334.0,338.0,341.5
infant7,7191,352.52,20.46723613734988,8.769148144698747,0.0,5.68587673485081,330.0,404.0,334.5,340.0,373.5
infant7,7192,372.84,12.467688851833064,10.301575072754256,0.0,0.5379470144591588,338.0,404.0,368.0,374.0,380.0
infant7,7193,378.32,10.055844071981227,10.732365697710256,0.0,1.4525977766669531,362.0,410.0,370.0,379.0,382.0
infant7,7194,388.52,17.819090885900998,11.273954089685063,0.0,1.3794484048146782,362.0,442.0,378.0,385.0,391.5
infant7,7195,389.8,17.743064180986675,6.074369035848371,0.0,3.1195047444605666,368.0,442.0,378.0,385.0,394.0
infant7,7196,377.2,12.128563015309215,3.9692697112713726,0.0,3.646959560072899,358.0,412.0,368.5,375.0,382.0
infant7,7197,377.12,10.118965825999961,3.822596617217043,0.0,1.3645501228711616,358.0,402.0,370.5,378.0,382.0
infant7,7198,375.88,11.186070054550264,3.67006645104718,0.0,8.769419647401827,358.0,402.0,366.5,376.0,382.0
infant7,7199,369.64,7.7374256120521645,6.324555320336759,0.0,4.477586267300823,352.0,388.0,364.5,368.0,375.5
infant7,7200,366.68,10.074092859348454,10.036667468714455,0.0,1.981282050002246,346.0,396.0,360.5,368.0,372.0
infant7,7201,351.68,14.028309569857486,8.38852471765897,0.0,36.57209725780434,334.0,396.0,340.0,348.0,361.5
infant7,7202,336.8,5.252793231671496,3.232488142567074,0.0,35.036271478566654,328.0,348.0,334.0,336.0,340.0
infant7,7203,335.08,3.4335677880452633,3.05059378629466,0.0,22.670420623507333,328.0,340.0,332.0,334.0,338.0
infant7,7204,335.92,3.022635692671587,2.1759351731039738,0.0,1.1936028915230996,330.0,340.0,334.0,336.0,338.0
infant7,7205,330.2,7.162829220983813,8.518886580500327,0.0,1.9543073743330373,304.0,352.0,326.0,330.0,335.5
infant7,7206,323.2,5.938459911664722,8.528463746628171,0.0,11.794988262817165,304.0,352.0,320.0,322.0,326.0
infant7,7207,322.6,3.838579669298401,2.710523708715754,0.0,3.448870081024968,318.0,332.0,320.0,322.0,324.0
infant7,7208,323.72,4.1405905129484095,3.3926691677251193,0.0,22.632288761254305,318.0,332.0,320.0,323.0,327.5
infant7,7209,320.32,4.088011342290268,3.2576440717118227,0.0,14.257552392158978,314.0,330.0,318.0,319.0,322.0
infant7,7210,321.88,4.971921157862421,2.9692299558323607,0.0,12.158490363823411,314.0,334.0,318.0,322.0,326.0
infant7,7211,338.32,13.8290436755255,3.534090536243709,0.0,10.390853119030702,322.0,368.0,326.0,336.0,350.0
infant7,7212,350.96,7.453146164882455,3.7688302737922625,0.0,1.5856016753521396,338.0,368.0,346.0,350.0,356.0
infant7,7213,351.64,5.29443296379917,2.6649654437396615,0.0,2.76979522422475,344.0,368.0,348.0,352.0,354.0
infant7,7214,361.4,12.83013035389583,2.6186146828319083,0.0,7.157786643054828,346.0,390.0,352.0,357.0,365.5
infant7,7215,377.04,11.600422230176251,3.219836477024184,0.0,9.775893246972652,356.0,394.0,366.5,381.0,386.0
infant7,7216,370.6,14.581229197086204,2.75532878885513,0.0,26.654869384181126,348.0,394.0,358.5,369.0,386.0
infant7,7217,359.48,7.89533574527469,2.75532878885513,0.0,11.302758661487378,348.0,376.0,352.0,359.0,366.0
infant7,7218,362.08,6.601916852130825,2.799416848895061,0.0,2.0690494988483037,350.0,376.0,356.5,364.0,366.0
infant7,7219,363.08,4.241870977264054,2.424366106925306,0.0,4.9285462380456275,356.0,372.0,360.0,364.0,366.0
infant7,7220,371.08,10.405728406674344,2.8713930346059686,0.0,11.361960600439621,356.0,390.0,362.5,369.0,380.0
infant7,7221,376.84,7.462450218614936,2.710523708715754,0.0,45.55942571277704,366.0,390.0,370.0,377.0,382.0
infant7,7222,377.0,6.6792398443205485,2.2131333406899527,0.0,4.47881599355496,366.0,392.0,372.0,377.0,382.0
infant7,7223,377.92,4.914950121199355,2.9692299558323607,0.0,3.9895041540358895,370.0,392.0,376.0,376.0,380.0
infant7,7224,372.04,5.352702922022534,2.770102775666474,0.0,16.992197231151167,364.0,380.0,366.0,373.0,376.0
infant7,7225,387.76,24.306344178978023,5.103020314140501,0.0,5.351592309465183,364.0,442.0,366.0,375.0,404.0
infant7,7226,392.4,20.804238186740033,5.15870573864794,0.0,30.31540923887781,370.0,442.0,374.0,386.0,404.0
infant7,7227,385.52,10.595031565670347,3.0371845179241856,0.0,34.44036429050093,370.0,406.0,374.5,386.0,393.5
infant7,7228,388.72,7.769747717386758,3.0639443699324596,0.0,3.6709713660526964,376.0,406.0,384.0,386.0,394.0
infant7,7229,416.96,76.51516056258633,25.092482002807625,6.122448979591836,14.058459632919973,376.0,784.0,384.0,397.0,412.5
infant7,7230,459.8,90.92293215595687,32.50620035046376,12.244897959183673,9.641552468036165,398.0,784.0,408.0,425.0,443.5
infant7,7231,435.56,72.63359542025624,21.78559718938086,4.081632653061225,14.179253065813294,376.0,730.0,392.0,413.0,441.0
infant7,7232,418.24,47.44688114736568,16.25812198909348,0.0,9.282599051663597,376.0,574.0,392.0,402.0,419.5
infant7,7233,414.68,41.92239672226262,10.999072317097234,0.0,29.949073938264057,384.0,574.0,394.5,402.0,410.0
infant7,7234,391.28,8.347161316328823,2.9965967090575756,0.0,2.316959872961086,372.0,406.0,386.5,392.0,396.0
infant7,7235,389.16,6.4661126068835175,2.7847983842311326,0.0,0.38196965171980407,372.0,402.0,386.0,390.0,393.5
infant7,7236,392.2,10.798714965122432,4.257046978786097,0.0,0.6583413329742915,374.0,426.0,388.0,390.0,394.0
infant7,7237,381.52,18.439354541804526,5.390846361175202,0.0,7.056825422024683,358.0,426.0,366.0,376.0,391.5
infant7,7238,388.0,25.459050754223387,6.70668262531743,0.0,3.5454803181297967,358.0,454.0,366.0,384.0,401.0
infant7,7239,385.32,26.559475037841285,5.678459118386226,0.0,11.125724578885782,354.0,454.0,364.0,379.0,398.0
infant7,7240,357.0,8.937424182638315,2.5394841192330255,0.0,12.702390359266502,346.0,378.0,350.0,354.0,363.5
infant7,7241,348.36,4.153975229112667,2.7847983842311326,0.0,8.206459257624362,336.0,356.0,346.0,348.0,352.0
infant7,7242,342.04,5.986242731531718,2.5872528966106905,0.0,25.487270162753262,334.0,354.0,338.0,340.0,346.0
infant7,7243,335.2,3.077237032648288,2.0203050891044216,0.0,8.675106029516755,328.0,342.0,334.0,335.0,338.0
infant7,7244,336.88,4.5384524918090925,2.3035022137995855,0.0,13.7279823895771,328.0,344.0,334.0,337.0,340.0
infant7,7245,338.96,3.6642787524300338,2.080031396937291,0.0,4.944627371458751,330.0,344.0,338.0,340.0,342.0
infant7,7246,337.36,4.685017369775916,2.407471363764674,0.0,22.30832730727609,326.0,346.0,332.5,338.0,340.0
infant7,7247,353.28,17.070131451019996,3.7032803990902057,0.0,5.0719671751509425,326.0,378.0,340.0,348.0,369.5
infant7,7248,364.0,7.814168189244196,3.6477558099439156,0.0,3.520174164367437,350.0,378.0,356.0,364.0,370.0
infant7,7249,373.08,18.618445977369994,5.495824017620384,0.0,5.583719504803808,352.0,418.0,358.0,367.0,381.5
infant7,7250,377.16,17.407903436106725,5.965889433663172,0.0,3.1984917323302016,350.0,418.0,366.5,374.0,389.5
infant7,7251,379.92,15.747808399512458,4.179639668093655,0.0,2.524312598626827,350.0,402.0,368.0,386.0,392.0
infant7,7252,386.2,10.119691856242765,4.304719763805532,0.0,19.336930608994376,368.0,406.0,378.0,388.0,392.0
infant7,7253,390.0,18.89606373004166,5.030519103331145,0.0,9.250910083169767,368.0,434.0,376.5,384.0,397.5
infant7,7254,394.04,15.879598000360755,4.20883424647321,0.0,7.476520197909692,376.0,434.0,382.5,390.0,396.0
infant7,7255,389.84,5.448684544484671,2.695423180587601,0.0,9.021461673937063,380.0,400.0,386.0,390.0,393.5
infant7,7256,388.64,10.663230739129599,3.404678653660853,0.0,22.856426018681688,368.0,404.0,380.0,392.0,397.5
infant7,7257,390.2,16.41925201507955,4.285714285714286,0.0,6.754549636499275,368.0,426.0,376.0,388.0,402.0
infant7,7258,396.76,14.381904730371057,3.958973274443148,0.0,10.112793620721872,374.0,426.0,388.0,393.0,410.5
infant7,7259,394.64,7.9224815737062,2.602981022612657,0.0,13.957085912002219,388.0,418.0,390.0,392.0,395.5
infant7,7260,391.88,2.7228436515930197,2.3386722205349857,0.0,0.4512168326924689,386.0,398.0,390.0,392.0,394.0
infant7,7261,393.32,2.788021022964102,2.1570955529345,0.0,6.112262176276844,386.0,398.0,392.0,392.0,395.5
infant7,7262,391.4,3.1879876577744852,1.8070158058105026,0.0,2.0129582476371968,386.0,398.0,388.5,392.0,392.0
infant7,7263,389.48,2.6437450246009053,1.7842851423995423,0.0,7.773541187434079,384.0,394.0,388.0,390.0,392.0
infant7,7264,388.4,3.854496446637726,2.3386722205349857,0.0,0.7056891196840585,380.0,394.0,386.0,389.0,392.0
infant7,7265,395.4,13.463480460952471,3.5913728828504383,0.0,3.473392453545865,380.0,426.0,386.0,390.0,406.0
infant7,7266,410.52,13.302201751160272,4.120630029101703,0.0,1.5606274728267857,384.0,432.0,404.0,412.0,419.5
infant7,7267,415.0,7.91021039994693,3.1558174334820746,0.0,109.91401650941837,402.0,432.0,410.0,416.0,420.0
infant7,7268,407.04,8.799257853677787,2.6649654437396615,0.0,4.060564744010482,392.0,422.0,402.0,405.0,414.0
infant7,7269,396.84,6.822412045783293,2.634155559226539,0.0,7.953893748619352,384.0,414.0,392.0,396.0,402.0
infant7,7270,395.64,5.073983259969329,2.3386722205349857,0.0,0.8556950114406072,384.0,404.0,392.0,396.0,400.0
infant7,7271,401.32,4.3445485428081385,2.5872528966106905,0.0,5.385934586445238,392.0,412.0,400.0,400.0,403.5
infant7,7272,402.88,3.4085127524586833,2.799416848895061,0.0,1.0350134905087203,398.0,412.0,400.0,402.0,405.5
infant7,7273,401.36,3.462687407438427,2.740475156178697,0.0,4.86144748527432,392.0,410.0,400.0,402.0,404.0
infant7,7274,384.24,18.63785920964013,3.0371845179241856,0.0,335.98053329487976,348.0,410.0,366.5,390.0,400.0
infant7,7275,354.68,15.605388917463934,2.457807219155036,0.0,136.75620416262615,336.0,388.0,342.0,349.0,366.0
infant7,7276,339.16,4.161828483555109,1.8735538640862859,0.0,3.120805898435357,332.0,350.0,338.0,338.0,341.5
infant7,7277,333.92,3.635651136134141,1.7142857142857144,0.0,14.56478201002008,328.0,340.0,332.0,332.0,338.0
infant7,7278,330.28,1.979898987322333,1.5907898179514348,0.0,2.0297736387282233,326.0,334.0,330.0,330.0,332.0
infant7,7279,330.56,3.9803599468041138,1.7612611437054218,0.0,7.3660220441787745,326.0,340.0,328.0,330.0,332.0
infant7,7280,336.2,6.752172741769414,2.1946130708196026,0.0,12.205361972946102,326.0,348.0,328.5,336.0,340.0
infant7,7281,335.84,6.48816819530846,2.249716535431946,0.0,8.608896918234576,326.0,348.0,330.5,335.0,338.0
infant7,7282,333.04,5.06673827375106,2.080031396937291,0.0,11.99764055621555,326.0,344.0,328.0,332.0,336.0
infant7,7283,338.88,6.26177258596696,2.0,0.0,13.574966821267479,326.0,348.0,334.0,340.0,344.0
infant7,7284,337.64,6.889092236044942,1.979486637221574,0.0,31.94617295783467,326.0,348.0,332.0,338.0,344.0
infant7,7285,366.24,46.62598032016406,7.114228341707848,0.0,16.306051643751704,326.0,466.0,332.0,344.0,398.0
infant7,7286,396.24,32.84258062395244,8.040712731125879,0.0,9.941431319517752,344.0,466.0,380.0,394.0,411.0
infant7,7287,403.16,13.61925407768917,4.703450752329808,0.0,2.779479291745509,376.0,424.0,393.0,406.0,412.0
infant7,7288,412.64,4.82239672819249,3.4522988495984492,0.0,8.629437392068162,404.0,424.0,410.0,412.0,415.5
infant7,7289,412.76,3.543087550111499,3.1943828249996997,0.0,5.00368262199703,406.0,420.0,410.0,412.0,416.0
infant7,7290,413.2,3.979539507766891,3.6589281356759136,0.0,0.22291955037790387,404.0,422.0,412.0,414.0,416.0
infant7,7291,411.36,5.90316414635198,4.040610178208843,0.0,14.731460869908577,400.0,424.0,408.0,412.0,415.5
infant7,7292,411.64,6.971545666463918,4.100771455544949,0.0,4.346763224930242,396.0,428.0,408.0,412.0,415.5
infant7,7293,410.56,14.983201478009038,4.814942727529348,0.0,84.27575546034323,382.0,440.0,400.0,412.0,419.0
infant7,7294,410.12,16.410101418681986,4.882287854467161,0.0,26.742809032344223,382.0,440.0,398.0,411.0,424.0
infant7,7295,405.12,11.256997823576231,3.6589281356759136,0.0,4.4508500457540014,392.0,434.0,398.0,401.0,411.5
infant7,7296,398.28,8.181711811306073,3.05059378629466,0.0,0.6076231326123454,384.0,424.0,394.0,398.0,401.5
infant7,7297,411.8,16.409305473494268,4.633507068636244,0.0,88.08457217537338,384.0,436.0,398.0,415.0,426.0
infant7,7298,414.44,13.99877545665028,4.65985898008574,0.0,66.08456660588682,388.0,436.0,404.0,416.0,426.0
infant7,7299,404.92,9.49509003084634,3.5685702847990846,0.0,21.935612118869543,388.0,422.0,398.0,404.0,412.0
infant7,7300,406.32,6.656100470199331,2.8855728395320224,0.0,4.820069541931389,394.0,422.0,400.5,406.0,411.5
infant7,7301,408.92,4.124788182564095,2.7847983842311326,0.0,6.314931573690915,400.0,416.0,406.0,410.0,412.0
infant7,7302,408.4,4.080816244881628,2.4411439272335804,0.0,16.398900946120573,402.0,416.0,404.0,408.0,410.0
infant7,7303,410.8,12.308948130593151,4.499433070863892,0.0,10.044200006212922,394.0,448.0,404.0,407.0,415.0
infant7,7304,416.16,11.541159705460228,4.589250972631146,0.0,24.915903672972746,394.0,448.0,410.0,416.0,422.0
infant7,7305,416.72,4.115872709798653,3.1943828249996997,0.0,18.543796342382613,408.0,426.0,414.0,416.0,420.0
infant7,7306,416.12,3.799248045901414,3.142857142857143,0.0,2.5427906532319664,408.0,426.0,414.0,416.0,418.0
infant7,7307,422.32,8.507955460770171,3.5685702847990846,0.0,51.75541604429919,408.0,436.0,414.0,424.0,429.5
infant7,7308,425.32,5.578530272392541,3.3073819722257785,0.0,8.03643175587903,416.0,436.0,422.0,425.0,429.5
infant7,7309,420.4,2.649605284427344,2.5872528966106905,0.0,6.303977917912111,416.0,426.0,418.0,420.0,422.0
infant7,7310,419.76,2.959315971708355,2.4907993963089563,0.0,34.80093811528407,412.0,426.0,418.0,420.0,422.0
infant7,7311,414.36,7.842219594175192,2.634155559226539,0.0,20.890643358381876,398.0,426.0,412.0,416.0,420.0
infant7,7312,414.72,11.895874778035195,3.534090536243709,0.0,122.05181860469003,396.0,440.0,404.5,414.0,420.0
infant7,7313,395.92,27.883020947215478,3.428571428571429,0.0,49.867956371585244,352.0,440.0,370.0,396.0,419.5
infant7,7314,362.8,12.61680123761121,2.138089935299395,0.0,95.69653547093117,350.0,396.0,352.0,359.0,370.0
infant7,7315,353.72,3.4760991507899273,1.737932151513777,0.0,8.76033542955528,348.0,360.0,352.0,352.0,356.0
infant7,7316,351.64,3.7184591937400904,1.8952141659173714,0.0,1.0390870719462217,342.0,360.0,350.0,352.0,354.0
infant7,7317,346.84,4.142167430272244,1.7612611437054218,0.0,9.95616722381042,340.0,354.0,344.0,346.0,352.0
infant7,7318,342.48,1.9612574059120589,1.8294640678379568,0.0,2.029481980529133,338.0,346.0,342.0,342.0,344.0
infant7,7319,340.96,3.1620195045158677,2.407471363764674,0.0,7.752730383332725,336.0,350.0,338.5,340.0,342.0
infant7,7320,340.8,4.624689730353898,2.4743582965269675,0.0,36.5422070034607,334.0,350.0,336.0,340.0,344.0
infant7,7321,333.88,8.479603379249985,1.8516401995451028,0.0,11.583991663025246,322.0,348.0,326.0,334.0,340.0
infant7,7322,322.6,5.225526045191966,1.9166296949998198,0.0,4.813473447133119,316.0,334.0,318.0,322.0,326.0
infant7,7323,321.0,5.2876444352347844,1.8735538640862859,0.0,8.878699409405554,316.0,334.0,318.0,320.0,322.0
infant7,7324,324.0,5.1110125199995196,2.0203050891044216,0.0,16.275556281522796,316.0,334.0,320.0,324.0,329.5
infant7,7325,322.16,3.9141814376099915,1.8735538640862859,0.0,28.38275084648419,316.0,332.0,320.0,322.0,324.0
infant7,7326,322.16,3.3280502350996657,1.6413036132965795,0.0,10.200614104992477,316.0,332.0,320.0,322.0,324.0
infant7,7327,354.04,37.18347229946254,6.627093431281829,0.0,14.112578639469596,322.0,434.0,324.0,334.0,379.5
infant7,7328,374.96,23.90539175797043,6.821335077893327,0.0,8.405515002959481,336.0,434.0,364.0,368.0,379.5
infant7,7329,368.96,8.497202420773077,2.75532878885513,0.0,3.1879376855038424,358.0,388.0,364.0,366.0,371.5
infant7,7330,378.2,10.295630140987,3.0904725218262765,0.0,8.533755946005305,358.0,390.0,370.0,382.0,386.0
infant7,7331,382.32,7.702212775083083,3.1687247161169765,0.0,3.336427905212051,368.0,398.0,378.5,384.0,386.0
infant7,7332,386.72,10.11573839446761,3.3441999744913216,0.0,6.680798222108624,368.0,400.0,378.5,390.0,394.0
infant7,7333,388.24,6.176188640452054,3.0237157840738176,0.0,4.156183441794397,378.0,400.0,382.0,388.0,394.0
infant7,7334,383.2,2.424366106925306,2.2857142857142856,0.0,1.8195416013777406,378.0,390.0,382.0,383.0,384.0
infant7,7335,384.64,2.301374921783116,2.5394841192330255,0.0,8.592978731445251,378.0,390.0,384.0,384.0,386.0
infant7,7336,386.28,3.8121181642177864,2.5872528966106905,0.0,1.1742751141043202,380.0,394.0,384.0,386.0,388.0
infant7,7337,383.48,5.091970469799105,2.2131333406899527,0.0,14.756908545383022,376.0,394.0,380.0,382.0,386.0
infant7,7338,380.36,10.37807736509602,2.813959371941744,0.0,6.01581647143564,364.0,406.0,376.0,380.0,384.0
infant7,7339,390.24,14.975571945740198,3.0904725218262765,0.0,36.13100667709487,364.0,412.0,377.0,394.0,401.5
infant7,7340,395.44,10.529181994314076,3.356382892705923,0.0,3.6862463007827393,366.0,412.0,392.0,397.0,400.0
infant7,7341,383.2,13.27265102781364,3.270149469217028,0.0,126.10913408228771,362.0,404.0,370.0,385.0,396.0
infant7,7342,380.64,9.776606815062499,2.6186146828319083,0.0,50.09352067605528,362.0,398.0,374.5,382.0,388.0
infant7,7343,391.12,7.826277036043252,2.249716535431946,0.0,16.38519779363171,376.0,404.0,386.5,392.0,396.0
infant7,7344,396.12,4.667035942629531,2.1946130708196026,0.0,2.4398895280744446,388.0,404.0,392.0,398.0,400.0
infant7,7345,395.32,3.7167025104278126,2.040408122440814,0.0,6.32220877760949,388.0,400.0,392.0,396.0,398.0
infant7,7346,395.2,4.333071682315171,2.0603150145508513,0.0,0.9397558666420566,388.0,404.0,392.0,395.0,398.0
infant7,7347,395.48,4.2534019997442725,2.4411439272335804,0.0,12.365591944153623,388.0,404.0,392.0,395.0,398.0
infant7,7348,393.6,3.0237157840738176,2.138089935299395,0.0,1.7471339080060198,388.0,402.0,392.0,394.0,396.0
infant7,7349,390.88,2.946045429634341,2.0203050891044216,0.0,10.661131801969693,384.0,396.0,388.5,392.0,393.5
infant7,7350,391.28,3.2010202455224954,2.0603150145508513,0.0,25.259490927553514,384.0,396.0,388.0,392.0,394.0
infant7,7351,383.48,12.227837094106219,2.0203050891044216,0.0,25.451830504268305,364.0,396.0,368.5,390.0,393.5
infant7,7352,447.2,108.87626378750572,15.37291548835955,2.0408163265306123,39.220674209690415,364.0,712.0,368.0,388.0,567.5
infant7,7353,479.8,100.48555587135651,25.475077857324298,8.16326530612245,11.794814687700567,366.0,712.0,401.0,442.0,581.5
infant7,7354,439.68,81.96799773729516,32.37030637318525,16.3265306122449,30.170672132037648,358.0,692.0,376.5,423.0,455.5
infant7,7355,411.44,74.52383812566012,26.40655453573941,12.244897959183673,10.634245933253014,358.0,692.0,372.0,381.0,414.0
infant7,7356,377.8,11.642638034748106,2.9692299558323607,0.0,4.910322230900937,360.0,414.0,370.0,376.0,382.0
infant7,7357,361.2,13.388999444411406,2.356060357495806,0.0,20.15767338327621,340.0,386.0,350.0,360.0,371.5
infant7,7358,342.96,8.506803999488543,1.8070158058105026,0.0,118.48924255841266,332.0,360.0,336.0,340.0,350.0
infant7,7359,339.72,7.969431393436666,2.1946130708196026,0.0,18.7977576393062,332.0,358.0,334.0,336.0,343.0
infant7,7360,341.16,7.429560373732673,2.3211538298959886,0.0,7.300186227164453,332.0,358.0,336.0,339.0,344.0
infant7,7361,334.2,5.602477586036451,2.2131333406899527,0.0,37.323307997667385,324.0,344.0,328.0,336.0,338.0
infant7,7362,327.96,3.1684670857481523,2.523360247522242,0.0,12.581155924374613,320.0,336.0,326.0,328.0,329.5
infant7,7363,326.32,1.9106575425486272,2.2131333406899527,0.0,3.880952096424773,320.0,330.0,326.0,326.0,328.0
infant7,7364,331.68,7.8595840363526746,1.8294640678379568,0.0,12.044412728270508,324.0,346.0,326.0,328.0,340.0
infant7,7365,340.12,6.7541068383372105,2.2857142857142856,0.0,5.554211762412452,326.0,348.0,338.0,343.0,344.0
infant7,7366,339.4,4.768091219508182,2.080031396937291,0.0,21.589662745114165,330.0,348.0,336.0,338.0,344.0
infant7,7367,330.72,5.536668120589406,1.6659862556700857,0.0,41.023093371872534,322.0,338.0,326.0,330.0,336.0
infant7,7368,325.68,2.3685007744071664,1.6903085094570331,0.0,8.54298474789263,320.0,330.0,324.0,326.0,328.0
infant7,7369,323.48,3.150898802771381,2.040408122440814,0.0,2.7205025430364356,318.0,330.0,322.0,323.0,326.0
infant7,7370,319.64,2.5133114995713424,1.8952141659173714,0.0,23.95786656662676,316.0,324.0,318.0,320.0,322.0
infant7,7371,333.68,22.084660850870208,4.580348440537542,0.0,7.655091956835266,316.0,390.0,318.0,320.0,347.5
infant7,7372,353.4,20.39307605586779,5.771145679064045,0.0,4.069051594390557,320.0,392.0,340.0,351.0,365.5
infant7,7373,365.76,15.859793858196575,4.2378277069118075,0.0,1.609913812515901,338.0,392.0,352.0,368.0,380.0
infant7,7374,376.56,5.330543488008613,2.695423180587601,0.0,2.0614443270828104,364.0,386.0,374.0,378.0,380.0
infant7,7375,377.36,7.322762944603433,2.813959371941744,0.0,15.108611160454336,356.0,388.0,374.5,378.0,382.0
infant7,7376,376.76,11.305696595531124,3.1036515689143473,0.0,14.968695664553662,356.0,398.0,368.5,377.0,384.0
infant7,7377,381.84,11.247421473205243,3.6027200608338545,0.0,9.802560088153099,358.0,398.0,374.5,382.0,392.0
infant7,7378,378.04,10.249858137395595,3.3073819722257785,0.0,22.485723436041976,362.0,398.0,370.0,376.0,384.0
infant7,7379,376.4,7.698396334461417,2.5394841192330255,0.0,6.845681887968592,362.0,390.0,370.0,378.0,382.0
infant7,7380,382.08,3.9991835901537582,2.3211538298959886,0.0,1.923807011352304,374.0,390.0,378.5,383.0,385.5
infant7,7381,379.24,6.588673026103054,2.6186146828319083,0.0,1.6668168949792193,366.0,390.0,374.0,380.0,384.0
infant7,7382,379.2,8.34950811211569,3.5913728828504383,0.0,4.746559240750068,366.0,400.0,372.0,380.0,384.0
infant7,7383,385.56,14.24731983388383,4.0708019567928595,0.0,4.852690229018635,360.0,412.0,374.0,384.0,396.0
infant7,7384,382.44,15.821917115965746,3.5685702847990846,0.0,7.148114117127823,360.0,412.0,366.5,381.0,392.0
infant7,7385,377.24,8.674522865194115,3.1943828249996997,0.0,10.273385074997336,362.0,392.0,372.0,380.0,384.0
infant7,7386,384.76,9.56942409714505,3.843892584878203,0.0,0.9002172205263155,362.0,404.0,380.0,384.0,393.5
infant7,7387,382.04,10.770253819986731,3.7579846965616874,0.0,16.485082505128762,366.0,404.0,373.0,378.0,393.5
infant7,7388,365.08,9.907408071432082,2.5071326821120348,0.0,224.638272882481,348.0,382.0,356.0,366.0,375.0
infant7,7389,354.64,5.561382884844087,2.1759351731039738,0.0,6.205038838805639,344.0,368.0,352.0,356.0,358.0
infant7,7390,358.96,9.391615887566518,2.695423180587601,0.0,3.244055481446384,344.0,376.0,352.0,358.0,368.0
infant7,7391,388.84,28.85881183292485,5.451081150953975,0.0,4.1343124688753905,350.0,448.0,368.5,374.0,416.0
infant7,7392,400.2,21.089701520032985,5.649634266652911,0.0,4.842886852841572,370.0,448.0,380.5,400.0,416.0
infant7,7393,386.04,10.890849932163144,4.100771455544949,0.0,1.5389604177387926,368.0,410.0,378.0,383.0,397.5
infant7,7394,379.16,10.069878300138082,3.4166459266003995,0.0,2.2331700993636865,364.0,400.0,370.0,379.0,384.0
infant7,7395,370.96,8.043148941674472,2.8855728395320224,0.0,6.25027887631214,352.0,384.0,368.0,370.0,376.0
infant7,7396,356.32,13.076603191211706,2.8284271247461903,0.0,113.84006205986094,342.0,380.0,344.0,352.0,370.0
infant7,7397,341.12,4.556403880971331,2.040408122440814,0.0,21.491526395137267,332.0,352.0,338.0,342.0,344.0
infant7,7398,335.2,3.591372882850438,2.0203050891044216,0.0,1.7083627716660053,328.0,342.0,334.0,334.0,338.0
infant7,7399,333.6,3.0237157840738176,2.1189138534559038,0.0,12.162035170730494,328.0,340.0,332.0,334.0,336.0
infant7,7400,332.12,3.6457411552973107,1.958758457257441,0.0,9.464475554941663,326.0,340.0,328.5,332.0,334.0
infant7,7401,328.72,2.204263031084104,1.3997084244475304,0.0,2.077743214155341,326.0,334.0,328.0,328.0,330.0
infant7,7402,325.4,2.747912008810192,1.9378085666072196,0.0,2.3302784598893975,320.0,330.0,324.0,326.0,328.0
infant7,7403,322.12,2.3003105380423254,2.040408122440814,0.0,5.579607602224179,318.0,328.0,320.0,322.0,324.0
infant7,7404,322.68,2.574918266981042,1.616244071283537,0.0,3.101425009562393,318.0,328.0,320.5,322.0,324.0
infant7,7405,323.88,1.9127925946646913,1.6903085094570331,0.0,12.279320335902256,320.0,328.0,322.0,324.0,325.5
infant7,7406,323.16,2.0638778638123654,1.6903085094570331,0.0,4.763269598008401,320.0,328.0,322.0,324.0,324.0
infant7,7407,323.48,2.349468024894146,1.6903085094570331,0.0,26.35051184493569,320.0,328.0,322.0,324.0,326.0
infant7,7408,331.32,13.526150032210849,2.9277002188455996,0.0,15.224020360347291,320.0,372.0,324.0,326.0,330.0
infant7,7409,343.52,14.283199778703906,3.2071349029490928,0.0,6.887401702072763,326.0,372.0,330.0,340.0,353.5
infant7,7410,353.04,9.874642850684344,3.1298431857438063,0.0,8.77652238234815,336.0,370.0,344.0,354.0,360.0
infant7,7411,356.68,5.136662936425649,3.05059378629466,0.0,5.45321298812753,344.0,370.0,354.0,356.0,358.0
infant7,7412,351.4,5.256676997992599,2.0603150145508513,0.0,24.41449097813275,342.0,362.0,346.0,352.0,354.0
infant7,7413,354.72,8.454053489786025,3.2071349029490928,0.0,5.369432249410134,342.0,370.0,346.0,354.0,362.0
infant7,7414,361.32,3.8884444190447156,3.428571428571429,0.0,1.5881498663863136,354.0,370.0,358.0,362.0,364.0
infant7,7415,365.92,6.880436625917377,2.390457218668787,0.0,6.2121934061917745,354.0,380.0,360.0,366.0,372.0
infant7,7416,370.84,7.699350621968063,3.1036515689143473,0.0,2.92893790223002,354.0,386.0,366.5,372.0,377.5
infant7,7417,369.52,8.538603814561302,3.3441999744913216,0.0,21.674853231663388,354.0,386.0,362.0,370.0,377.5
infant7,7418,377.32,20.394517070296427,4.857142857142857,0.0,4.283592627230901,356.0,428.0,366.0,370.0,377.5
infant7,7419,384.4,19.979581413768102,5.329930887479323,0.0,7.523228388105494,362.0,428.0,370.0,377.0,393.0
infant7,7420,376.36,12.326775237469938,3.7142857142857144,0.0,3.0045574268512447,360.0,418.0,368.0,374.0,380.0
infant7,7421,358.52,13.491100619236644,2.5394841192330255,0.0,156.1324041185328,338.0,392.0,346.5,360.0,367.5
infant7,7422,342.8,7.602362683228611,2.138089935299395,0.0,77.27580294644211,332.0,362.0,336.0,342.0,346.0
infant7,7423,349.72,14.939387742556551,2.5555062599997598,0.0,10.06631630961632,332.0,378.0,336.0,346.0,361.0
infant7,7424,374.24,18.842591788448914,3.6589281356759136,0.0,3.692240135369912,342.0,406.0,362.5,373.0,390.5
infant7,7425,381.96,13.232551082964513,4.010191099319486,0.0,32.94871845470297,362.0,406.0,370.0,382.0,391.0
infant7,7426,384.72,14.634373849235356,5.150787536377128,0.0,1.1818806079492574,362.0,432.0,378.0,382.0,388.0
infant7,7427,381.68,18.2023097883937,4.89064079103534,0.0,2.0376063050760496,348.0,432.0,370.5,382.0,390.0
infant7,7428,353.76,20.043381522516178,2.5071326821120348,0.0,167.50157310115281,330.0,390.0,336.0,348.0,370.0
infant7,7429,339.64,9.861820836137799,2.523360247522242,0.0,40.46563258650259,328.0,360.0,332.0,337.0,345.5
infant7,7430,343.2,9.493284414763513,2.2857142857142856,0.0,36.719772402752085,328.0,360.0,338.0,342.0,351.5
infant7,7431,344.56,4.500158727359356,1.7842851423995423,0.0,47.54976499397012,338.0,356.0,340.0,344.0,348.0
infant7,7432,339.32,7.063675403363438,1.6659862556700857,0.0,23.876472767253524,326.0,350.0,334.0,340.0,345.5
infant7,7433,327.84,6.795436644077661,1.6903085094570331,0.0,54.584510906348164,320.0,340.0,322.0,327.0,333.5
infant7,7434,324.56,3.8764595671192295,2.1946130708196026,0.0,15.076196412189827,320.0,334.0,322.0,324.0,327.5
infant7,7435,326.48,3.2716469047542027,2.138089935299395,0.0,9.37464593116943,320.0,334.0,324.0,326.0,329.5
infant7,7436,322.96,3.963918901948486,1.7612611437054218,0.0,1.4512943997799492,316.0,330.0,320.0,324.0,326.0
infant7,7437,319.36,2.5375546641342304,1.737932151513777,0.0,5.797491384591862,314.0,324.0,318.0,320.0,320.0
infant7,7438,322.08,7.813750308113961,2.710523708715754,0.0,14.863854339745364,312.0,340.0,316.0,320.0,325.0
infant7,7439,326.96,7.485932385045258,2.8284271247461903,0.0,5.345768266292739,312.0,340.0,326.0,327.0,332.0
infant7,7440,337.56,10.390655142276367,2.4907993963089563,0.0,10.485406928744716,326.0,356.0,328.0,338.0,346.0
infant7,7441,348.96,9.849810937789826,3.3441999744913216,0.0,1.7776132784137726,336.0,374.0,340.0,348.0,354.0
infant7,7442,345.04,11.40168265419358,3.1036515689143473,0.0,11.931036949293105,330.0,374.0,338.0,342.0,349.5
infant7,7443,331.68,8.440524212369267,2.2131333406899527,0.0,29.603968757927923,320.0,348.0,324.0,330.0,339.5
infant7,7444,326.92,6.9659228844893955,2.407471363764674,0.0,17.499438428833056,318.0,342.0,322.0,324.0,328.0
infant7,7445,331.6,6.939975886566352,2.4411439272335804,0.0,10.607552394183283,318.0,342.0,326.5,332.0,336.0
infant7,7446,339.4,8.79006860738009,2.1570955529345,0.0,6.620515712629404,330.0,358.0,334.0,336.0,340.0
infant7,7447,348.04,8.33473185543727,2.3386722205349857,0.0,1.6997970490748775,334.0,360.0,340.0,350.0,356.0
infant7,7448,360.96,17.314568597406222,4.110712734268045,0.0,26.10268097744474,340.0,404.0,348.5,356.0,373.0
infant7,7449,362.4,18.45015347538622,4.266624149448022,0.0,5.777031824943929,336.0,404.0,344.0,364.0,374.0
infant7,7450,341.68,15.651093721969643,2.3733211036908783,0.0,49.59888528985466,326.0,374.0,328.0,336.0,353.0
infant7,7451,329.48,2.7644979615821454,1.6413036132965795,0.0,13.968768533282873,326.0,336.0,328.0,330.0,332.0
infant7,7452,329.84,2.09333246674448,1.8952141659173714,0.0,1.5144002913768673,326.0,334.0,328.0,330.0,332.0
infant7,7453,332.2,2.920721185751553,2.2314999074019015,0.0,5.659941405681029,328.0,338.0,330.0,332.0,334.0
infant7,7454,336.28,4.314380320627797,2.9277002188455996,0.0,15.232152440100267,328.0,346.0,334.0,336.0,340.0
infant7,7455,330.16,9.19485215337631,2.813959371941744,0.0,104.33288656787619,318.0,346.0,322.0,329.0,340.0
infant7,7456,318.88,4.3172175468626515,2.1570955529345,0.0,26.609688374580035,312.0,330.0,316.0,318.0,322.0
infant7,7457,315.76,1.7444957168541426,1.9166296949998198,0.0,7.466821327481228,312.0,320.0,314.0,316.0,316.0
infant7,7458,318.08,3.498337797717478,1.7842851423995423,0.0,6.0732854718118,312.0,326.0,316.0,318.0,320.0
infant7,7459,318.52,3.150898802771381,1.7842851423995423,0.0,22.3508516159473,312.0,326.0,316.0,318.0,320.0
infant7,7460,319.2,2.857142857142857,1.7142857142857144,0.0,27.629623726882848,314.0,324.0,316.0,319.0,322.0
infant7,7461,326.44,7.551618288520031,6.490180966628884,0.0,7.363056718456716,314.0,346.0,322.0,323.0,329.5
infant7,7462,326.68,23.718106404782223,41.02065184210291,12.244897959183673,2.6439602285195174,236.0,422.0,324.0,326.0,336.0
infant7,7463,318.68,23.68366353348542,41.872498402280456,12.244897959183673,0.2090781551698829,236.0,422.0,312.0,324.0,324.0
infant7,7464,317.28,10.696251489113713,19.038092855951636,2.0408163265306123,0.8604468679437378,292.0,344.0,312.0,319.0,324.0
infant7,7465,318.92,8.44874100027903,15.941218553786653,2.0408163265306123,0.0503430439414418,292.0,344.0,318.0,318.0,322.0
infant7,7466,322.32,5.195916764191682,2.523360247522242,0.0,15.149596713090027,316.0,334.0,318.0,320.0,326.0
infant7,7467,322.56,8.300872833378328,11.065666703449763,2.0408163265306123,8.14957918735596,290.0,352.0,318.0,322.0,326.0
infant7,7468,316.32,7.7655439905642,11.299268533305822,2.0408163265306123,5.835584180271909,290.0,352.0,312.0,316.0,320.0
infant7,7469,318.08,5.641826307290278,3.4641016151377544,0.0,10.678943697180399,302.0,328.0,312.0,320.0,322.0
infant7,7470,322.16,4.862853785461322,5.813425699821658,0.0,5.615351831699181,308.0,338.0,320.0,322.0,325.5
infant7,7471,317.04,8.37137981458254,7.0969956276424115,0.0,3.794884031422713,280.0,338.0,312.5,316.0,320.0
infant7,7472,317.48,36.26165681683672,45.69910462214009,6.122448979591836,5.832587982560144,280.0,556.0,308.0,312.0,316.0
infant7,7473,318.24,35.803636800795324,45.49321546188206,6.122448979591836,0.2809033415391467,296.0,556.0,310.0,312.0,314.0
infant7,7474,314.96,10.42947158541699,17.1380945765358,2.0408163265306123,0.605760490773447,268.0,366.0,314.0,315.0,316.0
infant7,7475,315.28,11.533518145662514,18.909019551742052,2.0408163265306123,0.13049907844759148,268.0,366.0,314.0,314.0,316.0
infant7,7476,313.52,6.484644342205512,10.905905533709893,0.0,0.22580161298710597,290.0,338.0,312.0,314.0,314.0
infant7,7477,311.12,4.766550115125194,7.596991885890475,0.0,0.67480758442467,294.0,328.0,310.0,312.0,313.5
infant7,7478,310.76,2.9385544134516763,4.080816244881628,0.0,2.459868131040802,298.0,318.0,310.0,310.0,312.0
infant7,7479,314.96,4.203788378914177,3.625307868699863,0.0,7.734319624300468,310.0,330.0,312.0,314.0,318.0
infant7,7480,316.6,3.030457633656632,3.7252585172586565,0.0,12.70546760319987,314.0,330.0,314.0,316.0,318.0
infant7,7481,315.64,1.1911236334671904,1.7612611437054218,0.0,3.235489939036053,314.0,318.0,314.0,316.0,316.0
infant7,7482,317.12,7.263664111626487,12.378388012819697,2.0408163265306123,4.932267270797645,282.0,352.0,316.0,316.0,318.0
infant7,7483,315.04,8.123937921164758,12.404739054909948,2.0408163265306123,1.0718933875267156,282.0,352.0,312.0,316.0,318.0
infant7,7484,311.64,4.7756183486795605,7.329003050503235,0.0,2.009474301279588,290.0,330.0,310.0,312.0,314.0
infant7,7485,310.4,4.69476477861571,7.917946548886296,0.0,4.09106132768885,290.0,330.0,308.5,310.0,312.0
infant7,7486,310.2,4.819179369552286,8.354395152693398,0.0,0.15792269324563635,288.0,330.0,308.5,310.0,312.0
infant7,7487,311.64,5.947937389017596,9.731077923386515,0.0,5.439166126246139,288.0,330.0,310.0,312.0,312.0
infant7,7488,314.2,4.750939756661683,6.815348823929464,0.0,4.756233803300191,292.0,330.0,312.0,314.0,316.0
infant7,7489,320.48,5.736528140089685,3.8119040183218096,0.0,12.325340809346995,312.0,338.0,316.0,320.0,326.0
infant7,7490,326.0,9.035079029052513,14.50685974261269,2.0408163265306123,0.8478423477771151,292.0,370.0,322.5,326.0,328.0
infant7,7491,329.68,9.892153146689099,14.843400237554901,2.0408163265306123,6.993454228679539,292.0,370.0,324.5,330.0,334.0
infant7,7492,328.2,6.223720260226275,3.475864303027554,0.0,13.083023408166847,312.0,340.0,324.0,326.0,333.5
infant7,7493,321.2,4.898979485566356,6.426983930972567,0.0,5.635493090963368,306.0,334.0,318.0,322.0,324.0
infant7,7494,316.56,5.111651356639724,7.9642056370093455,0.0,1.3701767678627652,300.0,334.0,314.0,316.0,318.0
infant7,7495,315.04,4.356369954867638,7.244984190346266,0.0,0.46644759141181996,300.0,330.0,314.0,316.0,316.0
infant7,7496,315.76,3.3476156607718424,5.306907320287631,0.0,1.9042570848874663,302.0,330.0,314.0,316.0,316.0
infant7,7497,318.08,4.080016006371164,1.958758457257441,0.0,1.4672423032689623,312.0,330.0,316.0,317.0,318.0
infant7,7498,320.68,4.774250662434379,3.3806170189140663,0.0,7.789739307531821,314.0,332.0,316.5,319.0,324.0
infant7,7499,320.52,5.3270200729059445,3.7361990944634345,0.0,3.4925812717243647,314.0,334.0,316.0,318.0,323.5
infant7,7500,326.72,8.356935284357464,2.5071326821120348,0.0,17.41883637642366,314.0,338.0,318.0,332.0,334.0
infant7,7501,332.16,3.376751246330093,2.356060357495806,0.0,1.4551134045617076,318.0,338.0,330.5,334.0,334.0
infant7,7502,324.76,31.43088303187273,42.389833205424075,4.081632653061225,1.9439260944288168,224.0,488.0,320.0,328.0,332.0
infant7,7503,316.8,31.115322034427383,42.67580684411155,4.081632653061225,0.06393697897267436,224.0,488.0,314.5,318.0,320.0
infant7,7504,316.56,4.62539573596527,5.649634266652911,0.0,17.409071594941484,292.0,322.0,316.0,318.0,318.0
infant7,7505,317.88,1.8696283598837586,1.8952141659173714,0.0,4.344754383651131,314.0,322.0,316.0,318.0,319.5
infant7,7506,321.84,5.044131769306037,1.8952141659173714,0.0,24.33648282203174,314.0,330.0,318.0,321.0,326.0
infant7,7507,324.28,2.9695048718049732,2.1570955529345,0.0,9.690941809291797,320.0,330.0,322.0,324.0,326.0
infant7,7508,324.68,5.504877243807327,2.2314999074019015,0.0,5.837435634733252,320.0,342.0,322.0,323.0,324.0
infant7,7509,332.8,7.591617288906527,2.1570955529345,0.0,24.551508543579615,322.0,344.0,324.0,336.0,338.0
infant7,7510,334.44,5.241747644378441,1.8735538640862859,0.0,8.89119296949043,326.0,344.0,330.0,336.0,338.0
infant7,7511,330.12,3.6680640503610373,2.9692299558323607,0.0,4.8712313811542165,320.0,336.0,328.0,330.0,333.5
infant7,7512,331.92,5.06222504922288,3.0237157840738176,0.0,54.539444976253755,320.0,340.0,328.0,332.0,336.0
infant7,7513,327.64,7.705709518511158,1.6903085094570331,0.0,91.10631842610357,318.0,340.0,320.5,324.0,336.0
infant7,7514,323.44,3.4295236772854074,1.8294640678379568,0.0,4.404112496424005,318.0,328.0,320.0,322.0,327.5
infant7,7515,327.92,3.3063945466261564,1.8516401995451028,0.0,3.775900813270333,318.0,334.0,326.5,328.0,330.0
infant7,7516,327.88,3.2428256763734526,1.9166296949998198,0.0,7.350968173769793,322.0,334.0,326.0,328.0,330.0
infant7,7517,325.84,2.4189726272590546,2.1759351731039738,0.0,14.060049762874012,322.0,330.0,324.0,326.0,328.0
infant7,7518,329.48,4.016496595038913,2.0,0.0,67.31499954101545,322.0,336.0,326.0,330.0,333.5
infant7,7519,329.48,4.2534019997442725,1.958758457257441,0.0,41.801214998531876,322.0,336.0,326.0,330.0,333.5
infant7,7520,331.68,10.304427421734596,2.2857142857142856,0.0,23.46244804611275,322.0,354.0,324.0,328.0,333.5
infant7,7521,340.44,9.348491092913642,2.2314999074019015,0.0,5.287946723572335,324.0,354.0,334.5,342.0,348.0
infant7,7522,349.6,8.55235974119758,2.249716535431946,0.0,10.627024528950015,338.0,368.0,342.0,348.0,355.5
infant7,7523,347.36,10.056493485529126,2.138089935299395,0.0,65.72906830910297,336.0,368.0,338.5,344.0,355.5
infant7,7524,334.48,5.323187628725127,1.8516401995451028,0.0,11.59397461016971,326.0,344.0,330.0,335.0,338.0
infant7,7525,327.68,3.316255572239293,1.6413036132965795,0.0,29.380535326168868,322.0,334.0,326.0,326.0,330.0
infant7,7526,328.88,4.063978145530182,1.8952141659173714,0.0,3.8331060325084305,322.0,336.0,326.0,328.0,332.0
infant7,7527,332.52,1.9297879760878036,1.7612611437054218,0.0,10.408916600743405,328.0,336.0,332.0,332.0,334.0
infant7,7528,331.88,2.6313649751893147,1.2453996981544782,0.0,12.640825679895126,326.0,336.0,330.0,332.0,334.0
infant7,7529,327.96,4.030293451613971,1.4285714285714286,0.0,7.71155262419715,322.0,336.0,324.0,328.0,330.0
infant7,7530,329.96,6.343757979787883,1.8735538640862859,0.0,190.66616761181052,322.0,342.0,324.0,328.0,337.5
infant7,7531,334.16,3.8511063875415426,2.1189138534559038,0.0,10.846742769839796,326.0,342.0,332.0,334.0,337.5
infant7,7532,334.48,2.305627543066516,2.249716535431946,0.0,1.10144839653216,330.0,340.0,332.0,334.0,336.0
infant7,7533,335.24,1.9331691227471168,2.1946130708196026,0.0,1.8925291239195097,332.0,340.0,334.0,336.0,336.0
infant7,7534,347.64,22.640725451707414,4.3799170619302545,0.0,34.823161878297604,332.0,402.0,334.0,336.0,349.0
infant7,7535,359.04,23.201829625251186,6.253162465211226,0.0,16.80451809607739,332.0,406.0,342.0,349.0,380.0
infant7,7536,349.84,16.22716291674335,4.973398624436917,0.0,7.247544676482329,336.0,406.0,342.0,344.0,348.0
infant7,7537,346.6,5.602477586036451,2.3733211036908783,0.0,11.353424025547726,336.0,354.0,342.0,348.0,351.5
infant7,7538,347.76,4.723195044519274,2.3733211036908783,0.0,3.510171088196284,336.0,354.0,344.5,348.0,351.5
infant7,7539,340.28,5.268466066501477,1.8952141659173714,0.0,13.122391112936596,334.0,350.0,336.0,338.0,344.0
infant7,7540,337.64,3.2997216951291697,1.8735538640862859,0.0,4.253138506624832,332.0,346.0,336.0,338.0,338.0
infant7,7541,335.4,4.869731585445518,2.0603150145508513,0.0,40.41361185842759,328.0,346.0,332.0,334.0,338.0
infant7,7542,336.48,6.3575120278040735,2.0203050891044216,0.0,4.304282179134948,328.0,350.0,332.0,335.0,339.5
infant7,7543,349.28,9.33512130590269,2.3035022137995855,0.0,2.683451785045315,334.0,364.0,340.0,350.0,358.0
infant7,7544,358.08,4.9480567201804035,2.390457218668787,0.0,2.7410340446837123,344.0,366.0,356.0,358.0,362.0
infant7,7545,348.24,11.922470638355499,2.5555062599997598,0.0,139.87691058810825,330.0,366.0,336.5,346.0,362.0
infant7,7546,336.88,3.662496082048472,2.356060357495806,0.0,27.94336134283602,330.0,348.0,334.0,336.0,339.5
infant7,7547,338.44,3.314532010552861,1.9166296949998198,0.0,7.002081427171901,332.0,346.0,336.0,338.0,340.0
infant7,7548,344.44,6.543917568464409,2.2131333406899527,0.0,19.940414563543435,336.0,358.0,340.0,342.0,350.0
infant7,7549,343.28,9.247261039610262,2.407471363764674,0.0,76.87535537001922,328.0,358.0,336.0,343.0,352.0
infant7,7550,339.64,8.267862542423414,2.1189138534559038,0.0,25.213758271506496,328.0,354.0,332.0,337.0,348.0
infant7,7551,343.12,6.235644738607424,2.0,0.0,5.613324858013911,330.0,352.0,339.0,344.0,348.0
infant7,7552,350.24,7.201360415694711,1.8952141659173714,0.0,9.285321460109689,342.0,366.0,346.0,348.0,352.0
infant7,7553,355.88,6.570310463885001,2.3386722205349857,0.0,17.188629808931015,348.0,368.0,350.0,356.0,362.0
infant7,7554,358.04,7.233595092288734,2.649605284427344,0.0,4.580092583168527,348.0,374.0,352.0,358.0,362.0
infant7,7555,361.2,6.565214453186318,2.3211538298959886,0.0,3.000548565195924,348.0,374.0,356.5,362.0,365.5
infant7,7556,356.2,8.458783624621407,2.0,0.0,55.246920449219324,342.0,368.0,348.0,358.0,363.5
infant7,7557,353.08,7.583117661581399,2.5071326821120348,0.0,75.38230752202386,342.0,366.0,346.0,350.0,360.0
infant7,7558,349.88,9.270625102759706,2.695423180587601,0.0,34.42017566478397,338.0,366.0,342.0,348.0,356.0
infant7,7559,353.4,11.522825617186161,2.2314999074019015,0.0,21.159757584332244,338.0,372.0,342.0,355.0,363.5
infant7,7560,362.12,5.27466025600953,2.080031396937291,0.0,0.8516438341689372,350.0,372.0,358.5,362.0,366.0
infant7,7561,350.4,11.139193536924529,2.0603150145508513,0.0,247.57793223270664,336.0,366.0,338.5,349.0,362.0
infant7,7562,344.12,5.70585091760007,1.979486637221574,0.0,13.778087096311987,336.0,356.0,338.5,344.0,348.0
infant7,7563,350.96,5.6023318760119505,1.7612611437054218,0.0,35.40839367868168,340.0,360.0,346.0,352.0,354.0
infant7,7564,352.8,4.4077853201547175,2.1189138534559038,0.0,1.2811032643508118,342.0,360.0,350.0,354.0,356.0
infant7,7565,348.16,4.691981870974249,2.1946130708196026,0.0,5.458728958105718,340.0,358.0,344.0,348.0,352.0
infant7,7566,347.68,5.365954657631305,2.0,0.0,4.0299196984332655,340.0,360.0,344.0,346.0,348.0
infant7,7567,346.92,7.774474193126621,2.1189138534559038,0.0,111.91499879516195,334.0,360.0,342.5,346.0,354.0
infant7,7568,336.68,8.784122968545613,2.138089935299395,0.0,44.47599372910834,326.0,358.0,330.0,334.0,341.5
infant7,7569,334.4,5.221619109284876,2.1189138534559038,0.0,16.203597115934304,326.0,344.0,330.0,335.0,338.0
infant7,7570,336.08,3.702398560668586,1.8516401995451028,0.0,1.8773852178429506,330.0,344.0,334.0,336.0,338.0
infant7,7571,334.88,2.7452370627347005,1.7612611437054218,0.0,25.133259664560487,330.0,340.0,332.0,335.0,336.0
infant7,7572,340.36,4.992892908108158,1.6413036132965795,0.0,9.988355308594565,332.0,348.0,336.0,340.0,346.0
infant7,7573,345.72,3.9591794655984374,1.6903085094570331,0.0,3.5955820218614223,338.0,356.0,344.0,346.0,348.0
infant7,7574,345.56,6.30244526565131,1.8952141659173714,0.0,41.113296257523274,334.0,356.0,342.0,344.0,351.0
infant7,7575,342.0,5.869325309764039,1.8070158058105026,0.0,20.853697002342667,334.0,356.0,338.0,340.0,344.0
infant7,7576,338.28,2.1384717029901976,1.5907898179514348,0.0,15.691544147900954,334.0,344.0,336.0,338.0,340.0
infant7,7577,339.44,3.8553434956418284,1.9378085666072196,0.0,5.611293435010411,334.0,348.0,336.0,338.0,342.0
infant7,7578,346.0,5.642405045180428,2.407471363764674,0.0,7.329082767249017,336.0,358.0,342.5,346.0,349.5
infant7,7579,353.04,6.1973002680396965,2.2131333406899527,0.0,17.50566953937811,344.0,366.0,348.0,353.0,358.0
infant7,7580,360.08,7.623379720789653,2.5872528966106905,0.0,0.9417606426224614,344.0,374.0,354.5,360.0,364.0
infant7,7581,356.92,10.576909775929982,2.813959371941744,0.0,31.72425188282466,340.0,374.0,346.5,357.0,364.0
infant7,7582,348.2,6.679239844320549,2.4907993963089563,0.0,3.5567270006158656,340.0,370.0,344.0,346.0,350.0
infant7,7583,347.8,3.5513722556160148,2.3211538298959886,0.0,3.6043342616973573,342.0,356.0,344.0,348.0,350.0
infant7,7584,346.36,3.9731753609650293,2.080031396937291,0.0,1.6770236109464463,340.0,356.0,344.0,346.0,348.0
infant7,7585,342.8,3.404678653660852,1.9166296949998198,0.0,8.373976945445195,336.0,350.0,340.0,342.0,346.0
infant7,7586,345.88,5.133483521082393,2.3035022137995855,0.0,3.865228965157029,336.0,356.0,340.0,348.0,350.0
infant7,7587,356.4,8.475655413823615,2.5872528966106905,0.0,6.401153440425735,346.0,376.0,350.0,354.0,362.0
infant7,7588,358.96,6.691328534082033,2.4411439272335804,0.0,8.653791955827261,350.0,376.0,354.0,356.0,362.0
infant7,7589,356.08,5.670690848025269,2.3035022137995855,0.0,13.434242975290617,346.0,368.0,352.0,356.0,359.5
infant7,7590,356.24,9.184192275595173,2.740475156178697,0.0,11.859244753501796,340.0,370.0,348.0,358.0,366.0
infant7,7591,352.24,9.44708139791203,2.7255405754769875,0.0,38.03608596450194,340.0,370.0,344.0,349.0,361.5
infant7,7592,349.04,5.543740724861669,2.080031396937291,0.0,2.568388448435483,340.0,364.0,346.0,348.0,352.0
infant7,7593,348.68,3.6277839415448394,1.9378085666072196,0.0,3.5699299374191154,344.0,356.0,346.0,348.0,352.0
infant7,7594,349.48,4.5141048788373155,2.0,0.0,9.429423151639556,342.0,358.0,346.0,349.0,354.0
infant7,7595,347.12,5.55727139036078,1.8952141659173714,0.0,45.54868047946187,338.0,358.0,344.0,347.0,350.0
infant7,7596,340.52,5.342322356734504,1.8735538640862859,0.0,41.420646817831276,330.0,348.0,338.0,340.0,345.5
infant7,7597,333.8,4.919764387920733,1.737932151513777,0.0,52.62125953411599,328.0,346.0,330.0,332.0,337.5
infant7,7598,330.52,2.8517091187495236,1.6659862556700857,0.0,5.042474987489397,326.0,336.0,328.0,330.0,332.0
infant7,7599,327.32,4.4005565510721105,2.0,0.0,10.306370238031034,318.0,336.0,324.0,326.0,330.0
infant7,7600,322.36,2.5133114995713424,1.8294640678379568,0.0,12.089931970654934,318.0,328.0,320.0,322.0,324.0
infant7,7601,324.4,4.553536414431208,1.616244071283537,0.0,10.24409155452227,318.0,334.0,320.0,324.0,328.0
infant7,7602,325.8,3.5050983275386556,1.6413036132965795,0.0,34.07255119307055,320.0,334.0,324.0,324.0,328.0
infant7,7603,329.2,8.13157112614726,1.737932151513777,0.0,21.631732435767347,320.0,346.0,324.0,326.0,333.5
infant7,7604,337.84,7.304904698424286,1.9166296949998198,0.0,21.34788293585575,324.0,348.0,334.0,338.0,344.0
infant7,7605,337.44,6.602905977441961,2.1759351731039738,0.0,12.682809293468518,326.0,348.0,332.5,337.0,342.0
infant7,7606,335.12,8.409518416651455,2.407471363764674,0.0,36.52129502200701,324.0,350.0,328.0,334.0,342.0
infant7,7607,340.88,12.520415980570718,2.8996833043120627,0.0,8.448543495157589,324.0,374.0,334.0,340.0,346.0
infant7,7608,361.36,18.724381137425926,3.1815796359028696,0.0,4.4879494950434164,334.0,386.0,340.0,371.0,377.5
infant7,7609,366.72,14.094491614724918,2.9692299558323607,0.0,29.55001271713576,340.0,386.0,355.0,371.0,378.0
infant7,7610,350.64,11.061534749771758,2.857142857142857,0.0,37.92868475442815,338.0,378.0,340.5,348.0,354.0
infant7,7611,343.6,6.10118757258932,2.5555062599997598,0.0,15.290613136821754,334.0,354.0,338.5,343.0,350.0
infant7,7612,342.12,5.51672780860953,2.249716535431946,0.0,4.1021361348656615,334.0,352.0,338.0,342.0,346.0
infant7,7613,337.56,5.928691909274932,2.3035022137995855,0.0,40.59721843165533,328.0,350.0,332.0,337.0,342.0
infant7,7614,335.64,5.340488397752645,2.1759351731039738,0.0,9.141449345878412,328.0,346.0,332.0,334.0,340.0
infant7,7615,339.2,5.685642497752114,2.1189138534559038,0.0,13.529213000274833,330.0,348.0,334.5,340.0,344.0
infant7,7616,340.8,5.813425699821658,2.4411439272335804,0.0,17.195115922104495,332.0,352.0,336.0,342.0,346.0
infant7,7617,347.68,11.156475194948905,3.368521749300456,0.0,2.597715535049451,332.0,378.0,340.5,346.0,352.0
infant7,7618,348.2,12.123514005301214,3.428571428571429,0.0,25.88117321834893,332.0,378.0,338.0,346.0,356.0
infant7,7619,342.12,8.469970965904507,2.356060357495806,0.0,22.076895568148466,332.0,360.0,336.0,339.0,348.0
infant7,7620,348.96,10.737992819699516,2.5872528966106905,0.0,20.648674028166145,334.0,368.0,338.5,350.0,357.5
infant7,7621,357.64,9.299462350050135,3.219836477024184,0.0,18.876555244695307,334.0,374.0,350.0,358.0,365.5
infant7,7622,364.56,8.74154985557773,2.9416086117105715,0.0,17.406154459533628,346.0,376.0,362.0,368.0,370.0
infant7,7623,363.36,7.455336398602449,2.3211538298959886,0.0,29.939958225464217,352.0,376.0,356.0,367.0,370.0
infant7,7624,353.92,5.59825045556782,1.9378085666072196,0.0,7.817630347421936,344.0,368.0,350.5,354.0,357.5
infant7,7625,345.64,6.745399036622319,1.8294640678379568,0.0,27.49615631151805,336.0,360.0,340.0,344.0,350.0
infant7,7626,351.0,12.449079959448197,2.407471363764674,0.0,11.102611458025569,336.0,370.0,340.0,345.0,366.0
infant7,7627,361.72,6.246762426755682,2.5071326821120348,0.0,2.795936395702486,344.0,370.0,360.0,364.0,366.0
infant7,7628,357.2,5.252793231671496,2.1570955529345,0.0,11.215689749364898,348.0,366.0,354.0,356.0,362.0
infant7,7629,348.72,6.071142850419852,2.2677868380553634,0.0,24.68558002122248,338.0,356.0,342.5,352.0,354.0
infant7,7630,346.56,5.3914520402244905,2.2857142857142856,0.0,8.01403722293271,338.0,354.0,342.0,348.0,351.5
infant7,7631,348.08,4.848058732048092,2.2131333406899527,0.0,1.6916903399572347,340.0,356.0,346.0,348.0,352.0
infant7,7632,348.28,5.0951757895612015,2.1759351731039738,0.0,72.19982861771736,340.0,356.0,344.0,350.0,352.0
infant7,7633,348.8,4.444671196029727,2.249716535431946,0.0,5.628382078374002,340.0,356.0,346.0,350.0,352.0
infant7,7634,344.24,5.850379370221235,2.2857142857142856,0.0,13.777869696112948,334.0,354.0,340.0,342.0,350.0
infant7,7635,337.92,3.1287997307437307,2.2677868380553634,0.0,20.151909425852093,332.0,344.0,336.0,338.0,340.0
infant7,7636,340.72,6.084574004507344,2.249716535431946,0.0,6.736434294487077,332.0,354.0,336.5,339.0,344.0
infant7,7637,341.6,5.283783431116266,2.080031396937291,0.0,12.634512218045524,334.0,354.0,338.0,340.0,344.0
infant7,7638,336.88,3.081478574334346,2.424366106925306,0.0,1.845794536146404,330.0,342.0,334.5,338.0,340.0
infant7,7639,331.92,4.8983129123969915,2.2677868380553634,0.0,32.0197438828517,326.0,342.0,328.0,330.0,335.5
infant7,7640,329.56,5.002693152244119,2.5872528966106905,0.0,6.697088038479615,322.0,344.0,326.0,328.0,330.0
infant7,7641,333.36,5.38235969797331,2.8855728395320224,0.0,4.6462321385790615,322.0,344.0,328.0,334.0,337.5
infant7,7642,330.32,6.025252979700333,2.0995626366712954,0.0,36.331661409345955,318.0,340.0,324.0,331.0,336.0
infant7,7643,324.28,2.7407730177258167,1.8516401995451028,0.0,7.220776507309509,318.0,330.0,322.0,324.0,326.0
infant7,7644,327.16,4.258772458953738,1.958758457257441,0.0,28.87811109667915,320.0,334.0,324.0,328.0,330.0
infant7,7645,329.72,2.9695048718049732,1.979486637221574,0.0,4.476350311086335,326.0,336.0,328.0,329.0,332.0
infant7,7646,330.8,3.7471077281725713,2.1759351731039738,0.0,17.72812225876242,326.0,340.0,328.0,330.0,332.0
infant7,7647,332.48,2.3753839646658887,2.080031396937291,0.0,2.2579767053467132,328.0,340.0,332.0,332.0,334.0
infant7,7648,329.6,2.9416086117105715,1.7842851423995423,0.0,12.113751677294902,324.0,334.0,326.5,330.0,332.0
infant7,7649,331.4,6.077727824623613,2.2131333406899527,0.0,7.8841027357414575,324.0,346.0,326.5,330.0,332.0
infant7,7650,337.84,5.418637527373576,2.634155559226539,0.0,4.0109836632330556,328.0,346.0,332.0,338.0,342.0
infant7,7651,342.68,6.1492989479306015,2.740475156178697,0.0,1.4549501696428424,334.0,356.0,338.0,342.0,346.0
infant7,7652,354.0,13.915195042155338,3.1298431857438063,0.0,2.0311193701960795,336.0,378.0,344.0,350.0,369.0
infant7,7653,362.88,10.22330271327945,2.9554515522253144,0.0,32.16137283374998,342.0,378.0,358.0,362.0,372.0
infant7,7654,367.28,7.491600739004519,3.270149469217028,0.0,5.263218549902028,356.0,384.0,360.0,365.0,373.5
infant7,7655,367.12,6.9064891107374295,3.5913728828504383,0.0,16.286426898586804,358.0,384.0,362.0,364.0,372.0
infant7,7656,370.72,11.122765769688174,4.462999814803803,0.0,9.891382001475769,358.0,398.0,364.0,364.0,377.5
infant7,7657,368.28,15.301113738308498,4.642307659791977,0.0,38.654470320936795,344.0,398.0,354.5,369.0,378.0
infant7,7658,364.36,11.35468976202506,3.534090536243709,0.0,2.6271642303247154,344.0,382.0,354.5,365.0,374.0
infant7,7659,372.92,5.717284927198881,3.614031611621005,0.0,2.8860407924109057,362.0,384.0,370.0,374.0,378.0
infant7,7660,372.84,5.361845554946734,3.356382892705923,0.0,2.9698024640850775,362.0,384.0,370.0,374.0,376.0
infant7,7661,364.76,7.226820793094997,2.6186146828319083,0.0,43.74431324445115,354.0,380.0,358.5,362.0,372.0
infant7,7662,366.36,8.803431612914665,2.710523708715754,0.0,19.088725218945235,354.0,382.0,358.5,362.0,374.0
infant7,7663,369.64,7.053035241826669,3.010186786529354,0.0,5.053725425833366,356.0,382.0,364.0,370.0,374.0
infant7,7664,367.4,4.819179369552286,2.6649654437396615,0.0,1.183750166624724,356.0,376.0,364.0,368.0,370.0
infant7,7665,366.44,5.395235993779274,2.407471363764674,0.0,1.0347355229371287,354.0,376.0,362.5,368.0,370.0
infant7,7666,353.2,11.52813771533258,2.2857142857142856,0.0,113.79682076236175,336.0,372.0,342.0,354.0,363.5
infant7,7667,339.48,5.0274349365075155,1.6659862556700857,0.0,19.729241379027986,334.0,354.0,336.0,338.0,342.0
infant7,7668,339.0,4.449260429256411,1.9166296949998198,0.0,12.086557461825153,334.0,348.0,336.0,338.0,344.0
infant7,7669,342.64,3.367067397178568,2.2857142857142856,0.0,13.378603617266155,334.0,348.0,340.0,344.0,346.0
infant7,7670,341.04,3.9225148118241178,2.390457218668787,0.0,15.558758214457304,332.0,350.0,338.0,342.0,344.0
infant7,7671,349.28,11.51935372336841,2.2857142857142856,0.0,13.400185177682916,332.0,368.0,338.0,352.0,358.0
infant7,7672,373.72,20.839562062067795,3.6477558099439156,0.0,4.004858142880612,354.0,412.0,358.0,364.0,396.5
infant7,7673,388.08,21.196688228040124,4.050699108216522,0.0,14.524996098417528,358.0,418.0,364.5,391.0,408.0
infant7,7674,369.28,24.713080069683993,2.740475156178697,0.0,62.305221418284205,344.0,418.0,348.0,359.0,385.0
infant7,7675,365.44,20.92567995627987,3.8119040183218096,0.0,15.73273349351006,344.0,410.0,348.0,356.0,388.0
infant7,7676,368.16,20.43142837165631,4.266624149448022,0.0,24.850381565854494,342.0,410.0,352.0,363.0,388.0
infant7,7677,345.64,12.972120812239876,2.5071326821120348,0.0,65.85272929959785,332.0,378.0,336.0,341.0,352.0
infant7,7678,338.64,3.7129667987984476,2.0203050891044216,0.0,94.91193717732367,332.0,346.0,336.0,340.0,342.0
infant7,7679,351.6,11.773370158878008,2.4743582965269675,0.0,15.547091179378361,336.0,376.0,342.0,346.0,363.5
infant7,7680,366.48,11.510846703728388,3.557114170853924,0.0,12.493767302276442,346.0,390.0,358.0,364.0,373.5
infant7,7681,370.2,11.974462622683358,3.7579846965616874,0.0,27.888488243650357,352.0,390.0,358.0,372.0,380.0
infant7,7682,367.92,10.403766978692802,3.1815796359028696,0.0,5.3183185482695645,352.0,386.0,358.5,366.0,379.5
infant7,7683,367.72,11.263160103195021,3.557114170853924,0.0,4.248278744721958,354.0,396.0,360.0,363.0,377.0
infant7,7684,377.88,14.520414903837695,3.948649988881501,0.0,0.726722875878076,356.0,400.0,362.0,381.0,389.5
infant7,7685,371.96,18.013554986878802,3.368521749300456,0.0,152.1593163196249,344.0,400.0,354.5,374.0,387.5
infant7,7686,354.52,8.93340440625601,2.523360247522242,0.0,42.6130253070195,342.0,378.0,348.0,354.0,358.0
infant7,7687,351.84,6.91452183776275,6.187545093630776,0.0,109.5216414564297,328.0,362.0,346.5,352.0,358.0
infant7,7688,348.08,7.824190640805824,6.382373686768194,0.0,18.1341466408216,328.0,362.0,342.0,348.0,354.0
infant7,7689,358.28,15.90794949523216,3.116774889895918,0.0,6.981029977794524,338.0,386.0,342.0,359.0,374.0
infant7,7690,376.64,8.35380885877691,3.404678653660853,0.0,0.45447877552583416,358.0,388.0,374.0,378.0,382.0
infant7,7691,378.16,9.114599188518765,4.060762972443398,0.0,4.297921289484586,358.0,396.0,374.0,380.0,384.0
infant7,7692,385.04,15.02781095305688,4.361239292135356,0.0,28.55395009174472,358.0,410.0,374.5,384.0,399.5
infant7,7693,388.92,10.638474648987179,3.487587318781058,0.0,7.870286862918854,372.0,410.0,380.0,386.0,399.5
infant7,7694,388.8,13.660609243293624,4.266624149448022,0.0,2.575306117541134,370.0,420.0,378.0,386.0,393.5
infant7,7695,379.76,19.330170982277462,4.150239727523986,0.0,29.4363641011698,358.0,420.0,366.0,370.0,393.5
infant7,7696,367.6,5.656854249492381,2.424366106925306,0.0,48.97162643972372,358.0,378.0,362.0,368.0,372.0
infant7,7697,373.84,7.557561425081344,2.5394841192330255,0.0,3.8660993471273972,360.0,388.0,368.0,372.0,379.5
infant7,7698,375.76,6.042570070857638,3.1298431857438063,0.0,9.56161972840683,366.0,388.0,370.5,374.0,379.5
infant7,7699,370.44,6.037839862407882,2.8855728395320224,0.0,6.26004450793159,354.0,378.0,368.0,372.0,374.0
infant7,7700,374.8,13.773680906507371,3.3319725113401715,0.0,6.249482653760124,354.0,404.0,366.5,370.0,383.5
infant7,7701,378.84,11.836229405119363,3.510915922127002,0.0,2.2726197661384635,356.0,404.0,370.0,378.0,384.0
infant7,7702,364.68,11.361302023688545,2.457807219155036,0.0,35.26468435117295,348.0,386.0,354.0,363.0,373.5
infant7,7703,350.4,5.671266640365488,2.080031396937291,0.0,11.090169223120874,342.0,362.0,346.0,350.0,353.5
infant7,7704,352.44,7.151880015429653,1.9166296949998198,0.0,5.4805995587413046,342.0,364.0,346.0,350.0,359.5
infant7,7705,361.28,6.269589707631658,2.9692299558323607,0.0,3.2403307771057057,348.0,384.0,358.0,360.0,364.0
infant7,7706,367.32,10.67983031280011,3.3319725113401715,0.0,9.541655988404305,354.0,392.0,360.0,364.0,372.0
infant7,7707,361.36,13.114503577399818,2.6649654437396615,0.0,22.167795839668518,346.0,392.0,352.0,357.0,367.5
infant7,7708,374.96,25.610074548258286,3.8332593899996397,0.0,47.39172192564978,346.0,416.0,352.0,360.0,403.5
infant7,7709,398.32,13.858527176803605,4.940461847368738,0.0,25.26857524580723,362.0,422.0,387.0,401.0,408.0
infant7,7710,392.84,14.136881854618032,4.490352470143346,0.0,17.103855562220318,368.0,422.0,384.0,392.0,402.0
infant7,7711,380.04,11.623270114871517,3.1298431857438063,0.0,14.833142513313495,368.0,410.0,372.0,376.0,386.0
infant7,7712,374.76,3.722847275504959,2.8713930346059686,0.0,1.596896570011515,368.0,382.0,372.0,374.0,378.0
infant7,7713,381.2,7.793246683991918,3.8861344310672696,0.0,2.3512275532306095,372.0,400.0,374.0,379.0,388.0
infant7,7714,387.2,9.293403409880339,3.896623341995959,0.0,4.618652864222424,372.0,408.0,380.0,387.0,392.0
infant7,7715,384.56,9.814940714262608,3.3441999744913216,0.0,1.5862350135478915,370.0,408.0,378.0,382.0,391.0
infant7,7716,380.68,6.267636341247188,2.8855728395320224,0.0,3.791395225843768,370.0,396.0,376.0,380.0,384.0
infant7,7717,377.44,5.9390097436099465,2.6802375770419595,0.0,33.00259905380366,368.0,388.0,372.5,378.0,382.0
infant7,7718,381.4,9.03733751653412,3.4641016151377544,0.0,15.00191769788941,368.0,398.0,372.5,382.0,390.0
infant7,7719,387.64,5.401284805582872,3.896623341995959,0.0,1.0898157468538967,376.0,398.0,384.0,388.0,391.5
infant7,7720,387.72,5.23738523326599,3.282607226593159,0.0,3.595087707884254,376.0,398.0,384.0,388.0,392.0
infant7,7721,382.08,8.833701699417166,3.05059378629466,0.0,5.471506630534868,366.0,398.0,376.5,383.0,388.0
infant7,7722,374.04,5.473349159372912,2.9554515522253144,0.0,2.015642204155056,366.0,386.0,370.0,373.0,380.0
infant7,7723,371.56,3.620576118323081,2.5714285714285716,0.0,2.8667871793124107,366.0,380.0,370.0,370.0,373.5
infant7,7724,367.76,3.1204395294802394,2.3733211036908783,0.0,15.748148854353804,362.0,374.0,366.0,368.0,370.0
infant7,7725,374.52,11.312337494604586,2.740475156178697,0.0,11.425433798749875,362.0,398.0,366.0,368.0,383.5
infant7,7726,377.56,9.400738138626158,2.9416086117105715,0.0,13.311729466704277,362.0,398.0,372.0,376.0,383.5
infant7,7727,373.24,9.248408577938681,3.2576440717118227,0.0,6.409274395375783,358.0,396.0,366.0,372.0,376.0
infant7,7728,364.6,14.400963686574618,3.1815796359028696,0.0,17.582341848806056,346.0,396.0,352.5,362.0,373.5
infant7,7729,361.72,12.499861223719442,2.9416086117105715,0.0,34.08430941128277,346.0,400.0,352.0,361.0,367.5
infant7,7730,379.08,13.691707605074583,3.614031611621005,0.0,5.400481188562855,350.0,400.0,366.5,384.0,390.0
infant7,7731,391.08,6.555384140116412,3.865071216705338,0.0,1.3521762847467338,378.0,404.0,386.5,392.0,396.0
infant7,7732,395.76,8.719108735579407,4.526565576501389,0.0,4.826702817612281,378.0,416.0,390.0,396.0,400.0
infant7,7733,399.36,15.050608503530034,5.569596768462265,0.0,1.382770568407236,374.0,430.0,388.0,397.0,411.0
infant7,7734,396.76,15.380294840729,5.329930887479323,0.0,3.2254722978691444,374.0,430.0,384.0,392.0,408.0
infant7,7735,393.84,8.239675048080427,3.979539507766891,0.0,2.8300856831541847,382.0,414.0,388.0,392.0,397.5
infant7,7736,390.76,8.34843257926973,3.510915922127002,0.0,3.9493060137757108,374.0,412.0,386.0,392.0,396.0
infant7,7737,382.64,8.85658984448695,3.245090483314442,0.0,4.978988407858549,368.0,404.0,376.5,381.0,388.0
infant7,7738,374.96,7.92042052068511,7.021831844254004,0.0,3.7226173049327302,352.0,396.0,370.0,374.0,378.0
infant7,7739,371.84,4.896312648414152,7.079720967636495,0.0,3.8551151365086396,352.0,390.0,370.0,372.0,374.0
infant7,7740,380.56,10.30189203941862,3.636549160387959,0.0,5.093660754955349,370.0,402.0,372.0,375.0,388.0
infant7,7741,380.84,12.229706222379763,3.5225222874108435,0.0,17.817712315079472,360.0,402.0,372.0,384.0,391.5
infant7,7742,365.6,10.293647734086754,2.5714285714285716,0.0,18.01926516018918,354.0,392.0,358.5,362.0,371.0
infant7,7743,376.48,21.82887060378376,3.7252585172586565,0.0,46.93736643925596,354.0,418.0,358.5,362.0,397.5
infant7,7744,387.96,14.311348429744525,4.060762972443398,0.0,14.091409459503481,360.0,418.0,378.0,386.0,397.5
infant7,7745,383.64,7.555941033250536,3.1687247161169765,0.0,7.193751545061839,374.0,400.0,378.0,380.0,388.0
infant7,7746,384.04,8.994238518663614,3.356382892705923,0.0,47.483414005401684,372.0,400.0,378.0,380.0,392.0
infant7,7747,383.16,8.466886279223674,3.499271061118826,0.0,6.388447250534391,372.0,400.0,374.5,383.0,389.5
infant7,7748,384.8,5.841442371503106,3.2071349029490928,0.0,0.9634961288926209,374.0,396.0,382.0,386.0,388.0
infant7,7749,388.84,9.3467444949063,4.295227536677974,0.0,7.089386578503375,378.0,426.0,384.0,388.0,390.0
infant7,7750,393.8,9.33940521638923,4.932193286180591,0.0,0.5773844032573597,380.0,426.0,388.0,392.0,396.0
infant7,7751,399.52,9.480893783751378,4.3799170619302545,0.0,4.4751938268018865,388.0,422.0,392.0,396.0,404.0
infant7,7752,394.6,12.624886340163256,4.562491263620375,0.0,7.338249192132354,378.0,422.0,384.0,393.0,401.5
infant7,7753,401.08,21.189947558949278,4.5175395145262565,0.0,58.75031278412283,378.0,442.0,384.0,390.0,419.5
infant7,7754,397.12,24.51208781355827,3.989782869648269,0.0,620.3843068208943,366.0,442.0,376.5,387.0,419.5
infant7,7755,393.52,26.79494317202104,4.729412959213385,0.0,4.5325933513063115,366.0,464.0,376.5,386.0,396.0
infant7,7756,413.84,22.391106106065,5.94532915619566,0.0,38.41153303353984,378.0,464.0,396.5,412.0,422.0
infant7,7757,406.76,15.427989407011438,5.1981158281886435,0.0,1.568401997441752,378.0,452.0,398.5,409.0,416.0
infant7,7758,400.72,18.014778513708105,5.924697529522206,0.0,5.481573910334975,376.0,450.0,388.0,399.0,406.0
infant7,7759,394.36,20.26232051501163,5.678459118386226,0.0,6.1313720192118,372.0,450.0,380.0,389.0,399.5
infant7,7760,384.0,5.855400437691199,3.0904725218262765,0.0,8.622512886268213,372.0,394.0,380.5,384.0,388.0
infant7,7761,384.64,4.754203295988912,2.9554515522253144,0.0,12.553341899682449,374.0,394.0,382.0,386.0,388.0
infant7,7762,391.84,10.292378793286312,3.557114170853924,0.0,8.971819426821561,374.0,412.0,386.0,390.0,402.5
infant7,7763,394.52,10.975371315368063,4.050699108216522,0.0,6.388215499760118,372.0,412.0,388.0,395.0,404.0
infant7,7764,394.04,9.934397057595353,3.6027200608338545,0.0,1.7714331987927683,372.0,408.0,388.5,396.0,402.0
infant7,7765,390.52,9.483046096339834,2.9554515522253144,0.0,34.97305136464096,374.0,406.0,382.0,390.0,399.5
infant7,7766,385.28,5.154906519471502,2.9554515522253144,0.0,1.729029047566884,374.0,400.0,382.0,386.0,388.0
infant7,7767,392.52,6.46257672752778,3.5225222874108435,0.0,3.252043276097198,382.0,410.0,388.0,392.0,398.0
infant7,7768,394.6,6.023762469230862,3.475864303027554,0.0,1.091264562139274,384.0,410.0,388.5,396.0,399.5
infant7,7769,390.96,6.630049096379917,3.0904725218262765,0.0,2.5915155154495753,380.0,400.0,384.0,392.0,396.0
infant7,7770,387.64,10.115173488076096,3.4522988495984492,0.0,11.620941863066552,374.0,412.0,380.0,384.0,395.5
infant7,7771,390.52,11.420068265280795,3.7032803990902057,0.0,11.672948215177023,374.0,412.0,380.0,388.0,400.0
infant7,7772,396.2,7.128557114214085,3.6477558099439156,0.0,4.63709668120215,380.0,408.0,391.0,398.0,402.0
infant7,7773,386.48,12.42485987273671,3.625307868699863,0.0,68.98531828876094,368.0,406.0,374.5,387.0,398.0
infant7,7774,382.8,11.77337015887801,8.566665343179972,0.0,8.637199225060519,358.0,404.0,374.0,380.0,390.0
infant7,7775,383.36,11.879943654095745,8.514093957572195,0.0,60.38940639704731,358.0,404.0,374.0,380.0,393.0
infant7,7776,376.92,7.961232598649277,3.3806170189140663,0.0,2.5238090476659605,366.0,396.0,370.0,374.0,382.0
infant7,7777,382.72,9.113882660143103,3.8861344310672696,0.0,0.9373963104567875,366.0,402.0,380.0,384.0,387.5
infant7,7778,386.92,7.230434542506376,3.9692697112713726,0.0,12.631739494562282,376.0,402.0,382.0,386.0,393.5
infant7,7779,386.8,14.037849710329425,3.989782869648269,0.0,6.669275156032969,362.0,420.0,376.0,385.0,395.5
infant7,7780,369.96,22.729967632432487,3.475864303027554,0.0,49.95192977125806,344.0,420.0,350.5,363.0,390.5
infant7,7781,352.12,4.488716011129622,2.3386722205349857,0.0,25.636902599211794,344.0,364.0,348.0,352.0,356.0
infant7,7782,350.96,5.240968908707703,2.390457218668787,0.0,4.546892640875345,340.0,362.0,346.0,352.0,354.0
infant7,7783,343.0,8.12403840463596,2.2677868380553634,0.0,32.72610693559968,332.0,362.0,336.0,341.0,347.5
infant7,7784,333.4,4.085814184592883,1.958758457257441,0.0,18.17875727936219,326.0,342.0,330.0,334.0,336.0
infant7,7785,338.36,8.923164076876382,2.4743582965269675,0.0,91.047044981437,326.0,352.0,330.0,335.0,348.0
infant7,7786,369.44,29.20173324461745,4.857142857142857,0.0,13.751912461131313,334.0,424.0,348.0,351.0,402.0
infant7,7787,384.52,19.744531663532687,4.932193286180591,0.0,7.529691091367515,346.0,424.0,372.0,380.0,402.0
infant7,7788,374.96,7.376078267768374,3.010186786529354,0.0,1.9681319437644234,364.0,390.0,370.0,374.0,380.0
infant7,7789,384.64,13.488861618205666,3.6811710647786073,0.0,9.557470744783481,364.0,408.0,370.5,386.0,396.0
infant7,7790,393.2,7.395530917454163,3.7252585172586565,0.0,3.1767037137097462,380.0,408.0,386.0,395.0,399.5
infant7,7791,385.0,7.879189847507244,3.3073819722257785,0.0,4.551708516071672,374.0,404.0,380.0,384.0,387.5
infant7,7792,384.12,5.4272178763664,3.0639443699324596,0.0,16.71731259286047,374.0,394.0,380.0,384.0,388.0
infant7,7793,389.4,5.146823867043377,3.4166459266003995,0.0,3.1641516513441235,378.0,402.0,386.0,388.0,392.0
infant7,7794,381.56,11.823808564908003,3.5456210417116734,0.0,79.4169003065812,360.0,402.0,374.0,383.0,390.0
infant7,7795,387.24,19.31855405076283,3.8332593899996397,0.0,4.068791391383034,360.0,422.0,374.0,384.0,403.5
infant7,7796,401.28,11.799411953524617,4.544563920167676,0.0,11.1051804310139,380.0,422.0,394.0,402.0,411.5
infant7,7797,401.6,11.682884743006213,4.65985898008574,0.0,2.8099050849752087,384.0,434.0,394.0,400.0,404.0
infant7,7798,398.96,16.96690656446681,4.898979485566356,0.0,19.120015675930144,374.0,434.0,388.0,396.0,411.0
infant7,7799,394.2,16.841397004441895,4.923910839889739,0.0,5.0077306040504395,368.0,426.0,378.0,396.0,406.0
infant7,7800,399.28,21.157369536742646,4.4077853201547175,0.0,68.58151549603349,368.0,434.0,380.0,401.0,415.5
